insert into APPLICATION_USER (id, created_at, updated_at, user_name, password, role, is_enabled)
values ('0f3d6661-844c-41ac-845e-7c42729cf0d4', '10/27/2019', null, 'hayder',
        '{bcrypt}$2y$10$YNSuWB6gOWq3CUvum88ks.CFn1NSxfDP4C0SKzfPx0y3rw2I793By', 'ADMIN', true);
insert into APPLICATION_USER (id, created_at, updated_at, user_name, password, role, is_enabled)
values ('fc6582c7-d70a-47a4-b5c1-a60eb056afda', '7/10/2019', null, 'nassar',
        '{bcrypt}$2y$10$kZm02MckhHDJB2l8xfNO0OaxmHhPsw905LJIup7dmlL.5R0yH/on2', 'EMPLOYEE', true);
insert into APPLICATION_USER (id, created_at, updated_at, user_name, password, role, is_enabled)
values ('459dd3d2-4d4a-4082-b06b-ea8c195bbddb', '1/15/2020', null, 'baraq',
        '{bcrypt}$2y$10$tHeAt2L/VAFLVBCzkQJqFuzxUxNcmd5bUwprvOH7wFPriEI6GMsxG', 'EMPLOYEE', true);
insert into APPLICATION_USER (id, created_at, updated_at, user_name, password, role, is_enabled)
values ('f99ce99d-fe3f-4652-995e-35485ffae314', '5/2/2019', '5/12/2019', 'qamar',
        '{bcrypt}$2y$10$PBvLMF0TRV19MKmOrbE3AOs4o0eIEWrcGbYUkhRhBTcZJsVrvaBeG', 'EMPLOYEE', true);
insert into APPLICATION_USER (id, created_at, updated_at, user_name, password, role, is_enabled)
values ('a0b11202-0d42-40bb-9465-3e383cf61b93', '9/26/2019', '4/23/2019', 'ahmed',
        '{bcrypt}$2y$10$zyCFTnQPlzKlwyzYFeAs6uzDhIBk1bl6Lm7p5cj0Y4P1q.Ov/gBY6', 'ADMIN', true);
insert into APPLICATION_USER (id, created_at, updated_at, user_name, password, role, is_enabled)
values ('04531d9c-29ef-4d42-9984-e337abec5d71', '10/22/2019', null, 'ckubelka0',
        '{bcrypt}$2y$10$MlDjc.GxkSoLOR2gBGYwF.PipEIgtwy9623fZ4b8EqbT4B8xX4UqS', 'CUSTOMER', true);
insert into APPLICATION_USER (id, created_at, updated_at, user_name, password, role, is_enabled)
values ('d71183cb-ab57-47f9-b01e-a0ccccf414af', '8/3/2019', '11/25/2019', 'jglozman1',
        '{bcrypt}$2y$10$M1AGhX1ZYHXoFBH2Y/Xdqu6b4kKAX5MMBGdYixAiHnTYoRhsZyWLG', 'CUSTOMER', true);
insert into APPLICATION_USER (id, created_at, updated_at, user_name, password, role, is_enabled)
values ('23c1a29e-1217-4195-a1bd-3ea5d190b244', '11/21/2019', null, 'ytustin2',
        '{bcrypt}$2y$10$PpKckF83wlJw0ttmY05CZOmCgwsj61TNl/C1XFCeow4RJJhivnpoG', 'CUSTOMER', true);
insert into APPLICATION_USER (id, created_at, updated_at, user_name, password, role, is_enabled)
values ('415bf92c-019f-4f18-998a-4cd55da7d738', '7/7/2019', null, 'kstannus3',
        '{bcrypt}$2y$10$fJw5KHD0tBl/Wn4rOPqjOuZIRW8QRSC/U9im/SrYcvgpW8LHBJ6Jm', 'CUSTOMER', true);

insert into CATEGORY (id, created_at, updated_at, name, pic_location)
values ('6fd40977-a429-4959-8497-36b93d19769c', '2019-05-22', '2019-11-17', 'الطاولات', 'https://3d-products-images.s3.me-south-1.amazonaws.com/categories/table.jpg');
insert into CATEGORY (id, created_at, updated_at, name, pic_location)
values ('6d176685-2c6a-489d-9988-684a22903244', '2019-05-19', '2019-07-19', 'حقائب', 'https://3d-products-images.s3.me-south-1.amazonaws.com/categories/bag.jpg');
insert into CATEGORY (id, created_at, updated_at, name, pic_location)
values ('ac7c189a-a9d7-4f37-8f55-fee44f108355', '2019-06-18', '2020-01-10', 'حاسبات', 'https://3d-products-images.s3.me-south-1.amazonaws.com/categories/computer.jpg');
insert into CATEGORY (id, created_at, updated_at, name, pic_location)
values ('814642d2-7dcc-4279-91b7-70e368127a78', '2020-02-09', '2019-06-29', 'سماعات', 'https://3d-products-images.s3.me-south-1.amazonaws.com/categories/headphone.jpg');
insert into CATEGORY (id, created_at, updated_at, name, pic_location)
values ('c6478c53-1835-4a25-badc-6b45e490876c', '2019-11-23', '2019-10-31', 'بروسيسرات', 'https://3d-products-images.s3.me-south-1.amazonaws.com/categories/ryzen.jpg');
insert into CATEGORY (id, created_at, updated_at, name, pic_location)
values ('ac7c189a-a9d7-4f37-8f55-fee44f108311', '2019-06-18', '2020-01-10', 'الماوسات', 'https://3d-products-images.s3.me-south-1.amazonaws.com/categories/mouse.jpg');
insert into CATEGORY (id, created_at, updated_at, name, pic_location)
values ('814642d2-7dcc-4279-91b7-70e368127a22', '2020-02-09', '2019-06-29', 'الشاشات', 'https://3d-products-images.s3.me-south-1.amazonaws.com/categories/monitor.jpg');
insert into CATEGORY (id, created_at, updated_at, name, pic_location)
values ('c6478c53-1835-4a25-badc-6b45e4908799', '2019-11-23', '2019-10-31', 'الادبرات', 'https://3d-products-images.s3.me-south-1.amazonaws.com/categories/cable.jpg');


insert into PRODUCT (id, name, created_at, updated_at, category_id, pic_location, price, quantity, sale, recommended, description) values ('680e972a-52d6-45a1-a549-1bfc02d34510', 'Nut - Peanut, Roasted', '2019-03-07', '2019-09-06', '814642d2-7dcc-4279-91b7-70e368127a78', 'http://dummyimage.com/250x250.bmp/ff4444/ffffff', '1044.06', 121, false, true, 'Other fracture of right femur, sequela');
insert into PRODUCT (id, name, created_at, updated_at, category_id, pic_location, price, quantity, sale, recommended, description) values ('466d8c1c-6998-41b8-949b-a18e191b532c', 'Bacardi Raspberry', '2019-05-12', '2019-09-25', '6fd40977-a429-4959-8497-36b93d19769c', 'http://dummyimage.com/250x250.bmp/dddddd/000000', '754.01', 52, false, false, 'Toxic effect of contact with unspecified venomous animal, intentional self-harm, sequela');
insert into PRODUCT (id, name, created_at, updated_at, category_id, pic_location, price, quantity, sale, recommended, description) values ('aba41a53-f6ee-4e9e-98ee-155c18e0103b', 'Macaroons - Homestyle Two Bit', '2019-11-24', null, '814642d2-7dcc-4279-91b7-70e368127a78', 'http://dummyimage.com/250x250.jpg/dddddd/000000', '262.95', 60, true, false, 'Unspecified fracture of left pubis, initial encounter for closed fracture');
insert into PRODUCT (id, name, created_at, updated_at, category_id, pic_location, price, quantity, sale, recommended, description) values ('67d673e0-87b0-46b1-a778-ead119fc6f3b', 'Yucca', '2019-08-10', '2019-12-18', 'ac7c189a-a9d7-4f37-8f55-fee44f108355', 'http://dummyimage.com/250x250.png/5fa2dd/ffffff', '1626.31', 42, true, false, 'Superficial frostbite of left foot, sequela');
insert into PRODUCT (id, name, created_at, updated_at, category_id, pic_location, price, quantity, sale, recommended, description) values ('6cdf972b-e803-41b6-8357-aaeab6a79ee4', 'Filling - Mince Meat', '2019-12-29', null, '6d176685-2c6a-489d-9988-684a22903244', 'http://dummyimage.com/250x250.bmp/ff4444/ffffff', '1313.72', 182, true, true, 'Legal intervention involving other specified means, law enforcement official injured, initial encounter');
insert into PRODUCT (id, name, created_at, updated_at, category_id, pic_location, price, quantity, sale, recommended, description) values ('345abd46-5a16-4644-82ca-8dbdfc431cff', 'Clams - Bay', '2020-01-20', '2019-08-17', '814642d2-7dcc-4279-91b7-70e368127a78', 'http://dummyimage.com/250x250.bmp/5fa2dd/ffffff', '1613.92', 17, true, true, 'Other specified disorders of synovium and tendon, unspecified shoulder');
insert into PRODUCT (id, name, created_at, updated_at, category_id, pic_location, price, quantity, sale, recommended, description) values ('79f64e8b-fb73-496a-a3ac-58b0b5b37218', 'Containter - 3oz Microwave Rect.', '2019-09-11', '2019-11-29', '814642d2-7dcc-4279-91b7-70e368127a78', 'http://dummyimage.com/250x250.jpg/5fa2dd/ffffff', '673.13', 50, false, true, 'Other incomplete lesion at T7-T10 level of thoracic spinal cord');
insert into PRODUCT (id, name, created_at, updated_at, category_id, pic_location, price, quantity, sale, recommended, description) values ('c652126e-8ab6-40c2-80be-36355ee96c3c', 'Ecolab - Hobart Washarm End Cap', '2019-12-10', null, '6d176685-2c6a-489d-9988-684a22903244', 'http://dummyimage.com/250x250.bmp/5fa2dd/ffffff', '1744.08', 92, true, false, 'Unspecified open wound, unspecified knee');
insert into PRODUCT (id, name, created_at, updated_at, category_id, pic_location, price, quantity, sale, recommended, description) values ('ec9ddcf6-cbbd-4a67-8807-57070d91f4d0', 'Mushroom - Porcini, Dry', '2020-02-06', '2019-04-12', 'c6478c53-1835-4a25-badc-6b45e490876c', 'http://dummyimage.com/250x250.bmp/ff4444/ffffff', '946.68', 187, false, true, 'Displaced fracture of distal phalanx of unspecified great toe, initial encounter for closed fracture');
insert into PRODUCT (id, name, created_at, updated_at, category_id, pic_location, price, quantity, sale, recommended, description) values ('5b601b8f-e029-4026-8b9a-01db5025f82a', 'Extract - Vanilla,artificial', '2019-12-16', null, '6d176685-2c6a-489d-9988-684a22903244', 'http://dummyimage.com/250x250.bmp/dddddd/000000', '1143.63', 66, true, false, 'Unspecified intracranial injury with loss of consciousness of any duration with death due to other cause prior to regaining consciousness, subsequent encounter');
insert into PRODUCT (id, name, created_at, updated_at, category_id, pic_location, price, quantity, sale, recommended, description) values ('504f5dd0-516d-4171-91d7-3391d2a28201', 'Veal - Knuckle', '2019-07-09', null, '814642d2-7dcc-4279-91b7-70e368127a78', 'http://dummyimage.com/250x250.bmp/ff4444/ffffff', '484.81', 156, false, true, 'Nondisplaced Zone I fracture of sacrum, subsequent encounter for fracture with delayed healing');
insert into PRODUCT (id, name, created_at, updated_at, category_id, pic_location, price, quantity, sale, recommended, description) values ('c8da33ab-84b5-4727-ab73-2e091c165440', 'Lid - 10,12,16 Oz', '2019-09-29', '2019-04-08', '6d176685-2c6a-489d-9988-684a22903244', 'http://dummyimage.com/250x250.jpg/5fa2dd/ffffff', '695.38', 2, false, false, 'Sprain of metacarpophalangeal joint of right little finger');
insert into PRODUCT (id, name, created_at, updated_at, category_id, pic_location, price, quantity, sale, recommended, description) values ('743ac9ff-feff-4caa-8966-96245223f89e', 'Food Colouring - Red', '2019-05-21', '2019-12-10', '814642d2-7dcc-4279-91b7-70e368127a78', 'http://dummyimage.com/250x250.jpg/5fa2dd/ffffff', '580.94', 172, true, false, 'Other specified rheumatoid arthritis, left ankle and foot');
insert into PRODUCT (id, name, created_at, updated_at, category_id, pic_location, price, quantity, sale, recommended, description) values ('553cec51-f747-4370-932e-7aa0dba3bd77', 'Beer - Muskoka Cream Ale', '2019-09-22', '2019-06-27', 'ac7c189a-a9d7-4f37-8f55-fee44f108355', 'http://dummyimage.com/250x250.jpg/5fa2dd/ffffff', '859.50', 195, true, false, 'Other dislocation of left foot, initial encounter');
insert into PRODUCT (id, name, created_at, updated_at, category_id, pic_location, price, quantity, sale, recommended, description) values ('50768c8b-6e13-497f-9f32-24e292412b77', 'Napkin White - Starched', '2019-05-16', '2019-05-24', '6fd40977-a429-4959-8497-36b93d19769c', 'http://dummyimage.com/250x250.bmp/cc0000/ffffff', '1813.89', 11, false, false, 'Toxic effect of unspecified alcohol, intentional self-harm, sequela');
insert into PRODUCT (id, name, created_at, updated_at, category_id, pic_location, price, quantity, sale, recommended, description) values ('2d2e5908-4106-4ee0-874b-321c8d5b05ff', 'Chevril', '2019-10-06', '2019-10-26', 'ac7c189a-a9d7-4f37-8f55-fee44f108355', 'http://dummyimage.com/250x250.jpg/dddddd/000000', '839.93', 189, true, true, 'Rheumatoid myopathy with rheumatoid arthritis of right ankle and foot');
insert into PRODUCT (id, name, created_at, updated_at, category_id, pic_location, price, quantity, sale, recommended, description) values ('6ec98352-1036-4216-8f28-ff5143886c01', 'Beans - Green', '2019-12-29', '2019-08-04', '814642d2-7dcc-4279-91b7-70e368127a78', 'http://dummyimage.com/250x250.jpg/ff4444/ffffff', '1946.49', 50, true, false, 'Cervicalgia');
insert into PRODUCT (id, name, created_at, updated_at, category_id, pic_location, price, quantity, sale, recommended, description) values ('abbe3cea-5a36-441b-bee3-3e4ba8087c4d', 'Pasta - Penne, Rigate, Dry', '2019-10-29', '2019-08-08', '6fd40977-a429-4959-8497-36b93d19769c', 'http://dummyimage.com/250x250.png/5fa2dd/ffffff', '872.36', 25, true, true, 'Trimethylaminuria');
insert into PRODUCT (id, name, created_at, updated_at, category_id, pic_location, price, quantity, sale, recommended, description) values ('9cc5ce05-28c0-4c7c-948e-23cebd376054', 'Longos - Grilled Chicken With', '2019-09-21', '2019-09-04', '6d176685-2c6a-489d-9988-684a22903244', 'http://dummyimage.com/250x250.jpg/cc0000/ffffff', '323.30', 180, true, true, 'Displaced transverse fracture of right patella');
insert into PRODUCT (id, name, created_at, updated_at, category_id, pic_location, price, quantity, sale, recommended, description) values ('9c26254b-f6f0-429a-a1c1-2552422ff410', 'Soup Bowl Clear 8oz92008', '2019-07-21', '2019-09-09', '814642d2-7dcc-4279-91b7-70e368127a78', 'http://dummyimage.com/250x250.png/5fa2dd/ffffff', '1770.40', 171, false, false, 'Helicopter collision injuring occupant');
insert into PRODUCT (id, name, created_at, updated_at, category_id, pic_location, price, quantity, sale, recommended, description) values ('0c099af0-99cb-4a55-9eab-1d80372f1953', 'Beer - Heinekin', '2019-12-03', '2019-08-04', 'ac7c189a-a9d7-4f37-8f55-fee44f108355', 'http://dummyimage.com/250x250.bmp/dddddd/000000', '114.16', 168, false, true, 'Diabetes mellitus due to underlying condition with neurological complications');
insert into PRODUCT (id, name, created_at, updated_at, category_id, pic_location, price, quantity, sale, recommended, description) values ('bf4122b2-f5cb-416a-b6ab-90b66f065e38', 'Table Cloth 90x90 Colour', '2019-06-02', null, 'ac7c189a-a9d7-4f37-8f55-fee44f108355', 'http://dummyimage.com/250x250.jpg/5fa2dd/ffffff', '1061.46', 182, false, true, 'Displaced pilon fracture of left tibia, subsequent encounter for open fracture type IIIA, IIIB, or IIIC with routine healing');
insert into PRODUCT (id, name, created_at, updated_at, category_id, pic_location, price, quantity, sale, recommended, description) values ('eb5ec3f0-d40f-4642-9f7d-933566e87e0a', 'Dip - Tapenade', '2019-09-07', '2019-11-13', 'ac7c189a-a9d7-4f37-8f55-fee44f108355', 'http://dummyimage.com/250x250.png/ff4444/ffffff', '125.23', 200, true, false, 'Toxic effect of tin and its compounds, undetermined');
insert into PRODUCT (id, name, created_at, updated_at, category_id, pic_location, price, quantity, sale, recommended, description) values ('f6e483dc-c986-40d5-a160-6e204a7e0887', 'Lettuce - Baby Salad Greens', '2019-08-26', '2019-02-25', '6fd40977-a429-4959-8497-36b93d19769c', 'http://dummyimage.com/250x250.png/5fa2dd/ffffff', '1636.58', 110, false, false, 'Carcinoma in situ of rectum');
insert into PRODUCT (id, name, created_at, updated_at, category_id, pic_location, price, quantity, sale, recommended, description) values ('45d4a21f-1893-4a53-abfe-b83d6c91480f', 'Salmon - Atlantic, Fresh, Whole', '2019-05-01', '2019-06-16', 'ac7c189a-a9d7-4f37-8f55-fee44f108355', 'http://dummyimage.com/250x250.png/5fa2dd/ffffff', '649.33', 77, false, false, 'Unspecified open wound of abdominal wall, right lower quadrant without penetration into peritoneal cavity, subsequent encounter');
insert into PRODUCT (id, name, created_at, updated_at, category_id, pic_location, price, quantity, sale, recommended, description) values ('c6115ca0-8785-4570-9888-3fd0062f0baf', 'Bar Special K', '2019-11-09', '2019-02-16', '6d176685-2c6a-489d-9988-684a22903244', 'http://dummyimage.com/250x250.png/5fa2dd/ffffff', '101.38', 107, false, false, 'Nondisplaced fracture of body of left talus, initial encounter for closed fracture');
insert into PRODUCT (id, name, created_at, updated_at, category_id, pic_location, price, quantity, sale, recommended, description) values ('ad50638f-2578-4c3e-91b3-ef283f3fc519', 'Kumquat', '2019-04-04', '2019-08-05', '6fd40977-a429-4959-8497-36b93d19769c', 'http://dummyimage.com/250x250.png/cc0000/ffffff', '213.19', 128, true, false, 'Toxic effect of chlorine gas');
insert into PRODUCT (id, name, created_at, updated_at, category_id, pic_location, price, quantity, sale, recommended, description) values ('5767743d-a0e4-4cd6-9ff3-ad5275894267', 'Chinese Foods - Thick Noodles', '2019-06-08', null, '6d176685-2c6a-489d-9988-684a22903244', 'http://dummyimage.com/250x250.bmp/dddddd/000000', '1640.96', 93, true, true, 'Fracture of unspecified shoulder girdle, part unspecified, subsequent encounter for fracture with routine healing');
insert into PRODUCT (id, name, created_at, updated_at, category_id, pic_location, price, quantity, sale, recommended, description) values ('3cbafb2a-17a0-4d1f-90a5-96d942dce9e9', 'Vodka - Lemon, Absolut', '2020-01-12', '2019-09-07', 'c6478c53-1835-4a25-badc-6b45e490876c', 'http://dummyimage.com/250x250.jpg/dddddd/000000', '1920.95', 96, false, true, 'Inferior subluxation of right humerus, initial encounter');
insert into PRODUCT (id, name, created_at, updated_at, category_id, pic_location, price, quantity, sale, recommended, description) values ('af1de8c4-df77-4590-81fd-419a160d96a6', 'Beef - Bresaola', '2019-09-20', '2019-03-30', 'ac7c189a-a9d7-4f37-8f55-fee44f108355', 'http://dummyimage.com/250x250.bmp/ff4444/ffffff', '242.27', 158, true, true, 'Other secondary osteonecrosis of unspecified ulna');
insert into PRODUCT (id, name, created_at, updated_at, category_id, pic_location, price, quantity, sale, recommended, description) values ('ef463fa5-173c-4ac3-b3fb-022fe08c23fb', 'Muffin Hinge - 211n', '2019-06-07', '2019-10-19', '814642d2-7dcc-4279-91b7-70e368127a78', 'http://dummyimage.com/250x250.png/cc0000/ffffff', '1734.39', 126, false, false, 'Unspecified fracture of right ischium, subsequent encounter for fracture with nonunion');
insert into PRODUCT (id, name, created_at, updated_at, category_id, pic_location, price, quantity, sale, recommended, description) values ('7b228ea0-6866-482e-bca5-6125b918fe94', 'Orange - Canned, Mandarin', '2019-07-25', '2019-11-12', '6fd40977-a429-4959-8497-36b93d19769c', 'http://dummyimage.com/250x250.bmp/5fa2dd/ffffff', '85.94', 63, true, false, 'Insect bite (nonvenomous) of unspecified hand, initial encounter');
insert into PRODUCT (id, name, created_at, updated_at, category_id, pic_location, price, quantity, sale, recommended, description) values ('6d607650-9344-4283-80f4-468f303a2b32', 'Wine - Two Oceans Sauvignon', '2019-05-14', null, 'ac7c189a-a9d7-4f37-8f55-fee44f108355', 'http://dummyimage.com/250x250.png/dddddd/000000', '385.62', 197, true, true, 'Contusion of ovary, bilateral, initial encounter');
insert into PRODUCT (id, name, created_at, updated_at, category_id, pic_location, price, quantity, sale, recommended, description) values ('ac5b63f4-660f-4669-89a5-e388ce1dd46d', 'Mushroom - Chanterelle, Dry', '2019-07-14', '2019-11-11', 'c6478c53-1835-4a25-badc-6b45e490876c', 'http://dummyimage.com/250x250.jpg/5fa2dd/ffffff', '1367.03', 139, true, false, 'Burn of second degree of shoulder and upper limb, except wrist and hand, unspecified site');
insert into PRODUCT (id, name, created_at, updated_at, category_id, pic_location, price, quantity, sale, recommended, description) values ('cafa63c5-d994-4441-ad21-888b9993ba05', 'Pastry - Baked Cinnamon Stick', '2019-03-28', '2019-04-14', 'ac7c189a-a9d7-4f37-8f55-fee44f108355', 'http://dummyimage.com/250x250.jpg/5fa2dd/ffffff', '57.59', 73, true, false, 'Rheumatoid arthritis of left hand with involvement of other organs and systems');
insert into PRODUCT (id, name, created_at, updated_at, category_id, pic_location, price, quantity, sale, recommended, description) values ('bf22ef1b-b38c-4c9b-b616-b8b87dca0dcd', 'Wine - Red, Cabernet Sauvignon', '2019-04-16', '2019-12-11', 'c6478c53-1835-4a25-badc-6b45e490876c', 'http://dummyimage.com/250x250.png/ff4444/ffffff', '1054.52', 72, true, false, 'Traumatic rupture of unspecified ligament of right little finger at metacarpophalangeal and interphalangeal joint, initial encounter');
insert into PRODUCT (id, name, created_at, updated_at, category_id, pic_location, price, quantity, sale, recommended, description) values ('a22cfd36-9bfe-4341-92c0-40b24a3c3358', 'Apricots - Halves', '2019-12-14', null, 'c6478c53-1835-4a25-badc-6b45e490876c', 'http://dummyimage.com/250x250.jpg/ff4444/ffffff', '497.71', 5, false, false, 'Driver of heavy transport vehicle injured in collision with other nonmotor vehicle in traffic accident, sequela');
insert into PRODUCT (id, name, created_at, updated_at, category_id, pic_location, price, quantity, sale, recommended, description) values ('31ebd33a-fc57-4a90-8b75-5449a60cb51f', 'Milk - Homo', '2019-02-25', '2020-01-27', 'c6478c53-1835-4a25-badc-6b45e490876c', 'http://dummyimage.com/250x250.bmp/dddddd/000000', '1347.99', 61, false, false, 'Nocturnal enuresis');
insert into PRODUCT (id, name, created_at, updated_at, category_id, pic_location, price, quantity, sale, recommended, description) values ('88f98b2a-8cfd-4ebb-9ba0-58e8f0a2a956', 'Nori Sea Weed', '2019-08-11', '2019-10-12', '6d176685-2c6a-489d-9988-684a22903244', 'http://dummyimage.com/250x250.png/cc0000/ffffff', '1553.22', 50, false, false, 'Other specified injury of left renal artery, sequela');
insert into PRODUCT (id, name, created_at, updated_at, category_id, pic_location, price, quantity, sale, recommended, description) values ('2760ccc3-ffc8-4be5-ae1d-31557883cf1c', 'Cumin - Ground', '2019-08-15', '2019-06-04', '6fd40977-a429-4959-8497-36b93d19769c', 'http://dummyimage.com/250x250.jpg/dddddd/000000', '283.73', 176, true, true, 'Acute serous otitis media, recurrent, unspecified ear');
insert into PRODUCT (id, name, created_at, updated_at, category_id, pic_location, price, quantity, sale, recommended, description) values ('01926465-a273-4881-9f2f-279e1ed0a591', 'Bread - Italian Roll With Herbs', '2020-02-07', '2019-08-16', 'c6478c53-1835-4a25-badc-6b45e490876c', 'http://dummyimage.com/250x250.bmp/dddddd/000000', '1466.45', 46, false, false, 'Benign lipomatous neoplasm of skin and subcutaneous tissue of right leg');
insert into PRODUCT (id, name, created_at, updated_at, category_id, pic_location, price, quantity, sale, recommended, description) values ('aef2df06-81f9-4cbf-bb5e-b8cb043274b2', 'Mustard - Dijon', '2019-08-14', null, '814642d2-7dcc-4279-91b7-70e368127a78', 'http://dummyimage.com/250x250.bmp/5fa2dd/ffffff', '1754.46', 55, false, false, 'Contusion of left elbow, subsequent encounter');
insert into PRODUCT (id, name, created_at, updated_at, category_id, pic_location, price, quantity, sale, recommended, description) values ('4097e7e5-a27b-4b2a-b1a7-81cfe3efd755', 'Pastry - Apple Large', '2019-04-07', '2019-03-02', '814642d2-7dcc-4279-91b7-70e368127a78', 'http://dummyimage.com/250x250.bmp/dddddd/000000', '1733.54', 29, true, false, 'Unspecified subluxation of left index finger, sequela');
insert into PRODUCT (id, name, created_at, updated_at, category_id, pic_location, price, quantity, sale, recommended, description) values ('1f1d1d00-cab0-4481-964d-4ee853cceab7', 'Grenadillo', '2019-08-21', null, 'c6478c53-1835-4a25-badc-6b45e490876c', 'http://dummyimage.com/250x250.jpg/cc0000/ffffff', '698.03', 120, true, false, 'Low weight gain in pregnancy, first trimester');
insert into PRODUCT (id, name, created_at, updated_at, category_id, pic_location, price, quantity, sale, recommended, description) values ('104dc36d-de98-49ef-b838-ef8db24db959', 'Ginger - Ground', '2020-01-01', '2019-07-12', '6d176685-2c6a-489d-9988-684a22903244', 'http://dummyimage.com/250x250.bmp/5fa2dd/ffffff', '1614.49', 75, false, false, 'Infection and inflammatory reaction due to other internal joint prosthesis, initial encounter');
insert into PRODUCT (id, name, created_at, updated_at, category_id, pic_location, price, quantity, sale, recommended, description) values ('56077e6f-7fcf-4de1-854c-bb56bfcca47a', 'Cake Sheet Combo Party Pack', '2019-06-26', null, 'ac7c189a-a9d7-4f37-8f55-fee44f108355', 'http://dummyimage.com/250x250.jpg/cc0000/ffffff', '932.44', 172, true, false, 'Splitting of urinary stream');
insert into PRODUCT (id, name, created_at, updated_at, category_id, pic_location, price, quantity, sale, recommended, description) values ('cd03bb82-5dbc-48e6-aa1b-e1c4484aa893', 'Creme De Cacao Mcguines', '2019-04-02', '2019-04-14', '6d176685-2c6a-489d-9988-684a22903244', 'http://dummyimage.com/250x250.bmp/cc0000/ffffff', '402.24', 119, true, false, 'Supervision of pregnancy with history of in utero procedure during previous pregnancy, unspecified trimester');
insert into PRODUCT (id, name, created_at, updated_at, category_id, pic_location, price, quantity, sale, recommended, description) values ('62f92ce7-61bd-42fe-a80a-0ff6e0233edf', 'Catfish - Fillets', '2019-07-16', '2019-04-04', 'c6478c53-1835-4a25-badc-6b45e490876c', 'http://dummyimage.com/250x250.bmp/dddddd/000000', '1624.27', 138, true, false, 'War operation involving nuclear radiation effects of nuclear weapon, civilian, sequela');
insert into PRODUCT (id, name, created_at, updated_at, category_id, pic_location, price, quantity, sale, recommended, description) values ('6bede381-f238-4213-9725-adc504d4ae93', 'Island Oasis - Banana Daiquiri', '2019-07-23', '2019-06-01', '6fd40977-a429-4959-8497-36b93d19769c', 'http://dummyimage.com/250x250.png/ff4444/ffffff', '302.02', 69, false, false, 'Rheumatoid vasculitis with rheumatoid arthritis of unspecified shoulder');
insert into PRODUCT (id, name, created_at, updated_at, category_id, pic_location, price, quantity, sale, recommended, description) values ('eb8a8a60-25d2-4889-af03-ba4646121d1a', 'Lumpfish Black', '2020-01-27', null, 'c6478c53-1835-4a25-badc-6b45e490876c', 'http://dummyimage.com/250x250.png/ff4444/ffffff', '1572.78', 36, true, false, 'Coma scale, eyes open, never, 24 hours or more after hospital admission');