insert into APPLICATION_USER (id, created_at, updated_at, user_name, password, role, is_enabled)
values ('0f3d6661-844c-41ac-845e-7c42729cf0d4', '10/27/2019', null, 'hayder',
        '{bcrypt}$2y$10$YNSuWB6gOWq3CUvum88ks.CFn1NSxfDP4C0SKzfPx0y3rw2I793By', 'ADMIN', true);
insert into APPLICATION_USER (id, created_at, updated_at, user_name, password, role, is_enabled)
values ('fc6582c7-d70a-47a4-b5c1-a60eb056afda', '7/10/2019', null, 'nassar',
        '{bcrypt}$2y$10$kZm02MckhHDJB2l8xfNO0OaxmHhPsw905LJIup7dmlL.5R0yH/on2', 'EMPLOYEE', true);
insert into APPLICATION_USER (id, created_at, updated_at, user_name, password, role, is_enabled)
values ('459dd3d2-4d4a-4082-b06b-ea8c195bbddb', '1/15/2020', null, 'baraq',
        '{bcrypt}$2y$10$tHeAt2L/VAFLVBCzkQJqFuzxUxNcmd5bUwprvOH7wFPriEI6GMsxG', 'EMPLOYEE', true);
insert into APPLICATION_USER (id, created_at, updated_at, user_name, password, role, is_enabled)
values ('f99ce99d-fe3f-4652-995e-35485ffae314', '5/2/2019', '5/12/2019', 'qamar',
        '{bcrypt}$2y$10$PBvLMF0TRV19MKmOrbE3AOs4o0eIEWrcGbYUkhRhBTcZJsVrvaBeG', 'EMPLOYEE', true);
insert into APPLICATION_USER (id, created_at, updated_at, user_name, password, role, is_enabled)
values ('a0b11202-0d42-40bb-9465-3e383cf61b93', '9/26/2019', '4/23/2019', 'ahmed',
        '{bcrypt}$2y$10$zyCFTnQPlzKlwyzYFeAs6uzDhIBk1bl6Lm7p5cj0Y4P1q.Ov/gBY6', 'ADMIN', true);
insert into APPLICATION_USER (id, created_at, updated_at, user_name, password, role, is_enabled)
values ('04531d9c-29ef-4d42-9984-e337abec5d71', '10/22/2019', null, 'ckubelka0',
        '{bcrypt}$2y$10$MlDjc.GxkSoLOR2gBGYwF.PipEIgtwy9623fZ4b8EqbT4B8xX4UqS', 'CUSTOMER', true);
insert into APPLICATION_USER (id, created_at, updated_at, user_name, password, role, is_enabled)
values ('d71183cb-ab57-47f9-b01e-a0ccccf414af', '8/3/2019', '11/25/2019', 'jglozman1',
        '{bcrypt}$2y$10$M1AGhX1ZYHXoFBH2Y/Xdqu6b4kKAX5MMBGdYixAiHnTYoRhsZyWLG', 'CUSTOMER', true);
insert into APPLICATION_USER (id, created_at, updated_at, user_name, password, role, is_enabled)
values ('23c1a29e-1217-4195-a1bd-3ea5d190b244', '11/21/2019', null, 'ytustin2',
        '{bcrypt}$2y$10$PpKckF83wlJw0ttmY05CZOmCgwsj61TNl/C1XFCeow4RJJhivnpoG', 'CUSTOMER', true);
insert into APPLICATION_USER (id, created_at, updated_at, user_name, password, role, is_enabled)
values ('415bf92c-019f-4f18-998a-4cd55da7d738', '7/7/2019', null, 'kstannus3',
        '{bcrypt}$2y$10$fJw5KHD0tBl/Wn4rOPqjOuZIRW8QRSC/U9im/SrYcvgpW8LHBJ6Jm', 'CUSTOMER', true);

insert into CATEGORY (id, created_at, updated_at, name, pic_location) values ('724d36da-fc24-4940-b8c4-566d112c8010', '2019-09-13', '2019-12-10', 'Laptop', 'http://dummyimage.com/250x250.png/ff4444/ffffff');
insert into CATEGORY (id, created_at, updated_at, name, pic_location) values ('6c14a677-337f-4341-8cd3-1fd99e4f8934', '2019-03-23', '2019-11-14', 'PC', 'http://dummyimage.com/250x250.jpg/cc0000/ffffff');
insert into CATEGORY (id, created_at, updated_at, name, pic_location) values ('d6968bd0-96b9-44fe-99f5-276f046097c0', '2019-08-18', '2019-05-02', 'iPhone', 'http://dummyimage.com/250x250.png/cc0000/ffffff');
insert into CATEGORY (id, created_at, updated_at, name, pic_location) values ('429632c7-99ae-4749-9e4b-97fa6a84b568', '2019-12-16', '2020-01-16', 'MacBook', 'http://dummyimage.com/250x250.bmp/5fa2dd/ffffff');
insert into CATEGORY (id, created_at, updated_at, name, pic_location) values ('d1382ac4-3cbc-4c13-b75f-7b5bae8f37de', '2019-06-29', '2019-06-23', 'Headphone', 'http://dummyimage.com/250x250.png/ff4444/ffffff');
insert into CATEGORY (id, created_at, updated_at, name, pic_location) values ('d76d931a-34b4-4ce8-9af4-d8ac7c9a0b23', '2020-02-06', '2019-09-10', 'Laptop2', 'http://dummyimage.com/250x250.png/dddddd/000000');
insert into CATEGORY (id, created_at, updated_at, name, pic_location) values ('08b2affd-4d48-4d4c-bdb8-0775ffe1b579', '2019-06-01', '2020-01-19', 'PC2', 'http://dummyimage.com/250x250.bmp/cc0000/ffffff');
insert into CATEGORY (id, created_at, updated_at, name, pic_location) values ('6c889921-1031-49a0-99df-18ac5808343d', '2019-06-08', '2020-01-05', 'iPhone2', 'http://dummyimage.com/250x250.bmp/5fa2dd/ffffff');
insert into CATEGORY (id, created_at, updated_at, name, pic_location) values ('02b649b8-1881-46c6-8c60-4b71da6ca8d3', '2019-04-16', '2019-03-06', 'MacBook2', 'http://dummyimage.com/250x250.bmp/dddddd/000000');
insert into CATEGORY (id, created_at, updated_at, name, pic_location) values ('05827eed-f06f-4f1a-84c6-c69111045b3c', '2020-02-11', '2019-04-20', 'Headphon3', 'http://dummyimage.com/250x250.jpg/5fa2dd/ffffff');
insert into CATEGORY (id, created_at, updated_at, name, pic_location) values ('ad199a04-e862-4e31-b15c-518f88e43a4c', '2019-08-25', '2019-09-10', 'Laptop3', 'http://dummyimage.com/250x250.bmp/5fa2dd/ffffff');
insert into CATEGORY (id, created_at, updated_at, name, pic_location) values ('546e05f4-d932-4347-8794-6f30a41c3ecf', '2019-04-03', '2019-10-04', 'PC3', 'http://dummyimage.com/250x250.jpg/cc0000/ffffff');
insert into CATEGORY (id, created_at, updated_at, name, pic_location) values ('32b0ab37-2fc3-46d9-ba3c-c7b565fe8f2c', '2019-09-11', '2019-09-19', 'iPhone3', 'http://dummyimage.com/250x250.png/dddddd/000000');
insert into CATEGORY (id, created_at, updated_at, name, pic_location) values ('406515ea-66d6-46da-aa91-028eaa5b6d73', '2019-11-21', '2019-10-03', 'MacBook3', 'http://dummyimage.com/250x250.jpg/ff4444/ffffff');
insert into CATEGORY (id, created_at, updated_at, name, pic_location) values ('11ea20ab-d276-4163-92c8-aabd4874b48b', '2019-07-07', '2019-03-15', 'Headphone3', 'http://dummyimage.com/250x250.jpg/5fa2dd/ffffff');
insert into CATEGORY (id, created_at, updated_at, name, pic_location) values ('aaa8f0af-5078-4ca0-90c5-13f796e02e58', '2019-10-07', '2019-06-25', 'Laptop4', 'http://dummyimage.com/250x250.png/cc0000/ffffff');
insert into CATEGORY (id, created_at, updated_at, name, pic_location) values ('b9e37400-ceec-45fa-b816-88a2483e0ad3', '2019-07-17', '2019-06-10', 'PC4', 'http://dummyimage.com/250x250.png/dddddd/000000');
insert into CATEGORY (id, created_at, updated_at, name, pic_location) values ('aeda6904-c882-48a6-a823-ef22e656d4dc', '2019-11-21', '2020-01-17', 'iPhone4', 'http://dummyimage.com/250x250.bmp/5fa2dd/ffffff');
insert into CATEGORY (id, created_at, updated_at, name, pic_location) values ('560687bb-c535-444c-b3ef-06f523323567', '2019-06-23', '2019-11-03', 'MacBook4', 'http://dummyimage.com/250x250.png/dddddd/000000');
insert into CATEGORY (id, created_at, updated_at, name, pic_location) values ('593f3bab-57fa-489e-9e8b-26fb85a11208', '2019-10-23', '2019-09-25', 'Headphone4', 'http://dummyimage.com/250x250.jpg/cc0000/ffffff');

insert into PRODUCT (id, name, created_at, updated_at, category_id, pic_location, price, sale, recommended, description, out_of_stock, old_price) values ('fc531109-5ffa-4950-866a-0b68693c85ca', 'OLIVER', '2019-11-24', '2019-06-24', '05827eed-f06f-4f1a-84c6-c69111045b3c', 'http://dummyimage.com/250x250.png/dddddd/000000', '1382.56', true, true, 'Injury of adrenal gland', false, '1378.25');
insert into PRODUCT (id, name, created_at, updated_at, category_id, pic_location, price, sale, recommended, description, out_of_stock, old_price) values ('daa432e4-8c4e-497f-8aa8-f4736cd5a614', 'JACK', '2019-05-20', '2019-10-17', '546e05f4-d932-4347-8794-6f30a41c3ecf', 'http://dummyimage.com/250x250.jpg/dddddd/000000', '1906.55', true, true, 'Strain of unspecified muscles, fascia and tendons at thigh level, unspecified thigh, initial encounter', false, '1367.52');
insert into PRODUCT (id, name, created_at, updated_at, category_id, pic_location, price, sale, recommended, description, out_of_stock, old_price) values ('6dfdd31a-5eb8-4576-b3e1-a433662b1f79', 'HARRY', '2019-10-27', null, 'b9e37400-ceec-45fa-b816-88a2483e0ad3', 'http://dummyimage.com/250x250.bmp/dddddd/000000', '391.19', false, false, 'Other disorders of bilirubin metabolism', false, '2663.17');
insert into PRODUCT (id, name, created_at, updated_at, category_id, pic_location, price, sale, recommended, description, out_of_stock, old_price) values ('8345b6f3-cab6-4b28-ab1b-aabe75a6a569', 'GEORGE', '2019-10-21', null, '02b649b8-1881-46c6-8c60-4b71da6ca8d3', 'http://dummyimage.com/250x250.jpg/dddddd/000000', '364.83', false, false, 'Laceration of other specified muscles, fascia and tendons at thigh level', false, '2239.11');
insert into PRODUCT (id, name, created_at, updated_at, category_id, pic_location, price, sale, recommended, description, out_of_stock, old_price) values ('65887fd3-e743-453a-9531-74fcd450301a', 'JACOB', '2019-02-19', null, '08b2affd-4d48-4d4c-bdb8-0775ffe1b579', 'http://dummyimage.com/250x250.png/5fa2dd/ffffff', '1216.07', false, false, 'Driver of three-wheeled motor vehicle injured in collision with other motor vehicles in nontraffic accident, sequela', false, '2667.62');
insert into PRODUCT (id, name, created_at, updated_at, category_id, pic_location, price, sale, recommended, description, out_of_stock, old_price) values ('c6fd3f2e-487f-4123-9eb6-71d9d3584193', 'CHARLIE', '2020-02-05', '2019-02-28', '724d36da-fc24-4940-b8c4-566d112c8010', 'http://dummyimage.com/250x250.bmp/dddddd/000000', '529.84', true, true, 'Obsessive-compulsive behavior', false, '325.70');
insert into PRODUCT (id, name, created_at, updated_at, category_id, pic_location, price, sale, recommended, description, out_of_stock, old_price) values ('1d3647b2-e615-47a6-967f-ffdb1da9a16e', 'NOAH', '2019-07-01', '2020-01-28', '724d36da-fc24-4940-b8c4-566d112c8010', 'http://dummyimage.com/250x250.png/dddddd/000000', '411.98', false, false, 'Torus fracture of lower end of right femur, subsequent encounter for fracture with routine healing', false, '1396.00');
insert into PRODUCT (id, name, created_at, updated_at, category_id, pic_location, price, sale, recommended, description, out_of_stock, old_price) values ('3ca4d7cc-0dd8-4ff2-9715-5481521134d0', 'WILLIAM', '2019-10-03', null, '406515ea-66d6-46da-aa91-028eaa5b6d73', 'http://dummyimage.com/250x250.png/dddddd/000000', '309.94', false, false, 'Unspecified fracture of upper end of right tibia', true, '1213.22');
insert into PRODUCT (id, name, created_at, updated_at, category_id, pic_location, price, sale, recommended, description, out_of_stock, old_price) values ('92765c52-0fa7-4809-b99c-729e2e21e101', 'THOMAS', '2019-03-24', null, 'd1382ac4-3cbc-4c13-b75f-7b5bae8f37de', 'http://dummyimage.com/250x250.png/ff4444/ffffff', '1029.03', true, true, 'Nondisplaced fracture of head of right radius, subsequent encounter for closed fracture with nonunion', true, '2191.47');
insert into PRODUCT (id, name, created_at, updated_at, category_id, pic_location, price, sale, recommended, description, out_of_stock, old_price) values ('38267a9b-7a84-4839-9c94-85ebef8b0cae', 'OSCAR', '2019-11-22', null, '05827eed-f06f-4f1a-84c6-c69111045b3c', 'http://dummyimage.com/250x250.bmp/5fa2dd/ffffff', '295.13', false, false, 'Unspecified fracture of second lumbar vertebra, sequela', false, '1536.93');
insert into PRODUCT (id, name, created_at, updated_at, category_id, pic_location, price, sale, recommended, description, out_of_stock, old_price) values ('8b2e1aa2-3045-4cf3-b41e-02914c406b5a', 'JAMES', '2019-12-09', null, '11ea20ab-d276-4163-92c8-aabd4874b48b', 'http://dummyimage.com/250x250.jpg/cc0000/ffffff', '285.92', false, false, 'Striking against wall of swimming pool causing drowning and submersion, initial encounter', true, '1913.16');
insert into PRODUCT (id, name, created_at, updated_at, category_id, pic_location, price, sale, recommended, description, out_of_stock, old_price) values ('108fdc09-a10d-49c0-abef-1628642fdc7f', 'MUHAMMAD', '2019-11-04', '2019-05-23', '560687bb-c535-444c-b3ef-06f523323567', 'http://dummyimage.com/250x250.jpg/ff4444/ffffff', '1765.77', false, false, 'Adverse effect of expectorants, subsequent encounter', false, '1301.93');
insert into PRODUCT (id, name, created_at, updated_at, category_id, pic_location, price, sale, recommended, description, out_of_stock, old_price) values ('95b82fcf-21dc-44d4-a32d-3da1ea18949f', 'HENRY', '2019-03-09', '2019-04-30', 'aeda6904-c882-48a6-a823-ef22e656d4dc', 'http://dummyimage.com/250x250.jpg/ff4444/ffffff', '816.14', false, false, 'Unspecified open wound of right wrist, initial encounter', false, '414.30');
insert into PRODUCT (id, name, created_at, updated_at, category_id, pic_location, price, sale, recommended, description, out_of_stock, old_price) values ('36c3867e-1bc0-4dc2-be8e-2c6e6107481c', 'ALFIE', '2020-01-01', '2019-11-27', '6c14a677-337f-4341-8cd3-1fd99e4f8934', 'http://dummyimage.com/250x250.bmp/cc0000/ffffff', '1818.18', true, true, 'Labor and delivery complicated by cord complication, unspecified, other fetus', false, '273.53');
insert into PRODUCT (id, name, created_at, updated_at, category_id, pic_location, price, sale, recommended, description, out_of_stock, old_price) values ('9db067e6-2e69-481f-9b7c-917d6940794d', 'LEO', '2019-07-16', '2019-10-17', '593f3bab-57fa-489e-9e8b-26fb85a11208', 'http://dummyimage.com/250x250.jpg/ff4444/ffffff', '1652.06', false, false, 'Pressure ulcer of right lower back, stage 3', false, '850.40');
insert into PRODUCT (id, name, created_at, updated_at, category_id, pic_location, price, sale, recommended, description, out_of_stock, old_price) values ('894d3bbb-6386-43cd-a504-47bad1a1c7ed', 'JOSHUA', '2019-09-10', '2019-07-23', '08b2affd-4d48-4d4c-bdb8-0775ffe1b579', 'http://dummyimage.com/250x250.png/5fa2dd/ffffff', '1061.38', true, true, 'Passenger injured in collision with unspecified motor vehicles in nontraffic accident, initial encounter', true, '1475.89');
insert into PRODUCT (id, name, created_at, updated_at, category_id, pic_location, price, sale, recommended, description, out_of_stock, old_price) values ('5e644f92-bfd3-4c2c-ab24-e034ffa6f4f3', 'FREDDIE', '2019-04-13', '2019-07-30', 'd1382ac4-3cbc-4c13-b75f-7b5bae8f37de', 'http://dummyimage.com/250x250.jpg/ff4444/ffffff', '1607.24', false, false, 'Traumatic rupture of palmar ligament of right ring finger at metacarpophalangeal and interphalangeal joint, sequela', false, '2878.76');
insert into PRODUCT (id, name, created_at, updated_at, category_id, pic_location, price, sale, recommended, description, out_of_stock, old_price) values ('1534a3f3-f357-4a1e-a071-7b1e24934dee', 'ETHAN', '2019-11-18', null, 'aaa8f0af-5078-4ca0-90c5-13f796e02e58', 'http://dummyimage.com/250x250.bmp/dddddd/000000', '407.95', false, false, 'Corrosion of second degree of thigh', true, '2368.19');
insert into PRODUCT (id, name, created_at, updated_at, category_id, pic_location, price, sale, recommended, description, out_of_stock, old_price) values ('adf2b807-b95b-4b56-a6e1-060e1e3957fb', 'ARCHIE', '2019-04-11', '2019-03-12', '593f3bab-57fa-489e-9e8b-26fb85a11208', 'http://dummyimage.com/250x250.jpg/cc0000/ffffff', '815.60', false, false, 'Laceration of descending [left] colon, sequela', false, '2507.23');
insert into PRODUCT (id, name, created_at, updated_at, category_id, pic_location, price, sale, recommended, description, out_of_stock, old_price) values ('7da21984-5b36-48ed-9a1e-e2c5ebe25800', 'ISAAC', '2019-11-29', '2019-10-02', '546e05f4-d932-4347-8794-6f30a41c3ecf', 'http://dummyimage.com/250x250.bmp/cc0000/ffffff', '1322.13', false, false, 'Other injury of flexor muscle, fascia and tendon of left middle finger at wrist and hand level', true, '543.19');
insert into PRODUCT (id, name, created_at, updated_at, category_id, pic_location, price, sale, recommended, description, out_of_stock, old_price) values ('22aced07-fd83-4d6b-80a8-8a00101bfe67', 'JOSEPH', '2020-01-11', null, 'aeda6904-c882-48a6-a823-ef22e656d4dc', 'http://dummyimage.com/250x250.png/ff4444/ffffff', '1196.17', false, false, 'Congenital malformation of esophagus, unspecified', false, '1161.26');
insert into PRODUCT (id, name, created_at, updated_at, category_id, pic_location, price, sale, recommended, description, out_of_stock, old_price) values ('06a7ffd3-1f94-4534-abc0-7264bcaae0e5', 'ALEXANDER', '2019-08-03', null, 'b9e37400-ceec-45fa-b816-88a2483e0ad3', 'http://dummyimage.com/250x250.jpg/dddddd/000000', '1077.61', false, false, 'Torus fracture of lower end of left radius, subsequent encounter for fracture with delayed healing', false, '2730.49');
insert into PRODUCT (id, name, created_at, updated_at, category_id, pic_location, price, sale, recommended, description, out_of_stock, old_price) values ('da79a367-c892-4e54-8542-4be6535ca44a', 'SAMUEL', '2019-10-02', '2019-08-16', '11ea20ab-d276-4163-92c8-aabd4874b48b', 'http://dummyimage.com/250x250.png/ff4444/ffffff', '170.95', false, false, 'Dislocation of T5/T6 thoracic vertebra', false, '517.46');
insert into PRODUCT (id, name, created_at, updated_at, category_id, pic_location, price, sale, recommended, description, out_of_stock, old_price) values ('16201631-18c9-4fa7-8912-b763154e6f75', 'DANIEL', '2019-07-19', '2020-02-08', '11ea20ab-d276-4163-92c8-aabd4874b48b', 'http://dummyimage.com/250x250.bmp/ff4444/ffffff', '709.30', true, true, 'Strain of flexor muscle, fascia and tendon of left middle finger at forearm level, subsequent encounter', true, '514.09');
insert into PRODUCT (id, name, created_at, updated_at, category_id, pic_location, price, sale, recommended, description, out_of_stock, old_price) values ('10985d43-d494-48a7-a4f2-a23ab876fbda', 'LOGAN', '2019-03-05', '2020-01-03', '406515ea-66d6-46da-aa91-028eaa5b6d73', 'http://dummyimage.com/250x250.bmp/cc0000/ffffff', '1946.13', true, true, 'Unspecified corneal neovascularization, left eye', true, '2557.97');
insert into PRODUCT (id, name, created_at, updated_at, category_id, pic_location, price, sale, recommended, description, out_of_stock, old_price) values ('918feacf-ac24-485e-939f-82016c30866c', 'EDWARD', '2019-09-22', '2020-01-23', '593f3bab-57fa-489e-9e8b-26fb85a11208', 'http://dummyimage.com/250x250.jpg/5fa2dd/ffffff', '1239.11', false, false, 'Pathological fracture, unspecified ulna and radius, subsequent encounter for fracture with delayed healing', false, '1225.95');
insert into PRODUCT (id, name, created_at, updated_at, category_id, pic_location, price, sale, recommended, description, out_of_stock, old_price) values ('bcfa8be0-2a1a-4670-81de-7c584b451c57', 'LUCAS', '2019-04-07', '2019-04-21', 'b9e37400-ceec-45fa-b816-88a2483e0ad3', 'http://dummyimage.com/250x250.bmp/5fa2dd/ffffff', '1523.75', true, true, 'Complete lesion at T7-T10 level of thoracic spinal cord', false, '1643.79');
insert into PRODUCT (id, name, created_at, updated_at, category_id, pic_location, price, sale, recommended, description, out_of_stock, old_price) values ('448d7050-5cae-4a9e-aa10-9f82a5d20fb1', 'MAX', '2019-08-16', '2019-05-16', 'd1382ac4-3cbc-4c13-b75f-7b5bae8f37de', 'http://dummyimage.com/250x250.jpg/ff4444/ffffff', '1956.36', false, false, 'Heat exposure on board fishing boat, initial encounter', false, '1428.12');
insert into PRODUCT (id, name, created_at, updated_at, category_id, pic_location, price, sale, recommended, description, out_of_stock, old_price) values ('10efef70-0ba6-427b-bb87-184ba75aec60', 'MOHAMMED', '2019-08-14', '2019-11-12', '546e05f4-d932-4347-8794-6f30a41c3ecf', 'http://dummyimage.com/250x250.jpg/ff4444/ffffff', '915.28', false, false, 'Drug or chemical induced diabetes mellitus with neurological complications with diabetic mononeuropathy', true, '1359.00');
insert into PRODUCT (id, name, created_at, updated_at, category_id, pic_location, price, sale, recommended, description, out_of_stock, old_price) values ('512e56c0-5088-40da-9616-379de397df84', 'BENJAMIN', '2019-05-22', '2019-05-20', '6c889921-1031-49a0-99df-18ac5808343d', 'http://dummyimage.com/250x250.bmp/ff4444/ffffff', '554.59', true, true, 'Complete lesion of cervical spinal cord', true, '1272.06');
insert into PRODUCT (id, name, created_at, updated_at, category_id, pic_location, price, sale, recommended, description, out_of_stock, old_price) values ('a07b28e2-a402-40f8-a3f0-3aa9062238f6', 'MASON', '2019-03-09', '2019-11-04', '6c14a677-337f-4341-8cd3-1fd99e4f8934', 'http://dummyimage.com/250x250.bmp/cc0000/ffffff', '190.53', true, true, 'Puncture wound without foreign body of unspecified part of head, sequela', false, '1766.52');
insert into PRODUCT (id, name, created_at, updated_at, category_id, pic_location, price, sale, recommended, description, out_of_stock, old_price) values ('cdf90f7e-964c-4dc8-881f-8260bb477250', 'HARRISON', '2019-06-06', null, '724d36da-fc24-4940-b8c4-566d112c8010', 'http://dummyimage.com/250x250.bmp/cc0000/ffffff', '1712.56', false, false, 'Displaced trimalleolar fracture of left lower leg', true, '2249.26');
insert into PRODUCT (id, name, created_at, updated_at, category_id, pic_location, price, sale, recommended, description, out_of_stock, old_price) values ('f6539e90-e7a7-4bd3-9fbd-c66a257e2fc1', 'THEO', '2020-02-01', null, '02b649b8-1881-46c6-8c60-4b71da6ca8d3', 'http://dummyimage.com/250x250.jpg/dddddd/000000', '1321.39', false, false, 'Unspecified injury of deep palmar arch of left hand', true, '1819.82');
insert into PRODUCT (id, name, created_at, updated_at, category_id, pic_location, price, sale, recommended, description, out_of_stock, old_price) values ('4b61581e-a4fb-4bdb-bb82-1a870c44d8e4', 'JAKE', '2019-04-17', '2019-05-22', '724d36da-fc24-4940-b8c4-566d112c8010', 'http://dummyimage.com/250x250.bmp/cc0000/ffffff', '370.09', false, false, 'Other fracture of shaft of radius, unspecified arm, subsequent encounter for closed fracture with routine healing', false, '2574.57');
insert into PRODUCT (id, name, created_at, updated_at, category_id, pic_location, price, sale, recommended, description, out_of_stock, old_price) values ('5d9460f7-ea53-4379-b82f-98ae77e7fc31', 'SEBASTIAN', '2019-09-18', '2019-11-25', '560687bb-c535-444c-b3ef-06f523323567', 'http://dummyimage.com/250x250.bmp/cc0000/ffffff', '934.30', false, false, 'Fibrosis due to other internal prosthetic devices, implants and grafts, subsequent encounter', false, '2528.10');
insert into PRODUCT (id, name, created_at, updated_at, category_id, pic_location, price, sale, recommended, description, out_of_stock, old_price) values ('db751bf7-0829-4888-9bac-735392ea71df', 'FINLEY', '2019-09-17', '2019-09-09', 'd1382ac4-3cbc-4c13-b75f-7b5bae8f37de', 'http://dummyimage.com/250x250.jpg/ff4444/ffffff', '1155.40', false, false, 'Sprain of metacarpophalangeal joint of right index finger', true, '2752.19');
insert into PRODUCT (id, name, created_at, updated_at, category_id, pic_location, price, sale, recommended, description, out_of_stock, old_price) values ('901c22a3-a8bd-4c1b-834a-e5e82ee6f39c', 'ARTHUR', '2019-08-11', '2019-11-26', '11ea20ab-d276-4163-92c8-aabd4874b48b', 'http://dummyimage.com/250x250.jpg/ff4444/ffffff', '1365.68', true, true, 'Poisoning by mixed bacterial vaccines without a pertussis component, assault, initial encounter', true, '1174.43');
insert into PRODUCT (id, name, created_at, updated_at, category_id, pic_location, price, sale, recommended, description, out_of_stock, old_price) values ('15cbbcbf-c2fe-405f-a876-fc429e913ef8', 'ADAM', '2019-06-16', '2019-06-02', 'b9e37400-ceec-45fa-b816-88a2483e0ad3', 'http://dummyimage.com/250x250.bmp/ff4444/ffffff', '984.26', false, false, 'Nondisplaced segmental fracture of shaft of left femur, subsequent encounter for open fracture type I or II with malunion', true, '2868.45');
insert into PRODUCT (id, name, created_at, updated_at, category_id, pic_location, price, sale, recommended, description, out_of_stock, old_price) values ('c9b0640b-2ce5-41e0-b312-843561ce5846', 'DYLAN', '2019-08-01', '2019-05-16', '429632c7-99ae-4749-9e4b-97fa6a84b568', 'http://dummyimage.com/250x250.png/dddddd/000000', '890.14', false, false, 'Poisoning by caffeine, assault, initial encounter', true, '2865.76');
insert into PRODUCT (id, name, created_at, updated_at, category_id, pic_location, price, sale, recommended, description, out_of_stock, old_price) values ('e7be3154-8afa-4ad3-8a46-91745b50ea86', 'RILEY', '2019-07-20', '2019-04-09', 'b9e37400-ceec-45fa-b816-88a2483e0ad3', 'http://dummyimage.com/250x250.jpg/cc0000/ffffff', '568.26', true, true, 'Other osteoporosis with current pathological fracture, right shoulder', true, '1765.10');
insert into PRODUCT (id, name, created_at, updated_at, category_id, pic_location, price, sale, recommended, description, out_of_stock, old_price) values ('9afdd7ca-7e6b-4c4c-b8fd-248809d0407f', 'ZACHARY', '2020-01-02', null, 'b9e37400-ceec-45fa-b816-88a2483e0ad3', 'http://dummyimage.com/250x250.jpg/ff4444/ffffff', '1481.50', true, true, 'Solitary bone cyst, tibia and fibula', false, '2215.44');
insert into PRODUCT (id, name, created_at, updated_at, category_id, pic_location, price, sale, recommended, description, out_of_stock, old_price) values ('58196417-c172-49bf-ac12-637803726d27', 'TEDDY', '2019-05-28', '2019-11-27', '6c889921-1031-49a0-99df-18ac5808343d', 'http://dummyimage.com/250x250.png/ff4444/ffffff', '521.44', true, true, 'Corrosion of third degree of neck, subsequent encounter', true, '675.19');
insert into PRODUCT (id, name, created_at, updated_at, category_id, pic_location, price, sale, recommended, description, out_of_stock, old_price) values ('17ae481b-a004-4d04-9f10-5aa5af9b3e36', 'DAVID', '2020-01-09', '2019-12-02', '32b0ab37-2fc3-46d9-ba3c-c7b565fe8f2c', 'http://dummyimage.com/250x250.jpg/ff4444/ffffff', '1041.96', true, true, 'Nondisplaced fracture of greater trochanter of left femur, subsequent encounter for closed fracture with routine healing', false, '2639.49');
insert into PRODUCT (id, name, created_at, updated_at, category_id, pic_location, price, sale, recommended, description, out_of_stock, old_price) values ('3b80f57a-6454-408c-bce9-12e168f1165a', 'TOBY', '2019-11-08', '2019-12-18', '02b649b8-1881-46c6-8c60-4b71da6ca8d3', 'http://dummyimage.com/250x250.png/5fa2dd/ffffff', '925.04', false, false, 'Type I occipital condyle fracture, unspecified side, subsequent encounter for fracture with routine healing', true, '1986.30');
insert into PRODUCT (id, name, created_at, updated_at, category_id, pic_location, price, sale, recommended, description, out_of_stock, old_price) values ('c29b2f9e-9583-4dba-a18b-3a7ec03df6c3', 'THEODORE', '2019-12-30', null, '724d36da-fc24-4940-b8c4-566d112c8010', 'http://dummyimage.com/250x250.bmp/dddddd/000000', '1065.04', false, false, 'Multiple fractures of pelvis with unstable disruption of pelvic ring, sequela', false, '1517.10');
insert into PRODUCT (id, name, created_at, updated_at, category_id, pic_location, price, sale, recommended, description, out_of_stock, old_price) values ('9c3708ac-1beb-45ad-910b-9332705a1837', 'ELIJAH', '2019-04-26', '2019-04-20', '406515ea-66d6-46da-aa91-028eaa5b6d73', 'http://dummyimage.com/250x250.bmp/dddddd/000000', '1621.20', false, false, 'Other specified injury of femoral vein at hip and thigh level, right leg, initial encounter', true, '2028.54');
insert into PRODUCT (id, name, created_at, updated_at, category_id, pic_location, price, sale, recommended, description, out_of_stock, old_price) values ('37f81f71-552a-452f-9a26-6a022e7a012f', 'MATTHEW', '2019-10-20', null, '560687bb-c535-444c-b3ef-06f523323567', 'http://dummyimage.com/250x250.jpg/cc0000/ffffff', '1612.66', false, false, 'Displaced avulsion fracture of tuberosity of unspecified calcaneus, sequela', false, '1388.28');
insert into PRODUCT (id, name, created_at, updated_at, category_id, pic_location, price, sale, recommended, description, out_of_stock, old_price) values ('fb7d3a11-e26f-491d-aa5d-7234f804267c', 'JENSON', '2019-11-27', '2019-05-01', '406515ea-66d6-46da-aa91-028eaa5b6d73', 'http://dummyimage.com/250x250.png/cc0000/ffffff', '1073.55', true, true, 'Unspecified injury of muscle and tendon of long flexor muscle of toe at ankle and foot level, right foot, initial encounter', false, '721.92');
insert into PRODUCT (id, name, created_at, updated_at, category_id, pic_location, price, sale, recommended, description, out_of_stock, old_price) values ('c19ef939-579b-4de1-9709-4619343a91a5', 'JAYDEN', '2019-10-28', '2019-09-07', 'aeda6904-c882-48a6-a823-ef22e656d4dc', 'http://dummyimage.com/250x250.bmp/cc0000/ffffff', '325.60', true, true, 'Non-pressure chronic ulcer of buttock with necrosis of bone', true, '1469.21');
insert into PRODUCT (id, name, created_at, updated_at, category_id, pic_location, price, sale, recommended, description, out_of_stock, old_price) values ('6a7b1b4c-8679-4f66-9344-9637c3c700a0', 'HARVEY', '2019-09-18', '2019-11-01', '11ea20ab-d276-4163-92c8-aabd4874b48b', 'http://dummyimage.com/250x250.png/ff4444/ffffff', '1638.96', false, false, 'Corrosion of unspecified degree of unspecified hand, unspecified site, subsequent encounter', false, '1944.38');
insert into PRODUCT (id, name, created_at, updated_at, category_id, pic_location, price, sale, recommended, description, out_of_stock, old_price) values ('18694b1d-0f58-4d6b-879b-eca58aa42b31', 'REUBEN', '2019-08-15', '2019-12-13', '32b0ab37-2fc3-46d9-ba3c-c7b565fe8f2c', 'http://dummyimage.com/250x250.png/ff4444/ffffff', '1089.92', false, false, 'Toxic effect of unspecified substance, intentional self-harm, subsequent encounter', false, '1820.85');
insert into PRODUCT (id, name, created_at, updated_at, category_id, pic_location, price, sale, recommended, description, out_of_stock, old_price) values ('abbf58e6-ad1d-474f-baf5-df942775526b', 'HARLEY', '2020-01-13', '2019-03-22', '429632c7-99ae-4749-9e4b-97fa6a84b568', 'http://dummyimage.com/250x250.jpg/dddddd/000000', '1277.25', true, true, 'Caught, crushed, jammed, or pinched between moving objects', true, '940.14');
insert into PRODUCT (id, name, created_at, updated_at, category_id, pic_location, price, sale, recommended, description, out_of_stock, old_price) values ('44476b37-2351-4a0f-80e3-34c7cf62e748', 'LUCA', '2019-05-01', '2019-02-21', '724d36da-fc24-4940-b8c4-566d112c8010', 'http://dummyimage.com/250x250.png/ff4444/ffffff', '1038.98', true, true, 'Other peroxisomal disorders', true, '587.14');
insert into PRODUCT (id, name, created_at, updated_at, category_id, pic_location, price, sale, recommended, description, out_of_stock, old_price) values ('7779cb62-0f98-4484-be4c-ba4c549779d3', 'MICHAEL', '2019-02-25', '2019-08-03', '02b649b8-1881-46c6-8c60-4b71da6ca8d3', 'http://dummyimage.com/250x250.png/dddddd/000000', '1004.40', false, false, 'Other injury of sigmoid colon, subsequent encounter', false, '775.36');
insert into PRODUCT (id, name, created_at, updated_at, category_id, pic_location, price, sale, recommended, description, out_of_stock, old_price) values ('86875b74-7b33-482c-95e8-f2d426b4d141', 'HUGO', '2019-12-19', '2019-12-08', '406515ea-66d6-46da-aa91-028eaa5b6d73', 'http://dummyimage.com/250x250.png/5fa2dd/ffffff', '1161.17', true, true, 'Unstable burst fracture of fifth lumbar vertebra, sequela', false, '433.90');
insert into PRODUCT (id, name, created_at, updated_at, category_id, pic_location, price, sale, recommended, description, out_of_stock, old_price) values ('a0009b5f-87cf-4b5d-a717-b079292a33b9', 'LEWIS', '2019-09-16', '2019-10-22', '406515ea-66d6-46da-aa91-028eaa5b6d73', 'http://dummyimage.com/250x250.bmp/5fa2dd/ffffff', '677.56', true, true, 'Adverse effect of skeletal muscle relaxants [neuromuscular blocking agents], sequela', true, '2733.79');
insert into PRODUCT (id, name, created_at, updated_at, category_id, pic_location, price, sale, recommended, description, out_of_stock, old_price) values ('cafdca3c-4470-4e0b-9b22-519c6626185f', 'FRANKIE', '2019-03-08', null, '08b2affd-4d48-4d4c-bdb8-0775ffe1b579', 'http://dummyimage.com/250x250.bmp/5fa2dd/ffffff', '743.16', false, false, 'Strain of intrinsic muscle, fascia and tendon of thumb at wrist and hand level', true, '805.42');
insert into PRODUCT (id, name, created_at, updated_at, category_id, pic_location, price, sale, recommended, description, out_of_stock, old_price) values ('5a4cc834-5d82-44a8-a504-f3baee75db34', 'LUKE', '2019-11-07', null, '560687bb-c535-444c-b3ef-06f523323567', 'http://dummyimage.com/250x250.jpg/dddddd/000000', '53.18', false, false, 'Aspiration pneumonitis due to anesthesia during the puerperium', true, '1966.31');
insert into PRODUCT (id, name, created_at, updated_at, category_id, pic_location, price, sale, recommended, description, out_of_stock, old_price) values ('d3354811-8944-4137-a0e3-d758c8140c83', 'STANLEY', '2020-01-10', '2019-03-26', 'aaa8f0af-5078-4ca0-90c5-13f796e02e58', 'http://dummyimage.com/250x250.png/ff4444/ffffff', '1439.66', true, true, 'Traumatic subarachnoid hemorrhage with loss of consciousness of 31 minutes to 59 minutes, initial encounter', false, '2611.45');
insert into PRODUCT (id, name, created_at, updated_at, category_id, pic_location, price, sale, recommended, description, out_of_stock, old_price) values ('9eabcd7e-8b94-465d-abac-61788ac21709', 'TOMMY', '2019-07-15', null, '546e05f4-d932-4347-8794-6f30a41c3ecf', 'http://dummyimage.com/250x250.png/dddddd/000000', '798.29', false, false, 'Noninflammatory disorder of ovary, fallopian tube and broad ligament, unspecified', true, '1788.55');
insert into PRODUCT (id, name, created_at, updated_at, category_id, pic_location, price, sale, recommended, description, out_of_stock, old_price) values ('652025f9-2cd0-4e8b-97fe-a0281a2e7b75', 'JUDE', '2020-01-26', '2019-11-05', 'aeda6904-c882-48a6-a823-ef22e656d4dc', 'http://dummyimage.com/250x250.png/dddddd/000000', '229.38', true, true, 'Person on outside of three-wheeled motor vehicle injured in collision with car, pick-up truck or van in nontraffic accident, subsequent encounter', false, '1010.51');
insert into PRODUCT (id, name, created_at, updated_at, category_id, pic_location, price, sale, recommended, description, out_of_stock, old_price) values ('6f605995-696e-412e-a228-d3e89069e98e', 'BLAKE', '2019-02-20', null, 'ad199a04-e862-4e31-b15c-518f88e43a4c', 'http://dummyimage.com/250x250.jpg/5fa2dd/ffffff', '1013.72', false, false, 'Monteggia''s fracture of left ulna, subsequent encounter for closed fracture with nonunion', false, '2644.20');
insert into PRODUCT (id, name, created_at, updated_at, category_id, pic_location, price, sale, recommended, description, out_of_stock, old_price) values ('ac49fe3e-cd88-4736-a3f4-4611bf910845', 'LOUIE', '2019-11-11', '2020-01-17', '32b0ab37-2fc3-46d9-ba3c-c7b565fe8f2c', 'http://dummyimage.com/250x250.png/ff4444/ffffff', '747.28', true, true, 'Unspecified injury of extensor muscle, fascia and tendon of unspecified finger at wrist and hand level', false, '2764.18');
insert into PRODUCT (id, name, created_at, updated_at, category_id, pic_location, price, sale, recommended, description, out_of_stock, old_price) values ('9dc2ebd8-e139-461c-a5a7-f08c9e8cf2b1', 'NATHAN', '2019-06-01', null, 'aaa8f0af-5078-4ca0-90c5-13f796e02e58', 'http://dummyimage.com/250x250.png/dddddd/000000', '1873.90', false, false, 'Displaced fracture of lateral cuneiform of left foot, subsequent encounter for fracture with routine healing', true, '2374.34');
insert into PRODUCT (id, name, created_at, updated_at, category_id, pic_location, price, sale, recommended, description, out_of_stock, old_price) values ('e5e0f83f-be69-4a0d-9e11-5c65d4bb8cac', 'GABRIEL', '2019-09-08', null, '546e05f4-d932-4347-8794-6f30a41c3ecf', 'http://dummyimage.com/250x250.png/dddddd/000000', '769.32', true, true, 'Unspecified injury of adrenal gland, subsequent encounter', true, '1569.75');
insert into PRODUCT (id, name, created_at, updated_at, category_id, pic_location, price, sale, recommended, description, out_of_stock, old_price) values ('ba227faa-2e53-430a-bbdb-420b291cb960', 'CHARLES', '2019-12-28', '2019-05-14', '11ea20ab-d276-4163-92c8-aabd4874b48b', 'http://dummyimage.com/250x250.bmp/5fa2dd/ffffff', '1068.63', true, true, 'Enteropathic arthropathies, right wrist', false, '656.04');
insert into PRODUCT (id, name, created_at, updated_at, category_id, pic_location, price, sale, recommended, description, out_of_stock, old_price) values ('08558b51-f228-4291-9dd6-972dbf40fcfd', 'BOBBY', '2020-01-09', '2019-06-17', 'b9e37400-ceec-45fa-b816-88a2483e0ad3', 'http://dummyimage.com/250x250.jpg/cc0000/ffffff', '1356.87', false, false, 'Vitamin A deficiency, unspecified', true, '2427.46');
insert into PRODUCT (id, name, created_at, updated_at, category_id, pic_location, price, sale, recommended, description, out_of_stock, old_price) values ('f4e7fbd5-35bc-4d27-9127-1df83db29c9b', 'MOHAMMAD', '2019-07-05', '2019-03-21', '724d36da-fc24-4940-b8c4-566d112c8010', 'http://dummyimage.com/250x250.bmp/cc0000/ffffff', '1079.09', false, false, 'Pathological fracture in other disease, left femur, subsequent encounter for fracture with malunion', false, '1784.45');
insert into PRODUCT (id, name, created_at, updated_at, category_id, pic_location, price, sale, recommended, description, out_of_stock, old_price) values ('83e35060-8514-4a22-aa8a-884e93650b5e', 'RYAN', '2019-10-27', '2020-02-08', '32b0ab37-2fc3-46d9-ba3c-c7b565fe8f2c', 'http://dummyimage.com/250x250.png/dddddd/000000', '263.77', false, false, 'Contusion, laceration, and hemorrhage of brainstem with loss of consciousness of 31 minutes to 59 minutes, subsequent encounter', true, '1071.88');
insert into PRODUCT (id, name, created_at, updated_at, category_id, pic_location, price, sale, recommended, description, out_of_stock, old_price) values ('8bf0aa59-54ae-4fb7-89da-d16483d8b2d1', 'TYLER', '2019-08-27', '2019-03-17', 'd1382ac4-3cbc-4c13-b75f-7b5bae8f37de', 'http://dummyimage.com/250x250.png/5fa2dd/ffffff', '1867.73', true, true, 'Pathological fracture in other disease, left shoulder, subsequent encounter for fracture with delayed healing', false, '1802.56');
insert into PRODUCT (id, name, created_at, updated_at, category_id, pic_location, price, sale, recommended, description, out_of_stock, old_price) values ('a91fb39d-0121-49a5-aa30-a9bcc18e65ea', 'ELLIOTT', '2019-04-22', '2019-08-15', '6c889921-1031-49a0-99df-18ac5808343d', 'http://dummyimage.com/250x250.bmp/dddddd/000000', '1205.86', true, true, 'Kissing spine, lumbosacral region', true, '1294.10');
insert into PRODUCT (id, name, created_at, updated_at, category_id, pic_location, price, sale, recommended, description, out_of_stock, old_price) values ('2f59b91f-a3ce-4f52-baba-b2591fe17168', 'ALBERT', '2019-08-29', null, 'd1382ac4-3cbc-4c13-b75f-7b5bae8f37de', 'http://dummyimage.com/250x250.jpg/ff4444/ffffff', '1969.57', true, false, 'Displaced fracture of head of unspecified radius, sequela', true, '1991.79');
insert into PRODUCT (id, name, created_at, updated_at, category_id, pic_location, price, sale, recommended, description, out_of_stock, old_price) values ('e3bc41ea-369c-46d8-addf-553009cad8a0', 'ELLIOT', '2019-05-21', '2019-03-31', '6c889921-1031-49a0-99df-18ac5808343d', 'http://dummyimage.com/250x250.png/cc0000/ffffff', '786.09', false, false, 'Sextuplets, some liveborn', false, '1702.19');
insert into PRODUCT (id, name, created_at, updated_at, category_id, pic_location, price, sale, recommended, description, out_of_stock, old_price) values ('0f32d999-d8d7-40bf-aee8-d4fa477c262d', 'RORY', '2019-07-23', '2019-12-03', '11ea20ab-d276-4163-92c8-aabd4874b48b', 'http://dummyimage.com/250x250.bmp/dddddd/000000', '140.68', false, false, 'Torus fracture of upper end of unspecified fibula, subsequent encounter for fracture with malunion', false, '1667.37');
insert into PRODUCT (id, name, created_at, updated_at, category_id, pic_location, price, sale, recommended, description, out_of_stock, old_price) values ('d31deb83-0272-4136-8bc4-1927524218b2', 'ALEX', '2019-03-15', '2019-11-02', '546e05f4-d932-4347-8794-6f30a41c3ecf', 'http://dummyimage.com/250x250.png/ff4444/ffffff', '429.64', false, false, 'Complete traumatic amputation of unspecified foot at ankle level', false, '1797.18');
insert into PRODUCT (id, name, created_at, updated_at, category_id, pic_location, price, sale, recommended, description, out_of_stock, old_price) values ('d524d391-e08b-4928-a1c8-f49d7d83ea5f', 'FREDERICK', '2019-09-11', '2019-08-28', '724d36da-fc24-4940-b8c4-566d112c8010', 'http://dummyimage.com/250x250.bmp/ff4444/ffffff', '1098.35', true, false, 'Other specific joint derangements of hip, not elsewhere classified', false, '2314.21');
insert into PRODUCT (id, name, created_at, updated_at, category_id, pic_location, price, sale, recommended, description, out_of_stock, old_price) values ('78df6c8a-1891-4a4b-9e0d-849a7c1cca41', 'OLLIE', '2019-10-01', '2019-06-14', '593f3bab-57fa-489e-9e8b-26fb85a11208', 'http://dummyimage.com/250x250.bmp/ff4444/ffffff', '725.39', true, false, 'Fall due to collision between unspecified watercraft and other watercraft or other object', false, '1669.52');
insert into PRODUCT (id, name, created_at, updated_at, category_id, pic_location, price, sale, recommended, description, out_of_stock, old_price) values ('18cfa1be-a5c9-4515-ac7f-7345daa2998d', 'LOUIS', '2019-04-05', '2019-08-26', '724d36da-fc24-4940-b8c4-566d112c8010', 'http://dummyimage.com/250x250.jpg/5fa2dd/ffffff', '993.98', false, false, 'Cannabis use, unspecified with psychotic disorder, unspecified', false, '2596.08');
insert into PRODUCT (id, name, created_at, updated_at, category_id, pic_location, price, sale, recommended, description, out_of_stock, old_price) values ('e332e53c-58ab-4542-b8b8-6b71393fd906', 'DEXTER', '2019-03-11', '2019-02-23', '406515ea-66d6-46da-aa91-028eaa5b6d73', 'http://dummyimage.com/250x250.bmp/5fa2dd/ffffff', '1227.31', true, false, 'Other specified disorders of synovium, left ankle and foot', false, '2093.76');
insert into PRODUCT (id, name, created_at, updated_at, category_id, pic_location, price, sale, recommended, description, out_of_stock, old_price) values ('faa7a856-4cbe-4143-8701-0dc0e0209af6', 'JAXON', '2019-08-05', '2019-08-10', '02b649b8-1881-46c6-8c60-4b71da6ca8d3', 'http://dummyimage.com/250x250.bmp/dddddd/000000', '299.01', false, false, 'Idiopathic chronic gout, unspecified hip, without tophus (tophi)', false, '2274.04');
insert into PRODUCT (id, name, created_at, updated_at, category_id, pic_location, price, sale, recommended, description, out_of_stock, old_price) values ('6750b05e-9b57-40e1-808f-aa47c5480791', 'LIAM', '2020-01-24', '2019-08-06', '724d36da-fc24-4940-b8c4-566d112c8010', 'http://dummyimage.com/250x250.bmp/cc0000/ffffff', '1722.75', true, false, 'Nondisplaced fracture of medial phalanx of right little finger, initial encounter for closed fracture', true, '2543.61');
insert into PRODUCT (id, name, created_at, updated_at, category_id, pic_location, price, sale, recommended, description, out_of_stock, old_price) values ('a93ddcd6-2091-4b13-80ae-9b3184a1df37', 'JACKSON', '2019-03-09', '2019-05-26', '32b0ab37-2fc3-46d9-ba3c-c7b565fe8f2c', 'http://dummyimage.com/250x250.bmp/dddddd/000000', '423.80', false, false, 'Aneurysmal bone cyst, left forearm', true, '433.26');
insert into PRODUCT (id, name, created_at, updated_at, category_id, pic_location, price, sale, recommended, description, out_of_stock, old_price) values ('6ec304ed-1ff5-407b-8e8b-730792c81a2a', 'CALLUM', '2019-02-28', null, 'aeda6904-c882-48a6-a823-ef22e656d4dc', 'http://dummyimage.com/250x250.bmp/ff4444/ffffff', '526.09', false, false, 'Maternal care for hydrops fetalis, unspecified trimester', true, '2618.05');
insert into PRODUCT (id, name, created_at, updated_at, category_id, pic_location, price, sale, recommended, description, out_of_stock, old_price) values ('c96bf5f2-8f06-41cb-83f4-4839fe55286f', 'RONNIE', '2019-08-01', null, '11ea20ab-d276-4163-92c8-aabd4874b48b', 'http://dummyimage.com/250x250.bmp/5fa2dd/ffffff', '1121.41', false, false, 'Other diseases of lip and oral mucosa', false, '699.92');
insert into PRODUCT (id, name, created_at, updated_at, category_id, pic_location, price, sale, recommended, description, out_of_stock, old_price) values ('44cc1c9d-be9c-4409-801b-b76cbb3c5939', 'LEON', '2020-01-14', '2019-05-12', '6c14a677-337f-4341-8cd3-1fd99e4f8934', 'http://dummyimage.com/250x250.jpg/5fa2dd/ffffff', '1350.91', true, false, 'Hit or struck by falling object due to accident to sailboat, sequela', true, '1606.98');
insert into PRODUCT (id, name, created_at, updated_at, category_id, pic_location, price, sale, recommended, description, out_of_stock, old_price) values ('9b288bfb-6103-4d2c-8b01-b8116f1fa8a3', 'KAI', '2019-10-29', '2019-02-25', 'b9e37400-ceec-45fa-b816-88a2483e0ad3', 'http://dummyimage.com/250x250.bmp/dddddd/000000', '631.38', true, false, 'Anorectal abscess', true, '2461.94');
insert into PRODUCT (id, name, created_at, updated_at, category_id, pic_location, price, sale, recommended, description, out_of_stock, old_price) values ('c6416ed5-97d9-44ef-a877-cdc2c69d13ba', 'AARON', '2019-09-21', null, 'd6968bd0-96b9-44fe-99f5-276f046097c0', 'http://dummyimage.com/250x250.jpg/dddddd/000000', '1171.88', false, false, 'Malignant neoplasm of left broad ligament', true, '1011.49');
insert into PRODUCT (id, name, created_at, updated_at, category_id, pic_location, price, sale, recommended, description, out_of_stock, old_price) values ('cf5c974c-00fe-4189-bdf8-95dd6c21725a', 'ROMAN', '2019-03-12', '2019-07-10', '546e05f4-d932-4347-8794-6f30a41c3ecf', 'http://dummyimage.com/250x250.png/5fa2dd/ffffff', '492.80', true, false, 'Displaced avulsion fracture of tuberosity of unspecified calcaneus, sequela', true, '1620.41');
insert into PRODUCT (id, name, created_at, updated_at, category_id, pic_location, price, sale, recommended, description, out_of_stock, old_price) values ('1f81ffac-b063-4671-92c0-1364ed51b57c', 'AUSTIN', '2019-08-10', null, '6c889921-1031-49a0-99df-18ac5808343d', 'http://dummyimage.com/250x250.jpg/ff4444/ffffff', '596.49', false, true, 'Central cord syndrome at C3 level of cervical spinal cord, initial encounter', true, '2731.50');
insert into PRODUCT (id, name, created_at, updated_at, category_id, pic_location, price, sale, recommended, description, out_of_stock, old_price) values ('48a9aa7e-3657-4182-9f23-c337eeb340ab', 'ELLIS', '2019-05-11', '2019-06-01', 'd1382ac4-3cbc-4c13-b75f-7b5bae8f37de', 'http://dummyimage.com/250x250.png/5fa2dd/ffffff', '309.78', false, false, 'Breakdown (mechanical) of implanted electronic neurostimulator of spinal cord electrode (lead), sequela', false, '1286.66');
insert into PRODUCT (id, name, created_at, updated_at, category_id, pic_location, price, sale, recommended, description, out_of_stock, old_price) values ('fbc9cee0-ea3a-4aef-92fe-81817b4fc53d', 'JAMIE', '2019-12-08', '2019-12-25', '560687bb-c535-444c-b3ef-06f523323567', 'http://dummyimage.com/250x250.jpg/5fa2dd/ffffff', '57.27', true, false, 'Other injury of other muscles, fascia and tendons at forearm level, right arm, subsequent encounter', true, '2213.96');
insert into PRODUCT (id, name, created_at, updated_at, category_id, pic_location, price, sale, recommended, description, out_of_stock, old_price) values ('0d7dbb93-81e1-4107-b031-8a08f17007e0', 'REGGIE', '2019-12-02', '2019-08-18', 'ad199a04-e862-4e31-b15c-518f88e43a4c', 'http://dummyimage.com/250x250.jpg/cc0000/ffffff', '955.28', false, false, 'Corrosion of first degree of neck, initial encounter', false, '1103.52');
insert into PRODUCT (id, name, created_at, updated_at, category_id, pic_location, price, sale, recommended, description, out_of_stock, old_price) values ('2e3a94f3-ce0c-45bc-b686-6a7966cac65e', 'SETH', '2019-08-15', '2020-01-12', '08b2affd-4d48-4d4c-bdb8-0775ffe1b579', 'http://dummyimage.com/250x250.jpg/5fa2dd/ffffff', '1004.75', true, false, 'Crushing injury of unspecified part(s) of left wrist, hand and fingers, sequela', true, '2327.54');
insert into PRODUCT (id, name, created_at, updated_at, category_id, pic_location, price, sale, recommended, description, out_of_stock, old_price) values ('b2c356be-10fa-4046-8b26-0310b9f21839', 'CARTER', '2019-12-21', '2019-04-27', '11ea20ab-d276-4163-92c8-aabd4874b48b', 'http://dummyimage.com/250x250.bmp/ff4444/ffffff', '1724.41', true, false, 'Displacement of indwelling urethral catheter, subsequent encounter', true, '1602.01');
insert into PRODUCT (id, name, created_at, updated_at, category_id, pic_location, price, sale, recommended, description, out_of_stock, old_price) values ('71ef4cd7-58fa-49fa-9e83-9065ede20bf3', 'FELIX', '2019-09-16', '2019-07-06', '429632c7-99ae-4749-9e4b-97fa6a84b568', 'http://dummyimage.com/250x250.bmp/ff4444/ffffff', '146.60', true, false, 'Nondisplaced fracture of proximal phalanx of right thumb, subsequent encounter for fracture with routine healing', true, '1649.29');
insert into PRODUCT (id, name, created_at, updated_at, category_id, pic_location, price, sale, recommended, description, out_of_stock, old_price) values ('162bef58-aa71-4993-9992-853102cf25b2', 'IBRAHIM', '2019-11-26', '2019-08-18', 'aaa8f0af-5078-4ca0-90c5-13f796e02e58', 'http://dummyimage.com/250x250.jpg/5fa2dd/ffffff', '947.54', true, false, 'Sprain of interphalangeal joint of other finger', false, '1146.91');
insert into PRODUCT (id, name, created_at, updated_at, category_id, pic_location, price, sale, recommended, description, out_of_stock, old_price) values ('fddc9e9b-9e9e-4c54-9804-1ec99da0b5e4', 'SONNY', '2019-10-31', '2019-08-12', '05827eed-f06f-4f1a-84c6-c69111045b3c', 'http://dummyimage.com/250x250.jpg/dddddd/000000', '1313.83', false, false, 'Military operations involving explosion of marine mine, military personnel, subsequent encounter', true, '1420.91');
insert into PRODUCT (id, name, created_at, updated_at, category_id, pic_location, price, sale, recommended, description, out_of_stock, old_price) values ('b4c56f0d-31c1-4381-a0b4-9ce389aedfa9', 'KIAN', '2020-01-29', '2020-02-11', '546e05f4-d932-4347-8794-6f30a41c3ecf', 'http://dummyimage.com/250x250.jpg/ff4444/ffffff', '928.29', false, false, 'Osteochondropathy, unspecified, left thigh', true, '1746.51');
insert into PRODUCT (id, name, created_at, updated_at, category_id, pic_location, price, sale, recommended, description, out_of_stock, old_price) values ('d2d50e75-e185-4bf9-a641-ada9ab9ff725', 'CALEB', '2019-07-30', null, '02b649b8-1881-46c6-8c60-4b71da6ca8d3', 'http://dummyimage.com/250x250.bmp/ff4444/ffffff', '525.75', true, false, 'Other specified diabetes mellitus with skin complications', false, '2822.49');
insert into PRODUCT (id, name, created_at, updated_at, category_id, pic_location, price, sale, recommended, description, out_of_stock, old_price) values ('f845adf4-18d2-4f2b-8b80-ed3b38ec885c', 'CONNOR', '2019-03-18', '2020-02-01', '546e05f4-d932-4347-8794-6f30a41c3ecf', 'http://dummyimage.com/250x250.png/dddddd/000000', '383.48', false, false, 'Other physeal fracture of upper end of radius, left arm, subsequent encounter for fracture with nonunion', false, '1120.71');

insert into IMAGE (id, created_at, updated_at, pic_location, product_id) values ('5814143b-785e-495b-ad6b-19fb7f1b5c1b', '10/10/2020', '2/2/2020', 'http://dummyimage.com/169x140.png/5fa2dd/ffffff', '6dfdd31a-5eb8-4576-b3e1-a433662b1f79');
insert into IMAGE (id, created_at, updated_at, pic_location, product_id) values ('0e7873b3-af34-41ba-ade0-aebb68ac1064', '5/10/2020', '10/20/2020', 'http://dummyimage.com/190x105.jpg/5fa2dd/ffffff', '8b2e1aa2-3045-4cf3-b41e-02914c406b5a');
insert into IMAGE (id, created_at, updated_at, pic_location, product_id) values ('c05fc04d-9a95-4f3e-8f1c-da07092fc294', '9/29/2020', '12/15/2019', 'http://dummyimage.com/131x227.bmp/cc0000/ffffff', 'ac49fe3e-cd88-4736-a3f4-4611bf910845');
insert into IMAGE (id, created_at, updated_at, pic_location, product_id) values ('3a7bd368-7559-43fa-8b71-c9ee47b74ca8', '7/28/2020', '3/9/2020', 'http://dummyimage.com/203x216.jpg/dddddd/000000', '1534a3f3-f357-4a1e-a071-7b1e24934dee');
insert into IMAGE (id, created_at, updated_at, pic_location, product_id) values ('630ae2b6-7558-4f6a-bd88-4221dd1a509f', '8/18/2020', '6/19/2020', 'http://dummyimage.com/196x143.bmp/ff4444/ffffff', '9b288bfb-6103-4d2c-8b01-b8116f1fa8a3');
insert into IMAGE (id, created_at, updated_at, pic_location, product_id) values ('6198ac7b-2371-467f-a752-7437251ffb16', '7/22/2020', '9/1/2020', 'http://dummyimage.com/220x141.jpg/cc0000/ffffff', '92765c52-0fa7-4809-b99c-729e2e21e101');
insert into IMAGE (id, created_at, updated_at, pic_location, product_id) values ('001b7c23-42f4-4d9d-be20-43355adb2a88', '11/28/2019', '7/12/2020', 'http://dummyimage.com/211x209.png/dddddd/000000', '8bf0aa59-54ae-4fb7-89da-d16483d8b2d1');
insert into IMAGE (id, created_at, updated_at, pic_location, product_id) values ('1e6c536f-e2d0-4979-b8f7-f9bdb6b05529', '4/7/2020', '10/28/2020', 'http://dummyimage.com/111x234.bmp/cc0000/ffffff', '5e644f92-bfd3-4c2c-ab24-e034ffa6f4f3');
insert into IMAGE (id, created_at, updated_at, pic_location, product_id) values ('1db221ef-313c-469a-9532-0ebd24d4c049', '11/5/2020', '12/22/2019', 'http://dummyimage.com/238x219.png/5fa2dd/ffffff', '78df6c8a-1891-4a4b-9e0d-849a7c1cca41');
insert into IMAGE (id, created_at, updated_at, pic_location, product_id) values ('4b304c4b-54fe-4fe4-a50a-7c9ae9701eba', '8/24/2020', '7/15/2020', 'http://dummyimage.com/143x236.png/5fa2dd/ffffff', 'adf2b807-b95b-4b56-a6e1-060e1e3957fb');
insert into IMAGE (id, created_at, updated_at, pic_location, product_id) values ('db258d57-23d8-436c-98c7-7938ad08a0c7', '2/7/2020', '9/16/2020', 'http://dummyimage.com/100x217.png/ff4444/ffffff', '58196417-c172-49bf-ac12-637803726d27');
insert into IMAGE (id, created_at, updated_at, pic_location, product_id) values ('cc3fcbd5-82bf-4370-a6c4-0b09fca82ec7', '9/19/2020', '8/19/2020', 'http://dummyimage.com/124x184.jpg/dddddd/000000', 'e5e0f83f-be69-4a0d-9e11-5c65d4bb8cac');
insert into IMAGE (id, created_at, updated_at, pic_location, product_id) values ('e368461d-1be4-476e-a147-3224c0904fbd', '11/14/2020', '1/30/2020', 'http://dummyimage.com/237x205.jpg/cc0000/ffffff', 'cafdca3c-4470-4e0b-9b22-519c6626185f');
insert into IMAGE (id, created_at, updated_at, pic_location, product_id) values ('be237336-ea8f-44e0-89eb-178a4575184c', '11/11/2020', '3/5/2020', 'http://dummyimage.com/227x110.jpg/ff4444/ffffff', '3b80f57a-6454-408c-bce9-12e168f1165a');
insert into IMAGE (id, created_at, updated_at, pic_location, product_id) values ('49185a52-82bd-4b1c-b2a8-4e277ecbe8ca', '11/3/2020', '11/12/2020', 'http://dummyimage.com/186x161.bmp/cc0000/ffffff', 'a0009b5f-87cf-4b5d-a717-b079292a33b9');
insert into IMAGE (id, created_at, updated_at, pic_location, product_id) values ('169abcfa-7542-4e26-9aaf-b3b46f163e3f', '3/1/2020', '10/27/2020', 'http://dummyimage.com/155x132.jpg/cc0000/ffffff', '652025f9-2cd0-4e8b-97fe-a0281a2e7b75');
insert into IMAGE (id, created_at, updated_at, pic_location, product_id) values ('6f791956-afa9-4276-9dfd-9863bb3513d5', '11/4/2020', '6/26/2020', 'http://dummyimage.com/186x152.jpg/ff4444/ffffff', '901c22a3-a8bd-4c1b-834a-e5e82ee6f39c');
insert into IMAGE (id, created_at, updated_at, pic_location, product_id) values ('83272daa-14a3-46b2-b685-23c248b4c175', '5/30/2020', '7/29/2020', 'http://dummyimage.com/103x228.jpg/cc0000/ffffff', 'c6416ed5-97d9-44ef-a877-cdc2c69d13ba');
insert into IMAGE (id, created_at, updated_at, pic_location, product_id) values ('86ef74f9-fda1-433e-892e-da2fd1832afd', '4/7/2020', '3/26/2020', 'http://dummyimage.com/139x138.png/dddddd/000000', '3ca4d7cc-0dd8-4ff2-9715-5481521134d0');
insert into IMAGE (id, created_at, updated_at, pic_location, product_id) values ('62f778cd-a430-424e-b208-2e0e02b356e8', '5/16/2020', '3/24/2020', 'http://dummyimage.com/140x109.jpg/ff4444/ffffff', '5e644f92-bfd3-4c2c-ab24-e034ffa6f4f3');
insert into IMAGE (id, created_at, updated_at, pic_location, product_id) values ('9cb3358c-e992-4b61-b2fc-dc591a631435', '4/12/2020', '9/22/2020', 'http://dummyimage.com/115x138.png/5fa2dd/ffffff', 'e5e0f83f-be69-4a0d-9e11-5c65d4bb8cac');
insert into IMAGE (id, created_at, updated_at, pic_location, product_id) values ('c7f06c34-bbd3-462b-9494-abb62e6e7ede', '4/30/2020', '3/20/2020', 'http://dummyimage.com/236x244.bmp/ff4444/ffffff', '08558b51-f228-4291-9dd6-972dbf40fcfd');
insert into IMAGE (id, created_at, updated_at, pic_location, product_id) values ('bd8d61af-23a8-4b51-8154-096cb8f0714a', '1/2/2020', '4/13/2020', 'http://dummyimage.com/128x230.bmp/cc0000/ffffff', 'f845adf4-18d2-4f2b-8b80-ed3b38ec885c');
insert into IMAGE (id, created_at, updated_at, pic_location, product_id) values ('2944182e-cf02-44d9-9e18-92bfe588ffb2', '3/5/2020', '4/15/2020', 'http://dummyimage.com/170x141.png/cc0000/ffffff', 'a0009b5f-87cf-4b5d-a717-b079292a33b9');
insert into IMAGE (id, created_at, updated_at, pic_location, product_id) values ('e18ee06e-c99c-425f-85c9-4cc1eab17d43', '8/4/2020', '3/6/2020', 'http://dummyimage.com/139x226.png/ff4444/ffffff', 'fc531109-5ffa-4950-866a-0b68693c85ca');
insert into IMAGE (id, created_at, updated_at, pic_location, product_id) values ('7b47955c-56cc-410b-bd5e-bc5c0d91186c', '10/7/2020', '8/10/2020', 'http://dummyimage.com/220x192.bmp/cc0000/ffffff', '37f81f71-552a-452f-9a26-6a022e7a012f');
insert into IMAGE (id, created_at, updated_at, pic_location, product_id) values ('fd8cef38-a49c-4fd1-9f4a-95356716a101', '1/19/2020', '8/24/2020', 'http://dummyimage.com/144x191.bmp/5fa2dd/ffffff', 'ba227faa-2e53-430a-bbdb-420b291cb960');
insert into IMAGE (id, created_at, updated_at, pic_location, product_id) values ('dc2d974c-27a7-41ee-9b52-82bd2d7042c3', '7/7/2020', '3/8/2020', 'http://dummyimage.com/162x197.png/dddddd/000000', '65887fd3-e743-453a-9531-74fcd450301a');
insert into IMAGE (id, created_at, updated_at, pic_location, product_id) values ('c809919c-bd57-4ffc-8608-1f7738df7a22', '9/2/2020', '2/1/2020', 'http://dummyimage.com/121x111.jpg/cc0000/ffffff', 'c19ef939-579b-4de1-9709-4619343a91a5');
insert into IMAGE (id, created_at, updated_at, pic_location, product_id) values ('709a25bf-e83a-4492-b00c-9f3093da6c6c', '9/13/2020', '8/10/2020', 'http://dummyimage.com/146x212.bmp/5fa2dd/ffffff', '1534a3f3-f357-4a1e-a071-7b1e24934dee');
insert into IMAGE (id, created_at, updated_at, pic_location, product_id) values ('0b3d9d75-6181-48be-ac7d-d3922fd092e0', '5/8/2020', '8/8/2020', 'http://dummyimage.com/146x179.jpg/ff4444/ffffff', '17ae481b-a004-4d04-9f10-5aa5af9b3e36');
insert into IMAGE (id, created_at, updated_at, pic_location, product_id) values ('0aad48dc-2143-49e8-960e-336e824b1249', '5/13/2020', '2/28/2020', 'http://dummyimage.com/233x105.bmp/ff4444/ffffff', 'cf5c974c-00fe-4189-bdf8-95dd6c21725a');
insert into IMAGE (id, created_at, updated_at, pic_location, product_id) values ('b39ebc0f-ac5c-42aa-a270-3ac1c1a3cc88', '4/29/2020', '3/15/2020', 'http://dummyimage.com/242x108.jpg/cc0000/ffffff', '162bef58-aa71-4993-9992-853102cf25b2');
insert into IMAGE (id, created_at, updated_at, pic_location, product_id) values ('78a59a24-c5f3-4799-989a-10c8cb2b9a31', '1/29/2020', '10/5/2020', 'http://dummyimage.com/193x221.bmp/ff4444/ffffff', 'e7be3154-8afa-4ad3-8a46-91745b50ea86');
insert into IMAGE (id, created_at, updated_at, pic_location, product_id) values ('d6841252-7bfb-43fa-a43b-9af5252bf49a', '10/6/2020', '3/20/2020', 'http://dummyimage.com/145x156.jpg/ff4444/ffffff', '448d7050-5cae-4a9e-aa10-9f82a5d20fb1');
insert into IMAGE (id, created_at, updated_at, pic_location, product_id) values ('f1998e9d-2231-4dca-96fd-8840b7e9ff4d', '9/8/2020', '5/21/2020', 'http://dummyimage.com/133x227.jpg/cc0000/ffffff', '894d3bbb-6386-43cd-a504-47bad1a1c7ed');
insert into IMAGE (id, created_at, updated_at, pic_location, product_id) values ('281a458a-e721-493c-b7b1-5dae434ee4c2', '4/8/2020', '2/2/2020', 'http://dummyimage.com/153x114.bmp/5fa2dd/ffffff', '2e3a94f3-ce0c-45bc-b686-6a7966cac65e');
insert into IMAGE (id, created_at, updated_at, pic_location, product_id) values ('bd12040d-6e1c-467f-a24b-5d40150c83a0', '6/11/2020', '8/5/2020', 'http://dummyimage.com/175x155.jpg/cc0000/ffffff', '95b82fcf-21dc-44d4-a32d-3da1ea18949f');
insert into IMAGE (id, created_at, updated_at, pic_location, product_id) values ('60d21cf6-4d43-4e41-8dc0-54cd2c2d7be0', '5/27/2020', '10/1/2020', 'http://dummyimage.com/101x171.png/ff4444/ffffff', '2f59b91f-a3ce-4f52-baba-b2591fe17168');
insert into IMAGE (id, created_at, updated_at, pic_location, product_id) values ('d4312ae1-4054-42b3-b3ca-e3f482c700db', '11/28/2019', '3/12/2020', 'http://dummyimage.com/132x240.png/dddddd/000000', 'abbf58e6-ad1d-474f-baf5-df942775526b');
insert into IMAGE (id, created_at, updated_at, pic_location, product_id) values ('502fbbb6-9b25-4b3c-9ac2-39a6d1dceb6a', '11/13/2020', '3/21/2020', 'http://dummyimage.com/124x176.jpg/5fa2dd/ffffff', '918feacf-ac24-485e-939f-82016c30866c');
insert into IMAGE (id, created_at, updated_at, pic_location, product_id) values ('bc4a7d0e-7d3b-40da-9d98-eff53abc32b4', '4/26/2020', '10/30/2020', 'http://dummyimage.com/113x134.png/cc0000/ffffff', '6f605995-696e-412e-a228-d3e89069e98e');
insert into IMAGE (id, created_at, updated_at, pic_location, product_id) values ('92c6eb6b-8feb-41d4-851d-a6a7f52be2da', '8/28/2020', '12/4/2019', 'http://dummyimage.com/123x175.png/cc0000/ffffff', '06a7ffd3-1f94-4534-abc0-7264bcaae0e5');
insert into IMAGE (id, created_at, updated_at, pic_location, product_id) values ('cc29ea5f-8fca-4b9c-a4e5-6565496b450a', '4/21/2020', '12/4/2019', 'http://dummyimage.com/193x124.bmp/ff4444/ffffff', '512e56c0-5088-40da-9616-379de397df84');
insert into IMAGE (id, created_at, updated_at, pic_location, product_id) values ('fb293da1-ffcb-4158-8b7f-e69270f4d2ce', '12/17/2019', '3/7/2020', 'http://dummyimage.com/215x151.jpg/dddddd/000000', 'abbf58e6-ad1d-474f-baf5-df942775526b');
insert into IMAGE (id, created_at, updated_at, pic_location, product_id) values ('ef667b17-4e90-4b16-bde3-5d835d2c354f', '9/27/2020', '9/3/2020', 'http://dummyimage.com/163x145.jpg/5fa2dd/ffffff', '71ef4cd7-58fa-49fa-9e83-9065ede20bf3');
insert into IMAGE (id, created_at, updated_at, pic_location, product_id) values ('b67ea97b-92c8-4d29-a5ac-8b565a72cf5f', '1/1/2020', '12/4/2019', 'http://dummyimage.com/134x104.bmp/5fa2dd/ffffff', '6ec304ed-1ff5-407b-8e8b-730792c81a2a');
insert into IMAGE (id, created_at, updated_at, pic_location, product_id) values ('0d302da2-f85d-457d-8041-4962e070a22c', '2/13/2020', '7/13/2020', 'http://dummyimage.com/223x155.jpg/dddddd/000000', 'a93ddcd6-2091-4b13-80ae-9b3184a1df37');
insert into IMAGE (id, created_at, updated_at, pic_location, product_id) values ('e84f434f-bc71-4964-ab24-9bfccc09d7fc', '7/5/2020', '3/2/2020', 'http://dummyimage.com/220x250.png/5fa2dd/ffffff', '9db067e6-2e69-481f-9b7c-917d6940794d');
insert into IMAGE (id, created_at, updated_at, pic_location, product_id) values ('fc2eee1d-06e3-4d9c-b9d1-f342a34a054e', '5/31/2020', '1/10/2020', 'http://dummyimage.com/137x120.bmp/ff4444/ffffff', '44476b37-2351-4a0f-80e3-34c7cf62e748');
insert into IMAGE (id, created_at, updated_at, pic_location, product_id) values ('ed3e57ca-6b88-4ab6-a1a3-a1e9ac9bb488', '3/29/2020', '6/6/2020', 'http://dummyimage.com/187x101.jpg/cc0000/ffffff', 'f4e7fbd5-35bc-4d27-9127-1df83db29c9b');
insert into IMAGE (id, created_at, updated_at, pic_location, product_id) values ('5fd7520c-c8d7-4be8-b7dd-351d6e5af6d0', '4/1/2020', '12/6/2019', 'http://dummyimage.com/124x214.bmp/5fa2dd/ffffff', '8345b6f3-cab6-4b28-ab1b-aabe75a6a569');
insert into IMAGE (id, created_at, updated_at, pic_location, product_id) values ('980cb40e-5c41-44da-80cf-c454ea7cee7e', '12/6/2019', '11/29/2019', 'http://dummyimage.com/214x196.png/dddddd/000000', '918feacf-ac24-485e-939f-82016c30866c');
insert into IMAGE (id, created_at, updated_at, pic_location, product_id) values ('b195f39b-b772-41f0-97c5-7196ac41ba84', '9/29/2020', '3/3/2020', 'http://dummyimage.com/184x242.png/5fa2dd/ffffff', 'a0009b5f-87cf-4b5d-a717-b079292a33b9');
insert into IMAGE (id, created_at, updated_at, pic_location, product_id) values ('84f608fe-ab95-4855-a373-fb7859538a76', '10/19/2020', '3/6/2020', 'http://dummyimage.com/241x152.bmp/dddddd/000000', '2f59b91f-a3ce-4f52-baba-b2591fe17168');
insert into IMAGE (id, created_at, updated_at, pic_location, product_id) values ('f6e799fc-c9ca-4bfa-96f3-39fa04de4b2e', '6/19/2020', '2/11/2020', 'http://dummyimage.com/101x165.bmp/cc0000/ffffff', '901c22a3-a8bd-4c1b-834a-e5e82ee6f39c');
insert into IMAGE (id, created_at, updated_at, pic_location, product_id) values ('c93b9a47-450e-46af-9076-14df1a3af0b9', '10/15/2020', '6/19/2020', 'http://dummyimage.com/200x138.bmp/5fa2dd/ffffff', '448d7050-5cae-4a9e-aa10-9f82a5d20fb1');
insert into IMAGE (id, created_at, updated_at, pic_location, product_id) values ('675a3fc5-ba5e-49f3-8999-acf8b2d4ea7c', '3/4/2020', '4/27/2020', 'http://dummyimage.com/115x248.png/ff4444/ffffff', '78df6c8a-1891-4a4b-9e0d-849a7c1cca41');
insert into IMAGE (id, created_at, updated_at, pic_location, product_id) values ('d29d35c2-8212-46a2-a52b-13cbdb1b07b6', '7/14/2020', '11/29/2019', 'http://dummyimage.com/110x249.jpg/cc0000/ffffff', 'c9b0640b-2ce5-41e0-b312-843561ce5846');
insert into IMAGE (id, created_at, updated_at, pic_location, product_id) values ('8df4b38c-41c9-495c-b2a1-97b2e375fdca', '1/12/2020', '9/9/2020', 'http://dummyimage.com/143x243.jpg/ff4444/ffffff', '9db067e6-2e69-481f-9b7c-917d6940794d');
insert into IMAGE (id, created_at, updated_at, pic_location, product_id) values ('214a0b27-4663-4a03-bdc7-969216f9fcd6', '12/23/2019', '6/29/2020', 'http://dummyimage.com/218x210.jpg/ff4444/ffffff', 'f845adf4-18d2-4f2b-8b80-ed3b38ec885c');
insert into IMAGE (id, created_at, updated_at, pic_location, product_id) values ('72cec97b-35c2-430a-9d84-c8dd84875231', '6/12/2020', '11/22/2019', 'http://dummyimage.com/242x206.png/cc0000/ffffff', '5d9460f7-ea53-4379-b82f-98ae77e7fc31');
insert into IMAGE (id, created_at, updated_at, pic_location, product_id) values ('df5348cb-9ed4-44c0-8cc7-cbb9441ed83b', '5/19/2020', '2/13/2020', 'http://dummyimage.com/173x115.png/ff4444/ffffff', '2e3a94f3-ce0c-45bc-b686-6a7966cac65e');
insert into IMAGE (id, created_at, updated_at, pic_location, product_id) values ('6a72a5e0-f42a-4465-9ece-5d77fde55656', '8/16/2020', '7/17/2020', 'http://dummyimage.com/238x212.jpg/ff4444/ffffff', '22aced07-fd83-4d6b-80a8-8a00101bfe67');
insert into IMAGE (id, created_at, updated_at, pic_location, product_id) values ('39c84dab-843b-4998-8556-d1aa6e9446ef', '8/9/2020', '5/26/2020', 'http://dummyimage.com/150x178.png/cc0000/ffffff', '1534a3f3-f357-4a1e-a071-7b1e24934dee');
insert into IMAGE (id, created_at, updated_at, pic_location, product_id) values ('9177f898-0d78-405b-812f-13dba9bb0040', '9/18/2020', '11/25/2019', 'http://dummyimage.com/110x245.png/ff4444/ffffff', '06a7ffd3-1f94-4534-abc0-7264bcaae0e5');
insert into IMAGE (id, created_at, updated_at, pic_location, product_id) values ('f642e201-e193-42b9-9253-04ebe6980f6c', '12/7/2019', '3/20/2020', 'http://dummyimage.com/115x208.png/dddddd/000000', 'e3bc41ea-369c-46d8-addf-553009cad8a0');
insert into IMAGE (id, created_at, updated_at, pic_location, product_id) values ('1b8a6dca-49a1-4489-843f-c1016174ef42', '12/4/2019', '9/13/2020', 'http://dummyimage.com/105x131.png/cc0000/ffffff', 'c6fd3f2e-487f-4123-9eb6-71d9d3584193');
insert into IMAGE (id, created_at, updated_at, pic_location, product_id) values ('dd9dd889-198e-4c81-8aa3-4f2a26362e10', '10/4/2020', '6/23/2020', 'http://dummyimage.com/235x136.bmp/cc0000/ffffff', '9dc2ebd8-e139-461c-a5a7-f08c9e8cf2b1');
insert into IMAGE (id, created_at, updated_at, pic_location, product_id) values ('79712238-4846-4944-864e-17c8184d883b', '10/28/2020', '7/21/2020', 'http://dummyimage.com/213x200.jpg/ff4444/ffffff', 'a07b28e2-a402-40f8-a3f0-3aa9062238f6');
insert into IMAGE (id, created_at, updated_at, pic_location, product_id) values ('e135877a-c248-45f4-90b3-daa5992f7ef8', '7/19/2020', '2/23/2020', 'http://dummyimage.com/162x134.jpg/ff4444/ffffff', 'c29b2f9e-9583-4dba-a18b-3a7ec03df6c3');
insert into IMAGE (id, created_at, updated_at, pic_location, product_id) values ('83d49dc3-9168-47fd-9a75-a372c978a1ad', '7/11/2020', '7/15/2020', 'http://dummyimage.com/225x199.bmp/5fa2dd/ffffff', '9afdd7ca-7e6b-4c4c-b8fd-248809d0407f');
insert into IMAGE (id, created_at, updated_at, pic_location, product_id) values ('10469712-d674-47ae-a6ca-5ddc423794a0', '3/29/2020', '8/1/2020', 'http://dummyimage.com/234x215.jpg/ff4444/ffffff', '17ae481b-a004-4d04-9f10-5aa5af9b3e36');
insert into IMAGE (id, created_at, updated_at, pic_location, product_id) values ('33a28f0c-d2d1-463a-8200-ef07aee30ed3', '11/25/2019', '4/17/2020', 'http://dummyimage.com/245x148.png/ff4444/ffffff', '5d9460f7-ea53-4379-b82f-98ae77e7fc31');
insert into IMAGE (id, created_at, updated_at, pic_location, product_id) values ('bde1f46a-0899-4a84-95ec-6422406f600a', '1/23/2020', '9/17/2020', 'http://dummyimage.com/227x183.jpg/ff4444/ffffff', '15cbbcbf-c2fe-405f-a876-fc429e913ef8');
insert into IMAGE (id, created_at, updated_at, pic_location, product_id) values ('cee2ed55-57cc-4ac3-864f-be816c4139ce', '6/29/2020', '4/22/2020', 'http://dummyimage.com/208x151.jpg/cc0000/ffffff', 'ba227faa-2e53-430a-bbdb-420b291cb960');
insert into IMAGE (id, created_at, updated_at, pic_location, product_id) values ('2bc37c50-07ec-46a8-97b7-41b950907de6', '4/5/2020', '1/31/2020', 'http://dummyimage.com/176x242.bmp/ff4444/ffffff', 'cdf90f7e-964c-4dc8-881f-8260bb477250');
insert into IMAGE (id, created_at, updated_at, pic_location, product_id) values ('8d74294c-50cd-4a49-8871-396698f124bd', '5/16/2020', '4/10/2020', 'http://dummyimage.com/223x159.png/5fa2dd/ffffff', '8b2e1aa2-3045-4cf3-b41e-02914c406b5a');
insert into IMAGE (id, created_at, updated_at, pic_location, product_id) values ('2c47fefc-b925-46da-9665-81ac74eac3bb', '5/25/2020', '7/28/2020', 'http://dummyimage.com/180x206.jpg/dddddd/000000', 'c96bf5f2-8f06-41cb-83f4-4839fe55286f');
insert into IMAGE (id, created_at, updated_at, pic_location, product_id) values ('48a0a455-8749-41af-8e05-7dcf59c6b0f8', '5/15/2020', '5/7/2020', 'http://dummyimage.com/221x215.bmp/5fa2dd/ffffff', '9dc2ebd8-e139-461c-a5a7-f08c9e8cf2b1');
insert into IMAGE (id, created_at, updated_at, pic_location, product_id) values ('1b86e0f6-883b-46db-8617-8ec449a6c08e', '3/26/2020', '3/24/2020', 'http://dummyimage.com/123x217.jpg/5fa2dd/ffffff', '95b82fcf-21dc-44d4-a32d-3da1ea18949f');
insert into IMAGE (id, created_at, updated_at, pic_location, product_id) values ('b07f14fa-b203-473e-8bfb-172737119821', '9/2/2020', '6/5/2020', 'http://dummyimage.com/207x202.jpg/dddddd/000000', '86875b74-7b33-482c-95e8-f2d426b4d141');
insert into IMAGE (id, created_at, updated_at, pic_location, product_id) values ('1baed6ac-a691-409a-b179-2a1d70f42b27', '4/8/2020', '9/15/2020', 'http://dummyimage.com/144x124.bmp/5fa2dd/ffffff', '2e3a94f3-ce0c-45bc-b686-6a7966cac65e');
insert into IMAGE (id, created_at, updated_at, pic_location, product_id) values ('56ab58e9-904c-4a6a-bfbf-d49b69243990', '2/8/2020', '1/27/2020', 'http://dummyimage.com/173x168.png/ff4444/ffffff', '3ca4d7cc-0dd8-4ff2-9715-5481521134d0');
insert into IMAGE (id, created_at, updated_at, pic_location, product_id) values ('2f8b18b0-678f-4b52-87e2-391c46106d48', '6/6/2020', '3/1/2020', 'http://dummyimage.com/190x219.png/cc0000/ffffff', 'a93ddcd6-2091-4b13-80ae-9b3184a1df37');
insert into IMAGE (id, created_at, updated_at, pic_location, product_id) values ('e80c3169-bb7c-46fd-a445-57e5075268a4', '5/22/2020', '7/5/2020', 'http://dummyimage.com/185x136.jpg/cc0000/ffffff', 'fc531109-5ffa-4950-866a-0b68693c85ca');
insert into IMAGE (id, created_at, updated_at, pic_location, product_id) values ('301fc09c-98cd-4291-b228-252a9353c017', '3/2/2020', '7/7/2020', 'http://dummyimage.com/193x218.bmp/ff4444/ffffff', '1f81ffac-b063-4671-92c0-1364ed51b57c');
insert into IMAGE (id, created_at, updated_at, pic_location, product_id) values ('e8b77fdb-bc65-4e49-875f-c3d59ef7ffee', '11/16/2020', '9/17/2020', 'http://dummyimage.com/140x185.png/cc0000/ffffff', 'c29b2f9e-9583-4dba-a18b-3a7ec03df6c3');
insert into IMAGE (id, created_at, updated_at, pic_location, product_id) values ('cf63e45c-137b-4d0a-a5e8-c6663eac18dd', '5/29/2020', '2/7/2020', 'http://dummyimage.com/236x138.png/cc0000/ffffff', 'fc531109-5ffa-4950-866a-0b68693c85ca');
insert into IMAGE (id, created_at, updated_at, pic_location, product_id) values ('73f75ba9-0a24-4a7d-9661-0e3fcf813d35', '11/13/2020', '1/20/2020', 'http://dummyimage.com/189x138.png/ff4444/ffffff', 'cf5c974c-00fe-4189-bdf8-95dd6c21725a');
insert into IMAGE (id, created_at, updated_at, pic_location, product_id) values ('10116973-6942-40ef-898d-1beb6ef32b89', '9/9/2020', '7/6/2020', 'http://dummyimage.com/127x104.bmp/dddddd/000000', '9b288bfb-6103-4d2c-8b01-b8116f1fa8a3');
insert into IMAGE (id, created_at, updated_at, pic_location, product_id) values ('22f7c35b-47e2-4289-923f-aea4ec4d30ac', '9/13/2020', '8/16/2020', 'http://dummyimage.com/196x114.bmp/cc0000/ffffff', 'c6fd3f2e-487f-4123-9eb6-71d9d3584193');
insert into IMAGE (id, created_at, updated_at, pic_location, product_id) values ('53c35528-5eea-4768-a536-218cd37c0719', '9/24/2020', '5/13/2020', 'http://dummyimage.com/218x172.png/ff4444/ffffff', 'a0009b5f-87cf-4b5d-a717-b079292a33b9');
insert into IMAGE (id, created_at, updated_at, pic_location, product_id) values ('9b2f2e54-7cce-47fa-b612-19df03bf88ed', '11/20/2020', '9/25/2020', 'http://dummyimage.com/187x219.bmp/dddddd/000000', '44cc1c9d-be9c-4409-801b-b76cbb3c5939');
insert into IMAGE (id, created_at, updated_at, pic_location, product_id) values ('3b1f12a5-6737-47c2-b40f-f3e729b1002c', '4/2/2020', '12/11/2019', 'http://dummyimage.com/115x195.bmp/ff4444/ffffff', '3ca4d7cc-0dd8-4ff2-9715-5481521134d0');
insert into IMAGE (id, created_at, updated_at, pic_location, product_id) values ('b91949d2-79a1-4b25-b59f-97393961044a', '11/20/2020', '3/17/2020', 'http://dummyimage.com/238x211.bmp/cc0000/ffffff', 'c6fd3f2e-487f-4123-9eb6-71d9d3584193');
insert into IMAGE (id, created_at, updated_at, pic_location, product_id) values ('a62aa1e6-e5a4-4ba2-a9f0-dc81cf18195b', '5/17/2020', '4/12/2020', 'http://dummyimage.com/126x113.png/cc0000/ffffff', '1d3647b2-e615-47a6-967f-ffdb1da9a16e');
insert into IMAGE (id, created_at, updated_at, pic_location, product_id) values ('e45eb68e-ff4f-48df-a3e9-75665b90d265', '8/2/2020', '12/8/2019', 'http://dummyimage.com/165x179.jpg/5fa2dd/ffffff', '8345b6f3-cab6-4b28-ab1b-aabe75a6a569');
insert into IMAGE (id, created_at, updated_at, pic_location, product_id) values ('63a1d1f9-e529-474a-acc6-358ef713841d', '12/16/2019', '9/2/2020', 'http://dummyimage.com/124x244.png/5fa2dd/ffffff', '8345b6f3-cab6-4b28-ab1b-aabe75a6a569');
insert into IMAGE (id, created_at, updated_at, pic_location, product_id) values ('7d9c3153-8520-4650-b9af-0d4cbe68d498', '6/3/2020', '5/10/2020', 'http://dummyimage.com/134x157.bmp/dddddd/000000', '1d3647b2-e615-47a6-967f-ffdb1da9a16e');
insert into IMAGE (id, created_at, updated_at, pic_location, product_id) values ('9a3702fe-2af6-4f4e-ba26-8560b5ac9b1e', '8/4/2020', '11/19/2020', 'http://dummyimage.com/126x140.png/dddddd/000000', '6a7b1b4c-8679-4f66-9344-9637c3c700a0');
insert into IMAGE (id, created_at, updated_at, pic_location, product_id) values ('562747de-d67f-44f7-872b-1877c12f3e0b', '10/8/2020', '2/2/2020', 'http://dummyimage.com/176x105.jpg/cc0000/ffffff', 'fc531109-5ffa-4950-866a-0b68693c85ca');
insert into IMAGE (id, created_at, updated_at, pic_location, product_id) values ('c99f195d-18f0-4158-aeda-f48c924c221a', '5/16/2020', '1/8/2020', 'http://dummyimage.com/229x131.bmp/ff4444/ffffff', '108fdc09-a10d-49c0-abef-1628642fdc7f');
insert into IMAGE (id, created_at, updated_at, pic_location, product_id) values ('dfd5d882-575a-4ede-9249-3a2e68091903', '9/29/2020', '8/26/2020', 'http://dummyimage.com/112x216.bmp/cc0000/ffffff', '10985d43-d494-48a7-a4f2-a23ab876fbda');
insert into IMAGE (id, created_at, updated_at, pic_location, product_id) values ('695423a6-2821-4102-ab7a-6bde581b7f54', '2/16/2020', '9/11/2020', 'http://dummyimage.com/228x244.jpg/5fa2dd/ffffff', 'e332e53c-58ab-4542-b8b8-6b71393fd906');
insert into IMAGE (id, created_at, updated_at, pic_location, product_id) values ('db6f0c85-4965-495f-b746-32b13d31d9c6', '5/7/2020', '9/28/2020', 'http://dummyimage.com/246x223.bmp/cc0000/ffffff', '16201631-18c9-4fa7-8912-b763154e6f75');
insert into IMAGE (id, created_at, updated_at, pic_location, product_id) values ('f4d8e39e-4eba-4043-ba14-7be8d95523b0', '10/16/2020', '4/24/2020', 'http://dummyimage.com/165x228.bmp/cc0000/ffffff', 'd3354811-8944-4137-a0e3-d758c8140c83');
insert into IMAGE (id, created_at, updated_at, pic_location, product_id) values ('54061e65-eed5-457b-9c96-34a47a0b0144', '10/6/2020', '8/15/2020', 'http://dummyimage.com/234x147.bmp/cc0000/ffffff', 'a07b28e2-a402-40f8-a3f0-3aa9062238f6');
insert into IMAGE (id, created_at, updated_at, pic_location, product_id) values ('58c25626-8f28-48d2-a4cc-028070704e10', '12/24/2019', '3/11/2020', 'http://dummyimage.com/237x241.jpg/cc0000/ffffff', 'c6fd3f2e-487f-4123-9eb6-71d9d3584193');
insert into IMAGE (id, created_at, updated_at, pic_location, product_id) values ('87ea06a0-e318-4604-bd33-993ebb15f140', '4/10/2020', '2/28/2020', 'http://dummyimage.com/121x109.jpg/5fa2dd/ffffff', '10985d43-d494-48a7-a4f2-a23ab876fbda');
insert into IMAGE (id, created_at, updated_at, pic_location, product_id) values ('8f121bb6-9bca-4a2b-a57d-1088b135b330', '8/1/2020', '7/8/2020', 'http://dummyimage.com/112x183.png/5fa2dd/ffffff', 'a07b28e2-a402-40f8-a3f0-3aa9062238f6');
insert into IMAGE (id, created_at, updated_at, pic_location, product_id) values ('31e71434-8147-42bf-a6dd-25a63691f7f9', '2/12/2020', '12/8/2019', 'http://dummyimage.com/238x223.bmp/ff4444/ffffff', '22aced07-fd83-4d6b-80a8-8a00101bfe67');
insert into IMAGE (id, created_at, updated_at, pic_location, product_id) values ('fa41e22f-29c8-49d0-9f4e-b13eb27a7f2b', '9/12/2020', '12/4/2019', 'http://dummyimage.com/196x240.png/5fa2dd/ffffff', '71ef4cd7-58fa-49fa-9e83-9065ede20bf3');
insert into IMAGE (id, created_at, updated_at, pic_location, product_id) values ('ad6d3e7f-04f9-4ea1-9313-56b369a0e6b0', '11/2/2020', '3/12/2020', 'http://dummyimage.com/210x160.png/dddddd/000000', '08558b51-f228-4291-9dd6-972dbf40fcfd');
insert into IMAGE (id, created_at, updated_at, pic_location, product_id) values ('8670864f-318c-412a-8778-a154cfbbbb0c', '5/27/2020', '10/25/2020', 'http://dummyimage.com/132x198.jpg/5fa2dd/ffffff', '3ca4d7cc-0dd8-4ff2-9715-5481521134d0');
insert into IMAGE (id, created_at, updated_at, pic_location, product_id) values ('1b77878f-cfd7-4d27-b084-327eddce0f9a', '1/12/2020', '1/5/2020', 'http://dummyimage.com/206x230.png/ff4444/ffffff', '16201631-18c9-4fa7-8912-b763154e6f75');
insert into IMAGE (id, created_at, updated_at, pic_location, product_id) values ('3403cb71-b2da-49e5-99a1-65ec3eee9ee8', '1/31/2020', '2/7/2020', 'http://dummyimage.com/214x204.jpg/dddddd/000000', 'c6fd3f2e-487f-4123-9eb6-71d9d3584193');
insert into IMAGE (id, created_at, updated_at, pic_location, product_id) values ('d3bc8997-4e31-4fbd-b722-629abe8f6a2a', '12/15/2019', '9/29/2020', 'http://dummyimage.com/110x105.bmp/dddddd/000000', '652025f9-2cd0-4e8b-97fe-a0281a2e7b75');
insert into IMAGE (id, created_at, updated_at, pic_location, product_id) values ('3fdd827a-6f7f-4c27-9877-e6960ed0500e', '11/24/2019', '6/6/2020', 'http://dummyimage.com/231x188.bmp/dddddd/000000', 'f4e7fbd5-35bc-4d27-9127-1df83db29c9b');
insert into IMAGE (id, created_at, updated_at, pic_location, product_id) values ('c681f39e-da93-49f3-8a50-e60f7031c2d3', '4/28/2020', '2/12/2020', 'http://dummyimage.com/241x249.jpg/cc0000/ffffff', '3b80f57a-6454-408c-bce9-12e168f1165a');
insert into IMAGE (id, created_at, updated_at, pic_location, product_id) values ('5370c322-f77f-4e2b-88da-a84e193ad814', '2/11/2020', '11/3/2020', 'http://dummyimage.com/230x204.png/5fa2dd/ffffff', '9db067e6-2e69-481f-9b7c-917d6940794d');
insert into IMAGE (id, created_at, updated_at, pic_location, product_id) values ('ccedb21f-6f32-40a7-9b4e-64e296d7c10c', '8/22/2020', '8/8/2020', 'http://dummyimage.com/220x214.png/ff4444/ffffff', '6f605995-696e-412e-a228-d3e89069e98e');
insert into IMAGE (id, created_at, updated_at, pic_location, product_id) values ('cfc35ccf-bb0e-4b22-bdcf-bbf6c49dd7bb', '12/17/2019', '11/22/2019', 'http://dummyimage.com/209x249.bmp/dddddd/000000', '16201631-18c9-4fa7-8912-b763154e6f75');
insert into IMAGE (id, created_at, updated_at, pic_location, product_id) values ('be9d3141-5cc6-4e1a-88f7-20e827d30953', '1/28/2020', '3/9/2020', 'http://dummyimage.com/131x119.bmp/5fa2dd/ffffff', '3b80f57a-6454-408c-bce9-12e168f1165a');
insert into IMAGE (id, created_at, updated_at, pic_location, product_id) values ('119455eb-5491-4efc-933b-ed71e8b00257', '4/4/2020', '6/18/2020', 'http://dummyimage.com/184x247.png/dddddd/000000', 'abbf58e6-ad1d-474f-baf5-df942775526b');
insert into IMAGE (id, created_at, updated_at, pic_location, product_id) values ('99f4d8c2-ef47-4286-989c-7cd98e843c88', '7/5/2020', '10/13/2020', 'http://dummyimage.com/114x160.jpg/5fa2dd/ffffff', 'fbc9cee0-ea3a-4aef-92fe-81817b4fc53d');
insert into IMAGE (id, created_at, updated_at, pic_location, product_id) values ('d7ec89dd-8854-42e6-8751-0f41256d7732', '9/23/2020', '4/8/2020', 'http://dummyimage.com/193x164.jpg/5fa2dd/ffffff', '3ca4d7cc-0dd8-4ff2-9715-5481521134d0');
insert into IMAGE (id, created_at, updated_at, pic_location, product_id) values ('5071c977-2cbc-4d6d-82ad-b97e14a60b5f', '4/8/2020', '1/28/2020', 'http://dummyimage.com/225x214.jpg/5fa2dd/ffffff', '9b288bfb-6103-4d2c-8b01-b8116f1fa8a3');
insert into IMAGE (id, created_at, updated_at, pic_location, product_id) values ('9f4a9c5c-44e5-47ee-818b-62505a37f7de', '1/4/2020', '10/3/2020', 'http://dummyimage.com/109x155.png/cc0000/ffffff', 'c6416ed5-97d9-44ef-a877-cdc2c69d13ba');
insert into IMAGE (id, created_at, updated_at, pic_location, product_id) values ('f2da0a3b-fc41-46d4-9d9e-47b38c6fc4b4', '4/24/2020', '2/27/2020', 'http://dummyimage.com/143x186.bmp/dddddd/000000', '0f32d999-d8d7-40bf-aee8-d4fa477c262d');
insert into IMAGE (id, created_at, updated_at, pic_location, product_id) values ('a28321ee-b8a9-4c3e-bbac-d55be9d42b51', '8/15/2020', '4/28/2020', 'http://dummyimage.com/219x235.png/ff4444/ffffff', 'ba227faa-2e53-430a-bbdb-420b291cb960');
insert into IMAGE (id, created_at, updated_at, pic_location, product_id) values ('10211a90-3d3a-4da2-bdad-811c7e87dd6d', '11/24/2019', '12/17/2019', 'http://dummyimage.com/124x174.png/5fa2dd/ffffff', '5e644f92-bfd3-4c2c-ab24-e034ffa6f4f3');
insert into IMAGE (id, created_at, updated_at, pic_location, product_id) values ('dca50f1b-17f0-4c2a-b64b-cd6d867cf75f', '7/15/2020', '3/2/2020', 'http://dummyimage.com/104x231.bmp/ff4444/ffffff', '7779cb62-0f98-4484-be4c-ba4c549779d3');
insert into IMAGE (id, created_at, updated_at, pic_location, product_id) values ('82790dae-9b80-4d08-9fcf-ba0bc72d905f', '12/23/2019', '3/8/2020', 'http://dummyimage.com/234x128.png/dddddd/000000', '95b82fcf-21dc-44d4-a32d-3da1ea18949f');
insert into IMAGE (id, created_at, updated_at, pic_location, product_id) values ('f9f19d25-fbeb-48b7-a45b-7312433c2b7b', '12/2/2019', '8/15/2020', 'http://dummyimage.com/149x153.jpg/5fa2dd/ffffff', '15cbbcbf-c2fe-405f-a876-fc429e913ef8');
insert into IMAGE (id, created_at, updated_at, pic_location, product_id) values ('c3d5930a-ec4f-4c5d-a8fb-689b85da59bb', '5/5/2020', '2/28/2020', 'http://dummyimage.com/175x117.png/5fa2dd/ffffff', '17ae481b-a004-4d04-9f10-5aa5af9b3e36');
insert into IMAGE (id, created_at, updated_at, pic_location, product_id) values ('a1360dd7-ff55-4c20-9e8b-b7bbae8294b8', '1/18/2020', '11/13/2020', 'http://dummyimage.com/153x242.jpg/5fa2dd/ffffff', 'e5e0f83f-be69-4a0d-9e11-5c65d4bb8cac');
insert into IMAGE (id, created_at, updated_at, pic_location, product_id) values ('2d808d93-008e-4100-a46b-d03f69609af4', '10/12/2020', '10/2/2020', 'http://dummyimage.com/122x205.jpg/5fa2dd/ffffff', 'd3354811-8944-4137-a0e3-d758c8140c83');
insert into IMAGE (id, created_at, updated_at, pic_location, product_id) values ('c103f715-f0bf-4473-92c7-96034afb58fe', '9/16/2020', '3/4/2020', 'http://dummyimage.com/141x166.bmp/cc0000/ffffff', 'faa7a856-4cbe-4143-8701-0dc0e0209af6');
insert into IMAGE (id, created_at, updated_at, pic_location, product_id) values ('906115be-116d-4bdc-91f3-7c13957bb95b', '3/3/2020', '8/19/2020', 'http://dummyimage.com/147x210.bmp/5fa2dd/ffffff', 'b4c56f0d-31c1-4381-a0b4-9ce389aedfa9');
insert into IMAGE (id, created_at, updated_at, pic_location, product_id) values ('dca9053c-de53-4a7a-aff0-607e33d57453', '10/8/2020', '6/27/2020', 'http://dummyimage.com/226x149.jpg/dddddd/000000', '48a9aa7e-3657-4182-9f23-c337eeb340ab');
insert into IMAGE (id, created_at, updated_at, pic_location, product_id) values ('68722bf4-4151-466f-a03a-8eff3e462205', '6/11/2020', '1/12/2020', 'http://dummyimage.com/180x106.png/ff4444/ffffff', 'c6fd3f2e-487f-4123-9eb6-71d9d3584193');
insert into IMAGE (id, created_at, updated_at, pic_location, product_id) values ('0682f324-2760-4ac7-a04a-ac275463f2a8', '12/13/2019', '12/7/2019', 'http://dummyimage.com/183x188.png/dddddd/000000', 'c19ef939-579b-4de1-9709-4619343a91a5');
insert into IMAGE (id, created_at, updated_at, pic_location, product_id) values ('6031f7fb-fdee-4ced-a186-a8b3ac557afb', '9/21/2020', '7/11/2020', 'http://dummyimage.com/141x217.bmp/dddddd/000000', '3b80f57a-6454-408c-bce9-12e168f1165a');
insert into IMAGE (id, created_at, updated_at, pic_location, product_id) values ('1e251655-1b9c-4d64-babe-e6cf2bafc9f8', '1/22/2020', '10/28/2020', 'http://dummyimage.com/178x235.jpg/dddddd/000000', '894d3bbb-6386-43cd-a504-47bad1a1c7ed');
insert into IMAGE (id, created_at, updated_at, pic_location, product_id) values ('4224ef02-f816-4dd5-b1b8-d70d0e01f34f', '10/26/2020', '11/8/2020', 'http://dummyimage.com/128x150.png/5fa2dd/ffffff', '5e644f92-bfd3-4c2c-ab24-e034ffa6f4f3');
insert into IMAGE (id, created_at, updated_at, pic_location, product_id) values ('681e0389-0581-4607-aeb3-7709c82c3827', '5/30/2020', '4/25/2020', 'http://dummyimage.com/193x219.bmp/cc0000/ffffff', 'e5e0f83f-be69-4a0d-9e11-5c65d4bb8cac');
insert into IMAGE (id, created_at, updated_at, pic_location, product_id) values ('177ff623-0a4b-406c-8fdf-255cd801cbc7', '7/30/2020', '2/11/2020', 'http://dummyimage.com/170x182.png/dddddd/000000', '6a7b1b4c-8679-4f66-9344-9637c3c700a0');
insert into IMAGE (id, created_at, updated_at, pic_location, product_id) values ('91522e37-ebe3-4418-9c55-66e673a931fd', '1/24/2020', '12/20/2019', 'http://dummyimage.com/177x169.png/ff4444/ffffff', '5a4cc834-5d82-44a8-a504-f3baee75db34');
insert into IMAGE (id, created_at, updated_at, pic_location, product_id) values ('eefac150-e771-477f-a945-e3db89310fb9', '1/20/2020', '7/15/2020', 'http://dummyimage.com/119x218.png/cc0000/ffffff', '7da21984-5b36-48ed-9a1e-e2c5ebe25800');
insert into IMAGE (id, created_at, updated_at, pic_location, product_id) values ('57fdb032-eaa2-4eb5-9e11-9586919e6763', '12/30/2019', '6/26/2020', 'http://dummyimage.com/237x174.jpg/dddddd/000000', '6f605995-696e-412e-a228-d3e89069e98e');
insert into IMAGE (id, created_at, updated_at, pic_location, product_id) values ('85f1e2ad-a335-418b-ade1-af513b1128dc', '4/27/2020', '4/16/2020', 'http://dummyimage.com/128x180.bmp/cc0000/ffffff', 'f845adf4-18d2-4f2b-8b80-ed3b38ec885c');
insert into IMAGE (id, created_at, updated_at, pic_location, product_id) values ('fc26c890-a096-4da3-b821-ad6d41ab0523', '2/2/2020', '9/8/2020', 'http://dummyimage.com/131x193.bmp/cc0000/ffffff', '9eabcd7e-8b94-465d-abac-61788ac21709');
insert into IMAGE (id, created_at, updated_at, pic_location, product_id) values ('da0deb49-d080-4203-a72a-32525ced59f4', '5/27/2020', '11/22/2019', 'http://dummyimage.com/223x116.png/ff4444/ffffff', '86875b74-7b33-482c-95e8-f2d426b4d141');
insert into IMAGE (id, created_at, updated_at, pic_location, product_id) values ('d83b7c46-6b15-4b11-a4cf-3be6663ec1f3', '9/11/2020', '10/13/2020', 'http://dummyimage.com/213x141.bmp/cc0000/ffffff', '2e3a94f3-ce0c-45bc-b686-6a7966cac65e');
insert into IMAGE (id, created_at, updated_at, pic_location, product_id) values ('f25b4ba6-e517-4719-9dc9-d5b292a5979c', '10/16/2020', '2/18/2020', 'http://dummyimage.com/248x192.bmp/ff4444/ffffff', 'e3bc41ea-369c-46d8-addf-553009cad8a0');
insert into IMAGE (id, created_at, updated_at, pic_location, product_id) values ('c5a1c9d5-e50e-4dcf-9c6a-7c29e8a8416d', '8/10/2020', '6/26/2020', 'http://dummyimage.com/222x141.png/5fa2dd/ffffff', '37f81f71-552a-452f-9a26-6a022e7a012f');
insert into IMAGE (id, created_at, updated_at, pic_location, product_id) values ('007aede2-d33e-4b33-9ab0-1159a0e87318', '4/10/2020', '8/25/2020', 'http://dummyimage.com/189x205.png/cc0000/ffffff', '10efef70-0ba6-427b-bb87-184ba75aec60');
insert into IMAGE (id, created_at, updated_at, pic_location, product_id) values ('27151f87-eef4-447f-b762-6736e7081b2a', '3/17/2020', '4/14/2020', 'http://dummyimage.com/235x161.jpg/cc0000/ffffff', '10efef70-0ba6-427b-bb87-184ba75aec60');
insert into IMAGE (id, created_at, updated_at, pic_location, product_id) values ('2bc2eb6a-e9a8-4011-a993-6269fa90f41c', '9/26/2020', '3/14/2020', 'http://dummyimage.com/114x162.bmp/ff4444/ffffff', '162bef58-aa71-4993-9992-853102cf25b2');
insert into IMAGE (id, created_at, updated_at, pic_location, product_id) values ('6791ef2b-bafb-480d-9f64-14d5ca70ccf1', '5/14/2020', '1/2/2020', 'http://dummyimage.com/107x234.png/5fa2dd/ffffff', '16201631-18c9-4fa7-8912-b763154e6f75');
insert into IMAGE (id, created_at, updated_at, pic_location, product_id) values ('004b5835-50d0-4b29-a8aa-68da76d2fcb7', '10/17/2020', '2/3/2020', 'http://dummyimage.com/188x192.bmp/dddddd/000000', 'adf2b807-b95b-4b56-a6e1-060e1e3957fb');
insert into IMAGE (id, created_at, updated_at, pic_location, product_id) values ('b08a773a-27c5-4822-9e2a-39aafc61f719', '11/20/2020', '8/6/2020', 'http://dummyimage.com/135x116.jpg/cc0000/ffffff', '08558b51-f228-4291-9dd6-972dbf40fcfd');
insert into IMAGE (id, created_at, updated_at, pic_location, product_id) values ('062da81c-adae-47a3-bd23-33c52dfadd88', '8/3/2020', '1/13/2020', 'http://dummyimage.com/191x195.png/5fa2dd/ffffff', '6ec304ed-1ff5-407b-8e8b-730792c81a2a');
insert into IMAGE (id, created_at, updated_at, pic_location, product_id) values ('8dc9c865-6263-4c3e-8a4e-937d88270ad4', '12/16/2019', '7/6/2020', 'http://dummyimage.com/117x154.jpg/ff4444/ffffff', '16201631-18c9-4fa7-8912-b763154e6f75');
insert into IMAGE (id, created_at, updated_at, pic_location, product_id) values ('f3d78df9-0275-4a05-9889-ee2e1e223bef', '8/13/2020', '11/1/2020', 'http://dummyimage.com/116x201.png/5fa2dd/ffffff', 'daa432e4-8c4e-497f-8aa8-f4736cd5a614');
insert into IMAGE (id, created_at, updated_at, pic_location, product_id) values ('357f15c5-a11c-4586-a409-d8a9f8a9866d', '7/14/2020', '5/21/2020', 'http://dummyimage.com/183x132.bmp/cc0000/ffffff', '512e56c0-5088-40da-9616-379de397df84');
insert into IMAGE (id, created_at, updated_at, pic_location, product_id) values ('44c89138-bd1b-4444-9903-12f828610160', '12/14/2019', '12/8/2019', 'http://dummyimage.com/245x115.jpg/5fa2dd/ffffff', 'adf2b807-b95b-4b56-a6e1-060e1e3957fb');
insert into IMAGE (id, created_at, updated_at, pic_location, product_id) values ('f3d2b7db-4f72-4308-b682-a6cf85bc8232', '12/4/2019', '4/14/2020', 'http://dummyimage.com/117x101.bmp/dddddd/000000', '9c3708ac-1beb-45ad-910b-9332705a1837');
insert into IMAGE (id, created_at, updated_at, pic_location, product_id) values ('30c9b1cc-6847-4955-a3ee-d407ff210787', '10/8/2020', '9/3/2020', 'http://dummyimage.com/154x103.png/dddddd/000000', '5d9460f7-ea53-4379-b82f-98ae77e7fc31');
insert into IMAGE (id, created_at, updated_at, pic_location, product_id) values ('ee402681-9e01-4916-ab26-bf214c0de688', '9/3/2020', '11/22/2019', 'http://dummyimage.com/112x125.bmp/ff4444/ffffff', '3b80f57a-6454-408c-bce9-12e168f1165a');
insert into IMAGE (id, created_at, updated_at, pic_location, product_id) values ('3eba4029-d0df-4ceb-b63a-e839e0283d9d', '2/2/2020', '12/3/2019', 'http://dummyimage.com/245x179.bmp/5fa2dd/ffffff', 'fbc9cee0-ea3a-4aef-92fe-81817b4fc53d');
insert into IMAGE (id, created_at, updated_at, pic_location, product_id) values ('e5d12095-21e0-4016-8080-96008ef5de2c', '6/16/2020', '3/14/2020', 'http://dummyimage.com/153x115.png/dddddd/000000', 'abbf58e6-ad1d-474f-baf5-df942775526b');
insert into IMAGE (id, created_at, updated_at, pic_location, product_id) values ('f6a2b7f2-c5b9-42f5-804b-b58791730229', '1/17/2020', '11/8/2020', 'http://dummyimage.com/232x181.png/5fa2dd/ffffff', '448d7050-5cae-4a9e-aa10-9f82a5d20fb1');
insert into IMAGE (id, created_at, updated_at, pic_location, product_id) values ('7b93b756-d792-43d1-bb60-2f0df7b5a631', '4/8/2020', '1/29/2020', 'http://dummyimage.com/149x213.jpg/ff4444/ffffff', 'c6fd3f2e-487f-4123-9eb6-71d9d3584193');
insert into IMAGE (id, created_at, updated_at, pic_location, product_id) values ('e8f1e345-9354-4cea-8c23-a58e036f33a3', '3/8/2020', '10/11/2020', 'http://dummyimage.com/101x120.png/cc0000/ffffff', '9eabcd7e-8b94-465d-abac-61788ac21709');
insert into IMAGE (id, created_at, updated_at, pic_location, product_id) values ('21828ddd-697a-4a26-8927-cfc768201a41', '2/26/2020', '6/11/2020', 'http://dummyimage.com/106x230.png/ff4444/ffffff', '6750b05e-9b57-40e1-808f-aa47c5480791');
insert into IMAGE (id, created_at, updated_at, pic_location, product_id) values ('8491d7cd-707f-49aa-a8b5-a2dbba23d167', '9/11/2020', '10/20/2020', 'http://dummyimage.com/125x103.png/dddddd/000000', '1534a3f3-f357-4a1e-a071-7b1e24934dee');
insert into IMAGE (id, created_at, updated_at, pic_location, product_id) values ('c463cd1a-dc92-40ab-a27e-ca4f467bf8b7', '3/5/2020', '5/29/2020', 'http://dummyimage.com/236x140.bmp/ff4444/ffffff', 'cdf90f7e-964c-4dc8-881f-8260bb477250');
insert into IMAGE (id, created_at, updated_at, pic_location, product_id) values ('9ab95b55-f05a-4332-b950-c965a325d267', '1/21/2020', '11/7/2020', 'http://dummyimage.com/235x245.png/ff4444/ffffff', 'adf2b807-b95b-4b56-a6e1-060e1e3957fb');
insert into IMAGE (id, created_at, updated_at, pic_location, product_id) values ('24577729-1a5f-4e76-a526-becf54a65403', '11/24/2019', '5/17/2020', 'http://dummyimage.com/209x229.png/ff4444/ffffff', '37f81f71-552a-452f-9a26-6a022e7a012f');
insert into IMAGE (id, created_at, updated_at, pic_location, product_id) values ('c5101093-9f5c-4bee-8074-053f13e67ea6', '3/16/2020', '10/31/2020', 'http://dummyimage.com/168x118.jpg/5fa2dd/ffffff', 'c6fd3f2e-487f-4123-9eb6-71d9d3584193');
insert into IMAGE (id, created_at, updated_at, pic_location, product_id) values ('f671e7d5-fd57-43cb-a7fa-e37f5835f064', '12/29/2019', '12/13/2019', 'http://dummyimage.com/242x157.jpg/cc0000/ffffff', '6ec304ed-1ff5-407b-8e8b-730792c81a2a');
insert into IMAGE (id, created_at, updated_at, pic_location, product_id) values ('3584adbc-d4d4-4eac-bbd0-c9a82543433a', '4/29/2020', '6/19/2020', 'http://dummyimage.com/196x200.png/cc0000/ffffff', 'fbc9cee0-ea3a-4aef-92fe-81817b4fc53d');
insert into IMAGE (id, created_at, updated_at, pic_location, product_id) values ('2e4d69e1-cd53-44bc-8ba5-0f86e4eeb741', '2/5/2020', '1/18/2020', 'http://dummyimage.com/236x124.bmp/cc0000/ffffff', 'd3354811-8944-4137-a0e3-d758c8140c83');
insert into IMAGE (id, created_at, updated_at, pic_location, product_id) values ('21778352-3fd6-4747-8265-3fd26a74a34b', '7/23/2020', '4/17/2020', 'http://dummyimage.com/103x214.bmp/5fa2dd/ffffff', '92765c52-0fa7-4809-b99c-729e2e21e101');
insert into IMAGE (id, created_at, updated_at, pic_location, product_id) values ('60ab9471-ef53-4cf5-8443-7e021f46aab3', '5/25/2020', '11/22/2019', 'http://dummyimage.com/124x128.jpg/cc0000/ffffff', 'f6539e90-e7a7-4bd3-9fbd-c66a257e2fc1');
insert into IMAGE (id, created_at, updated_at, pic_location, product_id) values ('f25a3fec-059a-4327-a960-eb6d7ca025f8', '7/27/2020', '2/25/2020', 'http://dummyimage.com/200x137.bmp/dddddd/000000', 'f6539e90-e7a7-4bd3-9fbd-c66a257e2fc1');
insert into IMAGE (id, created_at, updated_at, pic_location, product_id) values ('2c4496cc-b197-4331-8980-c5e915f94ebd', '5/26/2020', '10/8/2020', 'http://dummyimage.com/109x221.png/ff4444/ffffff', '44cc1c9d-be9c-4409-801b-b76cbb3c5939');
insert into IMAGE (id, created_at, updated_at, pic_location, product_id) values ('e1085d3e-8648-45db-837b-10b5d1cc2229', '5/15/2020', '12/7/2019', 'http://dummyimage.com/225x199.jpg/ff4444/ffffff', '18694b1d-0f58-4d6b-879b-eca58aa42b31');
insert into IMAGE (id, created_at, updated_at, pic_location, product_id) values ('d84e9cd5-14f9-44b3-96d5-56bcae01bbee', '9/27/2020', '12/11/2019', 'http://dummyimage.com/173x187.bmp/ff4444/ffffff', '10efef70-0ba6-427b-bb87-184ba75aec60');
insert into IMAGE (id, created_at, updated_at, pic_location, product_id) values ('8f7ab155-5ddf-429e-8918-8639473d7fe3', '7/17/2020', '2/19/2020', 'http://dummyimage.com/247x248.png/ff4444/ffffff', '894d3bbb-6386-43cd-a504-47bad1a1c7ed');
insert into IMAGE (id, created_at, updated_at, pic_location, product_id) values ('f9d3b488-de20-41af-a473-5a56bc9877de', '11/28/2019', '7/24/2020', 'http://dummyimage.com/240x103.jpg/dddddd/000000', 'cafdca3c-4470-4e0b-9b22-519c6626185f');
insert into IMAGE (id, created_at, updated_at, pic_location, product_id) values ('639ada90-f0a4-468f-a96e-c30d8b063065', '8/14/2020', '8/15/2020', 'http://dummyimage.com/140x235.jpg/ff4444/ffffff', 'f845adf4-18d2-4f2b-8b80-ed3b38ec885c');
insert into IMAGE (id, created_at, updated_at, pic_location, product_id) values ('90f4f5ec-d427-4114-8f87-9489d27640d3', '7/21/2020', '8/24/2020', 'http://dummyimage.com/148x128.bmp/ff4444/ffffff', '58196417-c172-49bf-ac12-637803726d27');
insert into IMAGE (id, created_at, updated_at, pic_location, product_id) values ('cafec6d2-360b-429d-9b61-11eebc056056', '11/6/2020', '8/18/2020', 'http://dummyimage.com/202x240.bmp/ff4444/ffffff', '1534a3f3-f357-4a1e-a071-7b1e24934dee');
insert into IMAGE (id, created_at, updated_at, pic_location, product_id) values ('f3732fe0-e5e2-4bbf-87e5-87b8f31c3a24', '5/24/2020', '2/17/2020', 'http://dummyimage.com/127x190.bmp/5fa2dd/ffffff', '1f81ffac-b063-4671-92c0-1364ed51b57c');
insert into IMAGE (id, created_at, updated_at, pic_location, product_id) values ('5c89a706-2b95-4aa1-a415-1258421af502', '1/25/2020', '2/19/2020', 'http://dummyimage.com/209x204.jpg/dddddd/000000', '78df6c8a-1891-4a4b-9e0d-849a7c1cca41');
insert into IMAGE (id, created_at, updated_at, pic_location, product_id) values ('d4947c95-edc6-4985-abb0-dc4cff6cc970', '8/4/2020', '2/23/2020', 'http://dummyimage.com/192x160.jpg/5fa2dd/ffffff', '9b288bfb-6103-4d2c-8b01-b8116f1fa8a3');
insert into IMAGE (id, created_at, updated_at, pic_location, product_id) values ('a9f178a8-e359-4d41-bf6f-0c83ee5a392d', '11/13/2020', '5/18/2020', 'http://dummyimage.com/113x204.png/5fa2dd/ffffff', 'c6416ed5-97d9-44ef-a877-cdc2c69d13ba');
insert into IMAGE (id, created_at, updated_at, pic_location, product_id) values ('dafbe42b-b005-4ff3-9a2b-16aabdb7f633', '9/12/2020', '8/23/2020', 'http://dummyimage.com/147x146.png/ff4444/ffffff', 'faa7a856-4cbe-4143-8701-0dc0e0209af6');
insert into IMAGE (id, created_at, updated_at, pic_location, product_id) values ('d50f94da-534d-42a6-90d4-e71282ec3033', '10/2/2020', '2/22/2020', 'http://dummyimage.com/224x169.bmp/ff4444/ffffff', '901c22a3-a8bd-4c1b-834a-e5e82ee6f39c');
insert into IMAGE (id, created_at, updated_at, pic_location, product_id) values ('eb19f0be-0a36-4498-b306-32d8f6008663', '12/27/2019', '4/11/2020', 'http://dummyimage.com/181x143.bmp/5fa2dd/ffffff', '95b82fcf-21dc-44d4-a32d-3da1ea18949f');
insert into IMAGE (id, created_at, updated_at, pic_location, product_id) values ('796b2907-e3be-4522-86ae-7eb90dd2132b', '7/30/2020', '6/19/2020', 'http://dummyimage.com/229x142.bmp/cc0000/ffffff', 'fddc9e9b-9e9e-4c54-9804-1ec99da0b5e4');
insert into IMAGE (id, created_at, updated_at, pic_location, product_id) values ('dbfd8fd1-cdd6-4fda-85ec-c7bfb6db6165', '3/25/2020', '6/26/2020', 'http://dummyimage.com/206x217.png/dddddd/000000', '894d3bbb-6386-43cd-a504-47bad1a1c7ed');
insert into IMAGE (id, created_at, updated_at, pic_location, product_id) values ('e3765028-909f-4a88-9ddd-64825fd15313', '7/22/2020', '1/8/2020', 'http://dummyimage.com/167x109.jpg/cc0000/ffffff', '1f81ffac-b063-4671-92c0-1364ed51b57c');
insert into IMAGE (id, created_at, updated_at, pic_location, product_id) values ('78545d4e-9622-4dd1-ab03-8dac8b3862bc', '9/15/2020', '12/13/2019', 'http://dummyimage.com/237x237.jpg/cc0000/ffffff', '5a4cc834-5d82-44a8-a504-f3baee75db34');
insert into IMAGE (id, created_at, updated_at, pic_location, product_id) values ('305aac9e-636c-4011-bf5c-72d6b052b6bd', '1/27/2020', '4/16/2020', 'http://dummyimage.com/169x197.bmp/cc0000/ffffff', '2e3a94f3-ce0c-45bc-b686-6a7966cac65e');
insert into IMAGE (id, created_at, updated_at, pic_location, product_id) values ('23936596-2d07-4a4e-9e82-f40d79a02fac', '11/27/2019', '1/22/2020', 'http://dummyimage.com/132x140.jpg/dddddd/000000', '5e644f92-bfd3-4c2c-ab24-e034ffa6f4f3');
insert into IMAGE (id, created_at, updated_at, pic_location, product_id) values ('9cd0927e-a1f8-46ad-befe-93272c26ea14', '11/25/2019', '2/14/2020', 'http://dummyimage.com/145x134.bmp/dddddd/000000', '22aced07-fd83-4d6b-80a8-8a00101bfe67');
insert into IMAGE (id, created_at, updated_at, pic_location, product_id) values ('b8a8766e-8a00-4b94-8074-8d7d901f0234', '11/8/2020', '5/14/2020', 'http://dummyimage.com/130x195.png/cc0000/ffffff', '38267a9b-7a84-4839-9c94-85ebef8b0cae');
insert into IMAGE (id, created_at, updated_at, pic_location, product_id) values ('31e7d741-a94d-4e7e-aac2-7e849909e774', '2/25/2020', '1/12/2020', 'http://dummyimage.com/170x169.jpg/cc0000/ffffff', '1d3647b2-e615-47a6-967f-ffdb1da9a16e');
insert into IMAGE (id, created_at, updated_at, pic_location, product_id) values ('d31ca415-51b6-4047-9d4c-78b0ba508023', '1/31/2020', '4/15/2020', 'http://dummyimage.com/241x250.bmp/cc0000/ffffff', 'b4c56f0d-31c1-4381-a0b4-9ce389aedfa9');
insert into IMAGE (id, created_at, updated_at, pic_location, product_id) values ('c6e690ad-0997-4bef-b9bc-07d21b44f4ff', '5/17/2020', '1/10/2020', 'http://dummyimage.com/101x216.jpg/5fa2dd/ffffff', '1534a3f3-f357-4a1e-a071-7b1e24934dee');
insert into IMAGE (id, created_at, updated_at, pic_location, product_id) values ('b35f5b60-a78d-4a62-baf1-8f85fe65d8ee', '10/30/2020', '2/17/2020', 'http://dummyimage.com/207x233.png/cc0000/ffffff', 'b2c356be-10fa-4046-8b26-0310b9f21839');
insert into IMAGE (id, created_at, updated_at, pic_location, product_id) values ('c3246fde-d738-4dec-8d03-4d9cfd3a42ca', '3/31/2020', '10/13/2020', 'http://dummyimage.com/168x155.bmp/cc0000/ffffff', '5e644f92-bfd3-4c2c-ab24-e034ffa6f4f3');
insert into IMAGE (id, created_at, updated_at, pic_location, product_id) values ('b6168457-196d-48aa-9827-2478a859c120', '2/14/2020', '5/3/2020', 'http://dummyimage.com/243x176.bmp/cc0000/ffffff', '7779cb62-0f98-4484-be4c-ba4c549779d3');
insert into IMAGE (id, created_at, updated_at, pic_location, product_id) values ('f28d8920-dbc7-433e-a19f-7e66d74a2b49', '3/25/2020', '5/19/2020', 'http://dummyimage.com/172x108.png/dddddd/000000', '448d7050-5cae-4a9e-aa10-9f82a5d20fb1');
insert into IMAGE (id, created_at, updated_at, pic_location, product_id) values ('ab1afdcf-0a7e-461e-8609-24084b4aa51a', '3/1/2020', '3/29/2020', 'http://dummyimage.com/232x140.bmp/dddddd/000000', '5a4cc834-5d82-44a8-a504-f3baee75db34');
insert into IMAGE (id, created_at, updated_at, pic_location, product_id) values ('8a831f59-e37b-4ee7-9e0a-1f5b7d103b29', '12/14/2019', '5/15/2020', 'http://dummyimage.com/179x109.jpg/ff4444/ffffff', '512e56c0-5088-40da-9616-379de397df84');
insert into IMAGE (id, created_at, updated_at, pic_location, product_id) values ('bfc0859d-1307-4708-9a04-ac8152adfd1c', '7/22/2020', '3/8/2020', 'http://dummyimage.com/124x247.jpg/ff4444/ffffff', 'f4e7fbd5-35bc-4d27-9127-1df83db29c9b');
insert into IMAGE (id, created_at, updated_at, pic_location, product_id) values ('551f6799-6137-452f-9a14-2b3d8660f865', '8/29/2020', '3/6/2020', 'http://dummyimage.com/152x113.jpg/5fa2dd/ffffff', '10efef70-0ba6-427b-bb87-184ba75aec60');
insert into IMAGE (id, created_at, updated_at, pic_location, product_id) values ('08c7fa92-c44c-4674-b4f7-2e6ecbebd5b0', '11/2/2020', '3/12/2020', 'http://dummyimage.com/244x199.png/ff4444/ffffff', 'c96bf5f2-8f06-41cb-83f4-4839fe55286f');
insert into IMAGE (id, created_at, updated_at, pic_location, product_id) values ('302d65eb-f222-4b15-94c8-558646d69ecb', '8/12/2020', '3/1/2020', 'http://dummyimage.com/101x196.jpg/cc0000/ffffff', 'd524d391-e08b-4928-a1c8-f49d7d83ea5f');
insert into IMAGE (id, created_at, updated_at, pic_location, product_id) values ('0e890751-4283-40be-ab56-d1bf373c1b9f', '11/29/2019', '9/14/2020', 'http://dummyimage.com/239x110.jpg/cc0000/ffffff', 'e5e0f83f-be69-4a0d-9e11-5c65d4bb8cac');
insert into IMAGE (id, created_at, updated_at, pic_location, product_id) values ('441e1285-dbb7-48c9-9c66-a408302aafaf', '1/5/2020', '8/16/2020', 'http://dummyimage.com/233x144.png/5fa2dd/ffffff', '894d3bbb-6386-43cd-a504-47bad1a1c7ed');
insert into IMAGE (id, created_at, updated_at, pic_location, product_id) values ('5e2c53e9-6506-4b56-89ca-2a51d9b5d7b9', '8/12/2020', '7/16/2020', 'http://dummyimage.com/150x231.bmp/5fa2dd/ffffff', '37f81f71-552a-452f-9a26-6a022e7a012f');
insert into IMAGE (id, created_at, updated_at, pic_location, product_id) values ('a26797a8-7fe4-4f8d-8dd1-0eadd8104194', '2/21/2020', '7/6/2020', 'http://dummyimage.com/134x151.png/cc0000/ffffff', '918feacf-ac24-485e-939f-82016c30866c');
insert into IMAGE (id, created_at, updated_at, pic_location, product_id) values ('1611f889-dfcc-4e35-89a0-3473f57a28cc', '11/8/2020', '8/10/2020', 'http://dummyimage.com/171x238.png/dddddd/000000', '7779cb62-0f98-4484-be4c-ba4c549779d3');
insert into IMAGE (id, created_at, updated_at, pic_location, product_id) values ('4f81787d-e84a-4e54-be62-a4375e479d5c', '4/24/2020', '2/14/2020', 'http://dummyimage.com/183x235.png/ff4444/ffffff', '9eabcd7e-8b94-465d-abac-61788ac21709');
insert into IMAGE (id, created_at, updated_at, pic_location, product_id) values ('7fa67508-992e-40f1-82f0-2ae525c02bd7', '9/12/2020', '8/8/2020', 'http://dummyimage.com/246x112.png/5fa2dd/ffffff', 'ba227faa-2e53-430a-bbdb-420b291cb960');
insert into IMAGE (id, created_at, updated_at, pic_location, product_id) values ('05516640-91ef-4ba4-9a5b-a152f43135db', '9/26/2020', '4/7/2020', 'http://dummyimage.com/205x209.png/dddddd/000000', '17ae481b-a004-4d04-9f10-5aa5af9b3e36');
insert into IMAGE (id, created_at, updated_at, pic_location, product_id) values ('dd2cd537-0890-4158-897a-447f7f415462', '1/25/2020', '7/16/2020', 'http://dummyimage.com/115x185.bmp/dddddd/000000', '9c3708ac-1beb-45ad-910b-9332705a1837');
insert into IMAGE (id, created_at, updated_at, pic_location, product_id) values ('c05fd379-5fc0-4bd0-8245-5db189a5910b', '6/1/2020', '6/19/2020', 'http://dummyimage.com/241x100.jpg/dddddd/000000', 'e7be3154-8afa-4ad3-8a46-91745b50ea86');
insert into IMAGE (id, created_at, updated_at, pic_location, product_id) values ('226aba48-a122-4889-871d-a1cec1b9c6ce', '4/19/2020', '7/29/2020', 'http://dummyimage.com/172x187.jpg/dddddd/000000', 'a93ddcd6-2091-4b13-80ae-9b3184a1df37');
insert into IMAGE (id, created_at, updated_at, pic_location, product_id) values ('c87cc459-b8a3-4dd5-a21f-bb1f27d41b74', '4/7/2020', '8/21/2020', 'http://dummyimage.com/100x214.jpg/cc0000/ffffff', '38267a9b-7a84-4839-9c94-85ebef8b0cae');
insert into IMAGE (id, created_at, updated_at, pic_location, product_id) values ('3fabe6e7-9173-41ba-a22f-a2dd6b8acecc', '8/11/2020', '12/27/2019', 'http://dummyimage.com/193x176.bmp/cc0000/ffffff', '10985d43-d494-48a7-a4f2-a23ab876fbda');
insert into IMAGE (id, created_at, updated_at, pic_location, product_id) values ('7986d2b0-9428-4093-ad62-0d5486ee43ab', '8/4/2020', '1/8/2020', 'http://dummyimage.com/151x239.png/dddddd/000000', 'd3354811-8944-4137-a0e3-d758c8140c83');
insert into IMAGE (id, created_at, updated_at, pic_location, product_id) values ('6f66b9c3-ebd8-45e3-90f8-a5291a7fb103', '10/28/2020', '8/13/2020', 'http://dummyimage.com/178x139.png/5fa2dd/ffffff', '95b82fcf-21dc-44d4-a32d-3da1ea18949f');
insert into IMAGE (id, created_at, updated_at, pic_location, product_id) values ('f7e33d52-3cea-4f89-becb-5aecd9a7e2e6', '4/21/2020', '6/24/2020', 'http://dummyimage.com/207x159.bmp/cc0000/ffffff', '06a7ffd3-1f94-4534-abc0-7264bcaae0e5');
insert into IMAGE (id, created_at, updated_at, pic_location, product_id) values ('e530f02f-cd12-4855-80d0-da948f3b0904', '7/28/2020', '3/16/2020', 'http://dummyimage.com/101x239.bmp/dddddd/000000', '22aced07-fd83-4d6b-80a8-8a00101bfe67');
insert into IMAGE (id, created_at, updated_at, pic_location, product_id) values ('0ca9a4f7-80f1-4ebf-a02e-f1b9e73a6b5a', '3/5/2020', '9/14/2020', 'http://dummyimage.com/160x136.png/ff4444/ffffff', '17ae481b-a004-4d04-9f10-5aa5af9b3e36');
insert into IMAGE (id, created_at, updated_at, pic_location, product_id) values ('7de3aad9-e585-4a42-a92b-37c66459b595', '5/4/2020', '8/25/2020', 'http://dummyimage.com/208x202.bmp/dddddd/000000', '162bef58-aa71-4993-9992-853102cf25b2');
insert into IMAGE (id, created_at, updated_at, pic_location, product_id) values ('d58680dd-c013-4151-8580-1951ad8328d2', '11/30/2019', '9/30/2020', 'http://dummyimage.com/224x166.bmp/ff4444/ffffff', 'e332e53c-58ab-4542-b8b8-6b71393fd906');
insert into IMAGE (id, created_at, updated_at, pic_location, product_id) values ('5ef15c68-dd69-429b-8c08-16444cf662d9', '1/4/2020', '7/19/2020', 'http://dummyimage.com/245x155.png/cc0000/ffffff', 'f845adf4-18d2-4f2b-8b80-ed3b38ec885c');
insert into IMAGE (id, created_at, updated_at, pic_location, product_id) values ('66b53adb-d37c-43ee-a807-7fb09d2b710c', '8/8/2020', '4/7/2020', 'http://dummyimage.com/220x211.jpg/ff4444/ffffff', '9db067e6-2e69-481f-9b7c-917d6940794d');
insert into IMAGE (id, created_at, updated_at, pic_location, product_id) values ('1113b485-5a48-471c-b593-2628a4443c31', '7/31/2020', '1/21/2020', 'http://dummyimage.com/182x150.bmp/dddddd/000000', '2f59b91f-a3ce-4f52-baba-b2591fe17168');
insert into IMAGE (id, created_at, updated_at, pic_location, product_id) values ('64ede75d-73ce-49bb-a2c2-484ca3a9ad91', '2/11/2020', '3/27/2020', 'http://dummyimage.com/150x167.bmp/5fa2dd/ffffff', 'c9b0640b-2ce5-41e0-b312-843561ce5846');
insert into IMAGE (id, created_at, updated_at, pic_location, product_id) values ('f8b5593a-88ef-4d20-9b9a-5b40e3e2a36a', '5/22/2020', '3/18/2020', 'http://dummyimage.com/206x154.png/dddddd/000000', '83e35060-8514-4a22-aa8a-884e93650b5e');
insert into IMAGE (id, created_at, updated_at, pic_location, product_id) values ('b7e4dbfe-6d53-49a1-bc67-a7f75cc128e3', '9/29/2020', '9/18/2020', 'http://dummyimage.com/219x224.png/cc0000/ffffff', '78df6c8a-1891-4a4b-9e0d-849a7c1cca41');
insert into IMAGE (id, created_at, updated_at, pic_location, product_id) values ('2793f747-7b0d-45e4-b008-a8c2dabbe267', '3/29/2020', '12/12/2019', 'http://dummyimage.com/125x164.bmp/ff4444/ffffff', 'fc531109-5ffa-4950-866a-0b68693c85ca');
insert into IMAGE (id, created_at, updated_at, pic_location, product_id) values ('c3daae02-349f-4715-a78c-f1b7f465e3d4', '9/11/2020', '7/11/2020', 'http://dummyimage.com/159x122.jpg/dddddd/000000', '2f59b91f-a3ce-4f52-baba-b2591fe17168');
insert into IMAGE (id, created_at, updated_at, pic_location, product_id) values ('b155576e-39bb-43f3-9d20-46e0551fb2fc', '7/29/2020', '4/6/2020', 'http://dummyimage.com/110x193.png/cc0000/ffffff', '08558b51-f228-4291-9dd6-972dbf40fcfd');
insert into IMAGE (id, created_at, updated_at, pic_location, product_id) values ('21cf997f-6548-4fc6-869e-70122c6d2d06', '7/9/2020', '12/7/2019', 'http://dummyimage.com/247x158.jpg/dddddd/000000', '652025f9-2cd0-4e8b-97fe-a0281a2e7b75');
insert into IMAGE (id, created_at, updated_at, pic_location, product_id) values ('8fd7dd55-7c74-437a-9e97-2a23c0b06c45', '3/10/2020', '6/6/2020', 'http://dummyimage.com/130x213.jpg/5fa2dd/ffffff', '162bef58-aa71-4993-9992-853102cf25b2');
insert into IMAGE (id, created_at, updated_at, pic_location, product_id) values ('420d2f14-5fb5-4c19-8b38-31613d219e29', '2/16/2020', '12/19/2019', 'http://dummyimage.com/161x226.png/cc0000/ffffff', 'cdf90f7e-964c-4dc8-881f-8260bb477250');
insert into IMAGE (id, created_at, updated_at, pic_location, product_id) values ('d53ab15c-4d46-4a44-9fa3-8442bb154bce', '11/10/2020', '8/15/2020', 'http://dummyimage.com/109x114.bmp/dddddd/000000', '2e3a94f3-ce0c-45bc-b686-6a7966cac65e');
insert into IMAGE (id, created_at, updated_at, pic_location, product_id) values ('225ea5e2-e210-45de-93b9-2747216a2d81', '12/5/2019', '7/7/2020', 'http://dummyimage.com/173x106.jpg/dddddd/000000', '3b80f57a-6454-408c-bce9-12e168f1165a');
insert into IMAGE (id, created_at, updated_at, pic_location, product_id) values ('9dabd368-ed89-48ad-a8c1-f4cb58b67d8e', '11/12/2020', '7/23/2020', 'http://dummyimage.com/242x118.bmp/ff4444/ffffff', '9eabcd7e-8b94-465d-abac-61788ac21709');
insert into IMAGE (id, created_at, updated_at, pic_location, product_id) values ('a9d74488-fe18-490c-9468-036fcad94a50', '2/29/2020', '2/26/2020', 'http://dummyimage.com/205x185.png/5fa2dd/ffffff', 'fb7d3a11-e26f-491d-aa5d-7234f804267c');
insert into IMAGE (id, created_at, updated_at, pic_location, product_id) values ('e237166e-70b0-44d1-a72a-a6cc129d8df4', '5/4/2020', '10/2/2020', 'http://dummyimage.com/213x240.bmp/5fa2dd/ffffff', 'c9b0640b-2ce5-41e0-b312-843561ce5846');
insert into IMAGE (id, created_at, updated_at, pic_location, product_id) values ('d772d486-4d76-4699-8e4e-ef1b85a785c2', '9/7/2020', '6/18/2020', 'http://dummyimage.com/108x248.png/cc0000/ffffff', 'cdf90f7e-964c-4dc8-881f-8260bb477250');
insert into IMAGE (id, created_at, updated_at, pic_location, product_id) values ('28bca793-560e-4b0c-bf10-86f99fde7713', '8/20/2020', '7/16/2020', 'http://dummyimage.com/160x212.png/ff4444/ffffff', '6ec304ed-1ff5-407b-8e8b-730792c81a2a');
insert into IMAGE (id, created_at, updated_at, pic_location, product_id) values ('5258046b-56c1-40fe-9254-6d679544e711', '7/3/2020', '10/25/2020', 'http://dummyimage.com/161x198.png/cc0000/ffffff', '15cbbcbf-c2fe-405f-a876-fc429e913ef8');
insert into IMAGE (id, created_at, updated_at, pic_location, product_id) values ('a18a35f6-21e1-444d-ac1e-73d98e56e640', '7/13/2020', '1/8/2020', 'http://dummyimage.com/120x183.bmp/dddddd/000000', '08558b51-f228-4291-9dd6-972dbf40fcfd');
insert into IMAGE (id, created_at, updated_at, pic_location, product_id) values ('f03e0e47-3ecd-4f25-9c83-a8288c023e3a', '2/12/2020', '4/18/2020', 'http://dummyimage.com/104x119.jpg/5fa2dd/ffffff', 'e7be3154-8afa-4ad3-8a46-91745b50ea86');
insert into IMAGE (id, created_at, updated_at, pic_location, product_id) values ('ca2f87c4-6a04-4949-b64a-24b6cd6e3288', '12/10/2019', '1/19/2020', 'http://dummyimage.com/159x166.png/cc0000/ffffff', '38267a9b-7a84-4839-9c94-85ebef8b0cae');
insert into IMAGE (id, created_at, updated_at, pic_location, product_id) values ('b840a7de-e4f5-45bc-9178-d7a8c6b223d8', '11/21/2020', '1/11/2020', 'http://dummyimage.com/194x201.jpg/cc0000/ffffff', 'f4e7fbd5-35bc-4d27-9127-1df83db29c9b');
insert into IMAGE (id, created_at, updated_at, pic_location, product_id) values ('4f1240bd-e28e-46cd-a3e2-316b1f72fc0e', '8/29/2020', '11/8/2020', 'http://dummyimage.com/192x250.bmp/dddddd/000000', 'f6539e90-e7a7-4bd3-9fbd-c66a257e2fc1');
insert into IMAGE (id, created_at, updated_at, pic_location, product_id) values ('9ba966f3-b6ae-4264-a72e-6c31fe25f66a', '5/3/2020', '11/12/2020', 'http://dummyimage.com/109x219.bmp/5fa2dd/ffffff', '7779cb62-0f98-4484-be4c-ba4c549779d3');
insert into IMAGE (id, created_at, updated_at, pic_location, product_id) values ('38f19136-dda8-4a06-a491-bf1b8a7585bd', '9/8/2020', '12/11/2019', 'http://dummyimage.com/186x187.png/ff4444/ffffff', '918feacf-ac24-485e-939f-82016c30866c');
insert into IMAGE (id, created_at, updated_at, pic_location, product_id) values ('b470a787-791b-4b3d-9cb9-7bdbf5f79a34', '7/20/2020', '3/24/2020', 'http://dummyimage.com/120x155.bmp/ff4444/ffffff', '38267a9b-7a84-4839-9c94-85ebef8b0cae');
insert into IMAGE (id, created_at, updated_at, pic_location, product_id) values ('222d186f-8de6-481d-90a4-2670495f6d90', '2/15/2020', '3/1/2020', 'http://dummyimage.com/134x228.bmp/cc0000/ffffff', '48a9aa7e-3657-4182-9f23-c337eeb340ab');
insert into IMAGE (id, created_at, updated_at, pic_location, product_id) values ('1b90a8a7-3263-483a-b5f1-e821d48b0080', '9/19/2020', '8/11/2020', 'http://dummyimage.com/213x165.bmp/5fa2dd/ffffff', '162bef58-aa71-4993-9992-853102cf25b2');
insert into IMAGE (id, created_at, updated_at, pic_location, product_id) values ('d3e37658-21ce-4fe0-abef-63311ec560d6', '8/9/2020', '11/15/2020', 'http://dummyimage.com/146x128.jpg/5fa2dd/ffffff', '92765c52-0fa7-4809-b99c-729e2e21e101');
insert into IMAGE (id, created_at, updated_at, pic_location, product_id) values ('31cfa100-c5b7-4d8f-8604-f7ab68defb42', '8/6/2020', '4/17/2020', 'http://dummyimage.com/170x111.bmp/dddddd/000000', '06a7ffd3-1f94-4534-abc0-7264bcaae0e5');
insert into IMAGE (id, created_at, updated_at, pic_location, product_id) values ('54abc439-68be-4275-ac85-840cf02ad898', '10/19/2020', '12/19/2019', 'http://dummyimage.com/165x107.jpg/dddddd/000000', 'a0009b5f-87cf-4b5d-a717-b079292a33b9');
insert into IMAGE (id, created_at, updated_at, pic_location, product_id) values ('9f6f1166-34ae-4ad6-98fd-2624d642eec2', '8/8/2020', '6/27/2020', 'http://dummyimage.com/250x214.bmp/5fa2dd/ffffff', '8b2e1aa2-3045-4cf3-b41e-02914c406b5a');
insert into IMAGE (id, created_at, updated_at, pic_location, product_id) values ('0960627c-6e2c-4d17-be32-873b30b078f3', '8/23/2020', '3/23/2020', 'http://dummyimage.com/142x178.jpg/cc0000/ffffff', '8b2e1aa2-3045-4cf3-b41e-02914c406b5a');
insert into IMAGE (id, created_at, updated_at, pic_location, product_id) values ('6c0a8d61-0700-46e6-9282-cf0fd3cff9d1', '8/18/2020', '3/14/2020', 'http://dummyimage.com/133x177.jpg/dddddd/000000', '37f81f71-552a-452f-9a26-6a022e7a012f');
insert into IMAGE (id, created_at, updated_at, pic_location, product_id) values ('dcb0c33e-75de-45cc-84a8-6bd8b1eebadd', '8/23/2020', '2/22/2020', 'http://dummyimage.com/222x151.jpg/cc0000/ffffff', '2e3a94f3-ce0c-45bc-b686-6a7966cac65e');
insert into IMAGE (id, created_at, updated_at, pic_location, product_id) values ('1a3ddd80-cb5e-427d-b46c-fce3a5d83c84', '12/8/2019', '5/18/2020', 'http://dummyimage.com/164x134.bmp/ff4444/ffffff', '162bef58-aa71-4993-9992-853102cf25b2');
insert into IMAGE (id, created_at, updated_at, pic_location, product_id) values ('085891f3-bf3d-427a-a031-c3bdb3f2cadd', '6/10/2020', '2/17/2020', 'http://dummyimage.com/178x122.bmp/5fa2dd/ffffff', 'b4c56f0d-31c1-4381-a0b4-9ce389aedfa9');
insert into IMAGE (id, created_at, updated_at, pic_location, product_id) values ('41fad122-5fc0-4a29-baaf-3088a265264d', '9/6/2020', '9/23/2020', 'http://dummyimage.com/202x216.jpg/dddddd/000000', 'a93ddcd6-2091-4b13-80ae-9b3184a1df37');
insert into IMAGE (id, created_at, updated_at, pic_location, product_id) values ('ab7493ae-37f6-4a43-b300-813c6626b6e9', '6/18/2020', '7/6/2020', 'http://dummyimage.com/102x109.png/dddddd/000000', '9c3708ac-1beb-45ad-910b-9332705a1837');
insert into IMAGE (id, created_at, updated_at, pic_location, product_id) values ('b6b8a778-3940-4d7b-96f5-42cf8f3addb1', '11/13/2020', '2/17/2020', 'http://dummyimage.com/241x220.jpg/5fa2dd/ffffff', 'daa432e4-8c4e-497f-8aa8-f4736cd5a614');
insert into IMAGE (id, created_at, updated_at, pic_location, product_id) values ('8ccb210c-7aca-4681-b898-78fe1e128661', '2/3/2020', '9/11/2020', 'http://dummyimage.com/213x103.png/ff4444/ffffff', '9b288bfb-6103-4d2c-8b01-b8116f1fa8a3');
insert into IMAGE (id, created_at, updated_at, pic_location, product_id) values ('73620c83-8c38-4cc6-afad-9aa96dd5dbf2', '3/29/2020', '2/5/2020', 'http://dummyimage.com/219x188.jpg/ff4444/ffffff', 'a0009b5f-87cf-4b5d-a717-b079292a33b9');
insert into IMAGE (id, created_at, updated_at, pic_location, product_id) values ('d55dab12-5b21-4b75-b1e1-25f9abe700c5', '5/20/2020', '8/22/2020', 'http://dummyimage.com/125x226.png/cc0000/ffffff', '9db067e6-2e69-481f-9b7c-917d6940794d');
insert into IMAGE (id, created_at, updated_at, pic_location, product_id) values ('ddbdfb73-7eba-41ab-a5c0-6e8ed6364ec3', '5/12/2020', '3/18/2020', 'http://dummyimage.com/121x158.png/dddddd/000000', '5e644f92-bfd3-4c2c-ab24-e034ffa6f4f3');
insert into IMAGE (id, created_at, updated_at, pic_location, product_id) values ('350f67af-ee05-45ee-b388-4847a24a7237', '2/6/2020', '7/4/2020', 'http://dummyimage.com/118x228.png/cc0000/ffffff', '8b2e1aa2-3045-4cf3-b41e-02914c406b5a');
insert into IMAGE (id, created_at, updated_at, pic_location, product_id) values ('632ab8e0-3bd0-4abb-be4a-6c01bac202dd', '8/31/2020', '6/4/2020', 'http://dummyimage.com/104x209.png/5fa2dd/ffffff', '3b80f57a-6454-408c-bce9-12e168f1165a');
insert into IMAGE (id, created_at, updated_at, pic_location, product_id) values ('26239fde-612e-44d6-9ba6-4ba22b8bb338', '9/10/2020', '1/18/2020', 'http://dummyimage.com/100x129.png/dddddd/000000', '901c22a3-a8bd-4c1b-834a-e5e82ee6f39c');
insert into IMAGE (id, created_at, updated_at, pic_location, product_id) values ('e66adc4b-c999-4091-85ca-18a28f84c68c', '8/23/2020', '9/3/2020', 'http://dummyimage.com/218x136.jpg/ff4444/ffffff', 'a07b28e2-a402-40f8-a3f0-3aa9062238f6');
insert into IMAGE (id, created_at, updated_at, pic_location, product_id) values ('da5f2c53-85ec-4dd7-ab5e-8a63e2f83253', '3/13/2020', '1/24/2020', 'http://dummyimage.com/137x108.bmp/5fa2dd/ffffff', '18694b1d-0f58-4d6b-879b-eca58aa42b31');
insert into IMAGE (id, created_at, updated_at, pic_location, product_id) values ('c95b9741-e980-4805-be8d-cd91739faa9d', '6/25/2020', '3/26/2020', 'http://dummyimage.com/207x175.bmp/5fa2dd/ffffff', '06a7ffd3-1f94-4534-abc0-7264bcaae0e5');
insert into IMAGE (id, created_at, updated_at, pic_location, product_id) values ('d99a00b2-de10-426b-af68-c27e82dd0033', '6/17/2020', '8/27/2020', 'http://dummyimage.com/114x145.png/ff4444/ffffff', '48a9aa7e-3657-4182-9f23-c337eeb340ab');
insert into IMAGE (id, created_at, updated_at, pic_location, product_id) values ('68119c6b-e13b-4fdf-bd35-e1ad4cc2ef74', '6/25/2020', '11/15/2020', 'http://dummyimage.com/181x131.bmp/dddddd/000000', 'c6fd3f2e-487f-4123-9eb6-71d9d3584193');
insert into IMAGE (id, created_at, updated_at, pic_location, product_id) values ('7baadd44-12ae-495f-95a8-56bd6b9bcbbf', '8/20/2020', '12/21/2019', 'http://dummyimage.com/229x113.bmp/cc0000/ffffff', '6f605995-696e-412e-a228-d3e89069e98e');
insert into IMAGE (id, created_at, updated_at, pic_location, product_id) values ('1a0c6abd-8585-443f-9def-062eddd39241', '8/27/2020', '6/14/2020', 'http://dummyimage.com/187x226.bmp/5fa2dd/ffffff', 'a0009b5f-87cf-4b5d-a717-b079292a33b9');
insert into IMAGE (id, created_at, updated_at, pic_location, product_id) values ('9b648971-a83d-4879-8111-daf9cf5c02f4', '3/26/2020', '2/8/2020', 'http://dummyimage.com/134x145.bmp/dddddd/000000', '08558b51-f228-4291-9dd6-972dbf40fcfd');
insert into IMAGE (id, created_at, updated_at, pic_location, product_id) values ('0fbc621c-9506-425d-8f25-fb0a73fab73e', '6/26/2020', '9/10/2020', 'http://dummyimage.com/181x203.png/dddddd/000000', '8345b6f3-cab6-4b28-ab1b-aabe75a6a569');
insert into IMAGE (id, created_at, updated_at, pic_location, product_id) values ('8025443e-cd82-439b-a46b-1afdfa69e0e0', '4/10/2020', '1/15/2020', 'http://dummyimage.com/152x203.jpg/ff4444/ffffff', 'd2d50e75-e185-4bf9-a641-ada9ab9ff725');
insert into IMAGE (id, created_at, updated_at, pic_location, product_id) values ('357356f1-ba84-4401-a829-62213aaf6fef', '1/22/2020', '2/28/2020', 'http://dummyimage.com/214x171.jpg/dddddd/000000', 'f4e7fbd5-35bc-4d27-9127-1df83db29c9b');
insert into IMAGE (id, created_at, updated_at, pic_location, product_id) values ('1beeed88-d31d-46f0-9ae6-50d18a6faa81', '4/9/2020', '7/16/2020', 'http://dummyimage.com/162x182.png/5fa2dd/ffffff', '894d3bbb-6386-43cd-a504-47bad1a1c7ed');
insert into IMAGE (id, created_at, updated_at, pic_location, product_id) values ('e790a5c1-8d57-488a-b426-78515bea863d', '4/1/2020', '5/26/2020', 'http://dummyimage.com/241x188.png/5fa2dd/ffffff', '18694b1d-0f58-4d6b-879b-eca58aa42b31');
insert into IMAGE (id, created_at, updated_at, pic_location, product_id) values ('45883991-db85-4d81-b1d1-7808fc0fd674', '10/8/2020', '1/23/2020', 'http://dummyimage.com/182x250.jpg/cc0000/ffffff', '18cfa1be-a5c9-4515-ac7f-7345daa2998d');
insert into IMAGE (id, created_at, updated_at, pic_location, product_id) values ('f90677c2-ddc0-4259-9d3d-d0283e8608cc', '11/28/2019', '1/20/2020', 'http://dummyimage.com/225x170.png/5fa2dd/ffffff', '8345b6f3-cab6-4b28-ab1b-aabe75a6a569');
insert into IMAGE (id, created_at, updated_at, pic_location, product_id) values ('5e537b72-0e56-4b26-bed3-df389d9923d0', '10/10/2020', '4/20/2020', 'http://dummyimage.com/143x158.png/cc0000/ffffff', '6dfdd31a-5eb8-4576-b3e1-a433662b1f79');
insert into IMAGE (id, created_at, updated_at, pic_location, product_id) values ('8679d922-9a6a-48d5-8038-57dc12a2fda3', '7/2/2020', '7/4/2020', 'http://dummyimage.com/110x196.png/cc0000/ffffff', '8bf0aa59-54ae-4fb7-89da-d16483d8b2d1');
insert into IMAGE (id, created_at, updated_at, pic_location, product_id) values ('aeb4eac7-2d3c-44ba-bfcc-88621ebc0ff8', '2/6/2020', '9/21/2020', 'http://dummyimage.com/144x121.png/cc0000/ffffff', '9c3708ac-1beb-45ad-910b-9332705a1837');
insert into IMAGE (id, created_at, updated_at, pic_location, product_id) values ('dc0d8b19-d47a-4028-8730-3fa5df82e854', '10/7/2020', '3/24/2020', 'http://dummyimage.com/155x148.jpg/dddddd/000000', '08558b51-f228-4291-9dd6-972dbf40fcfd');
insert into IMAGE (id, created_at, updated_at, pic_location, product_id) values ('66579f7e-cc4d-4d04-888e-6559cee30dbe', '8/23/2020', '2/28/2020', 'http://dummyimage.com/107x201.png/ff4444/ffffff', 'ac49fe3e-cd88-4736-a3f4-4611bf910845');
insert into IMAGE (id, created_at, updated_at, pic_location, product_id) values ('3fb2779f-f35e-4b12-bf08-ffb0b395aeba', '1/14/2020', '3/17/2020', 'http://dummyimage.com/230x132.jpg/5fa2dd/ffffff', 'cdf90f7e-964c-4dc8-881f-8260bb477250');
insert into IMAGE (id, created_at, updated_at, pic_location, product_id) values ('91269f05-3d7f-4609-a117-1491519c33d3', '8/2/2020', '5/24/2020', 'http://dummyimage.com/219x137.png/ff4444/ffffff', '10efef70-0ba6-427b-bb87-184ba75aec60');
insert into IMAGE (id, created_at, updated_at, pic_location, product_id) values ('937ecfcc-e0c5-4cb6-9adf-e7165689f286', '2/24/2020', '8/22/2020', 'http://dummyimage.com/146x208.jpg/dddddd/000000', '9db067e6-2e69-481f-9b7c-917d6940794d');
insert into IMAGE (id, created_at, updated_at, pic_location, product_id) values ('d6b83390-45f5-4812-a85a-b8bc9184bf38', '7/1/2020', '2/7/2020', 'http://dummyimage.com/199x176.png/dddddd/000000', 'fddc9e9b-9e9e-4c54-9804-1ec99da0b5e4');
insert into IMAGE (id, created_at, updated_at, pic_location, product_id) values ('544b203f-5c74-4ce1-904b-1ba843f1697a', '1/11/2020', '12/11/2019', 'http://dummyimage.com/244x134.bmp/cc0000/ffffff', 'a93ddcd6-2091-4b13-80ae-9b3184a1df37');
insert into IMAGE (id, created_at, updated_at, pic_location, product_id) values ('c9e6c2c7-aab8-437c-a03e-d9a8404f1bb8', '7/27/2020', '5/17/2020', 'http://dummyimage.com/209x110.bmp/cc0000/ffffff', '6750b05e-9b57-40e1-808f-aa47c5480791');
insert into IMAGE (id, created_at, updated_at, pic_location, product_id) values ('67aff74c-b1ab-447a-b10c-abdf30d03b5b', '7/16/2020', '9/6/2020', 'http://dummyimage.com/145x186.png/5fa2dd/ffffff', 'e7be3154-8afa-4ad3-8a46-91745b50ea86');
insert into IMAGE (id, created_at, updated_at, pic_location, product_id) values ('7cd05042-bf76-41d2-8437-12755c2a2e7d', '5/19/2020', '10/18/2020', 'http://dummyimage.com/137x239.jpg/cc0000/ffffff', 'cafdca3c-4470-4e0b-9b22-519c6626185f');
insert into IMAGE (id, created_at, updated_at, pic_location, product_id) values ('f6b63bdf-d978-456c-b438-4108eba971c1', '7/4/2020', '7/4/2020', 'http://dummyimage.com/192x179.jpg/dddddd/000000', 'e5e0f83f-be69-4a0d-9e11-5c65d4bb8cac');
insert into IMAGE (id, created_at, updated_at, pic_location, product_id) values ('05710aae-008b-4aa1-abf3-38febb80f014', '11/25/2019', '5/27/2020', 'http://dummyimage.com/140x199.jpg/ff4444/ffffff', 'a91fb39d-0121-49a5-aa30-a9bcc18e65ea');
insert into IMAGE (id, created_at, updated_at, pic_location, product_id) values ('0259cf98-2aa4-4038-b362-8c09b7a469fb', '10/16/2020', '7/21/2020', 'http://dummyimage.com/214x171.bmp/cc0000/ffffff', '2f59b91f-a3ce-4f52-baba-b2591fe17168');
insert into IMAGE (id, created_at, updated_at, pic_location, product_id) values ('a1bb230e-6794-4afe-8904-ec3ccea06175', '1/14/2020', '9/28/2020', 'http://dummyimage.com/163x166.png/cc0000/ffffff', '9c3708ac-1beb-45ad-910b-9332705a1837');
insert into IMAGE (id, created_at, updated_at, pic_location, product_id) values ('8b6d82ae-8ec3-42a1-a579-6cd51f5d80f6', '6/11/2020', '8/24/2020', 'http://dummyimage.com/200x229.png/5fa2dd/ffffff', 'f4e7fbd5-35bc-4d27-9127-1df83db29c9b');
insert into IMAGE (id, created_at, updated_at, pic_location, product_id) values ('dc7c8a2b-2c14-4e4c-98b2-7be293b9dc7f', '3/14/2020', '4/10/2020', 'http://dummyimage.com/236x159.png/cc0000/ffffff', '8bf0aa59-54ae-4fb7-89da-d16483d8b2d1');
insert into IMAGE (id, created_at, updated_at, pic_location, product_id) values ('83a4c937-10f5-4a71-a7e9-7c81b399e591', '9/7/2020', '5/9/2020', 'http://dummyimage.com/108x114.png/cc0000/ffffff', '37f81f71-552a-452f-9a26-6a022e7a012f');
insert into IMAGE (id, created_at, updated_at, pic_location, product_id) values ('42f2a53f-1ee7-4c35-aa90-6ce157938cdd', '5/13/2020', '8/7/2020', 'http://dummyimage.com/199x200.jpg/ff4444/ffffff', 'c19ef939-579b-4de1-9709-4619343a91a5');
insert into IMAGE (id, created_at, updated_at, pic_location, product_id) values ('0df1f539-130d-49d1-98c8-4e9d7d04a937', '8/21/2020', '11/18/2020', 'http://dummyimage.com/243x160.bmp/5fa2dd/ffffff', '38267a9b-7a84-4839-9c94-85ebef8b0cae');
insert into IMAGE (id, created_at, updated_at, pic_location, product_id) values ('0ca1f577-184b-4b25-bece-4d1078dbd182', '1/2/2020', '7/12/2020', 'http://dummyimage.com/112x109.bmp/5fa2dd/ffffff', '1f81ffac-b063-4671-92c0-1364ed51b57c');
insert into IMAGE (id, created_at, updated_at, pic_location, product_id) values ('7532966f-b4b7-4a09-947d-da8966c724be', '7/3/2020', '11/11/2020', 'http://dummyimage.com/236x198.jpg/ff4444/ffffff', '2f59b91f-a3ce-4f52-baba-b2591fe17168');
insert into IMAGE (id, created_at, updated_at, pic_location, product_id) values ('079ba391-c822-4108-8d8f-0dc078ebad2d', '12/6/2019', '3/24/2020', 'http://dummyimage.com/175x177.png/dddddd/000000', '16201631-18c9-4fa7-8912-b763154e6f75');
insert into IMAGE (id, created_at, updated_at, pic_location, product_id) values ('d2fea1df-8b74-45d2-9d63-398d612c5291', '9/8/2020', '10/25/2020', 'http://dummyimage.com/218x209.png/cc0000/ffffff', 'e7be3154-8afa-4ad3-8a46-91745b50ea86');
insert into IMAGE (id, created_at, updated_at, pic_location, product_id) values ('5f949370-0ba7-4b93-984b-efc5fc2cb97a', '9/7/2020', '3/12/2020', 'http://dummyimage.com/115x159.bmp/5fa2dd/ffffff', '4b61581e-a4fb-4bdb-bb82-1a870c44d8e4');
insert into IMAGE (id, created_at, updated_at, pic_location, product_id) values ('7cb03b15-47cf-4711-987d-62178594065b', '2/18/2020', '8/25/2020', 'http://dummyimage.com/120x229.png/ff4444/ffffff', '17ae481b-a004-4d04-9f10-5aa5af9b3e36');
insert into IMAGE (id, created_at, updated_at, pic_location, product_id) values ('43eb6969-06ec-4c38-ad77-1c0ba322dc24', '8/20/2020', '8/20/2020', 'http://dummyimage.com/236x141.jpg/ff4444/ffffff', 'faa7a856-4cbe-4143-8701-0dc0e0209af6');
insert into IMAGE (id, created_at, updated_at, pic_location, product_id) values ('02228981-4745-4383-920f-306a6955dfc9', '3/27/2020', '7/3/2020', 'http://dummyimage.com/216x136.jpg/cc0000/ffffff', '1534a3f3-f357-4a1e-a071-7b1e24934dee');
insert into IMAGE (id, created_at, updated_at, pic_location, product_id) values ('a179d947-1757-4569-b1a2-0e7a644e6dc4', '1/27/2020', '4/17/2020', 'http://dummyimage.com/111x142.bmp/cc0000/ffffff', '44476b37-2351-4a0f-80e3-34c7cf62e748');
insert into IMAGE (id, created_at, updated_at, pic_location, product_id) values ('64f37cd3-ff33-44ef-9c65-ca62d43f18e7', '1/12/2020', '12/20/2019', 'http://dummyimage.com/108x237.jpg/ff4444/ffffff', 'ac49fe3e-cd88-4736-a3f4-4611bf910845');
insert into IMAGE (id, created_at, updated_at, pic_location, product_id) values ('13957cea-1690-4fb9-b48a-59da9d080e1d', '10/13/2020', '5/19/2020', 'http://dummyimage.com/212x216.jpg/ff4444/ffffff', '8b2e1aa2-3045-4cf3-b41e-02914c406b5a');
insert into IMAGE (id, created_at, updated_at, pic_location, product_id) values ('ffab66c1-8d58-4852-a9b6-756b3a86bddb', '6/30/2020', '7/4/2020', 'http://dummyimage.com/186x229.jpg/cc0000/ffffff', '9eabcd7e-8b94-465d-abac-61788ac21709');
insert into IMAGE (id, created_at, updated_at, pic_location, product_id) values ('3575b456-adfa-489e-8eac-141d0e00ebaf', '5/4/2020', '9/22/2020', 'http://dummyimage.com/100x238.png/ff4444/ffffff', '08558b51-f228-4291-9dd6-972dbf40fcfd');
insert into IMAGE (id, created_at, updated_at, pic_location, product_id) values ('288704d7-3dba-4706-8bfa-02f8385ef986', '6/6/2020', '5/16/2020', 'http://dummyimage.com/250x243.bmp/ff4444/ffffff', 'c6416ed5-97d9-44ef-a877-cdc2c69d13ba');
insert into IMAGE (id, created_at, updated_at, pic_location, product_id) values ('747d4708-e4d8-418b-a929-7e1b8f0a2c12', '8/21/2020', '10/4/2020', 'http://dummyimage.com/222x204.png/cc0000/ffffff', '1d3647b2-e615-47a6-967f-ffdb1da9a16e');
insert into IMAGE (id, created_at, updated_at, pic_location, product_id) values ('d13b8af2-e3fd-48de-b76e-b55d0497cbf5', '12/24/2019', '11/15/2020', 'http://dummyimage.com/183x248.png/dddddd/000000', 'a93ddcd6-2091-4b13-80ae-9b3184a1df37');
insert into IMAGE (id, created_at, updated_at, pic_location, product_id) values ('a84569a3-1fd4-4a85-ac33-2c2f71f68827', '8/21/2020', '6/7/2020', 'http://dummyimage.com/198x232.jpg/5fa2dd/ffffff', 'e5e0f83f-be69-4a0d-9e11-5c65d4bb8cac');
insert into IMAGE (id, created_at, updated_at, pic_location, product_id) values ('d757c2bb-f6c3-4053-9bc3-075f812f080a', '7/19/2020', '4/6/2020', 'http://dummyimage.com/150x124.png/dddddd/000000', '8345b6f3-cab6-4b28-ab1b-aabe75a6a569');
insert into IMAGE (id, created_at, updated_at, pic_location, product_id) values ('d67032cf-7d6d-4b40-ba2c-4294da08c222', '4/30/2020', '8/20/2020', 'http://dummyimage.com/148x122.jpg/5fa2dd/ffffff', 'fb7d3a11-e26f-491d-aa5d-7234f804267c');
insert into IMAGE (id, created_at, updated_at, pic_location, product_id) values ('ed1cdde1-9f7c-431b-b7bf-61f9c0f24e79', '1/30/2020', '2/22/2020', 'http://dummyimage.com/233x230.bmp/cc0000/ffffff', 'c96bf5f2-8f06-41cb-83f4-4839fe55286f');
insert into IMAGE (id, created_at, updated_at, pic_location, product_id) values ('4bde7c21-b227-4ad1-b181-aee7348550a5', '3/30/2020', '9/20/2020', 'http://dummyimage.com/115x159.jpg/cc0000/ffffff', 'f4e7fbd5-35bc-4d27-9127-1df83db29c9b');
insert into IMAGE (id, created_at, updated_at, pic_location, product_id) values ('43c07051-e5f9-474f-a3b6-aaa384cca947', '10/18/2020', '11/8/2020', 'http://dummyimage.com/141x198.bmp/dddddd/000000', 'a0009b5f-87cf-4b5d-a717-b079292a33b9');
insert into IMAGE (id, created_at, updated_at, pic_location, product_id) values ('fc82d1c7-0fdb-4149-bb98-dc8aba573247', '4/23/2020', '1/14/2020', 'http://dummyimage.com/236x164.bmp/dddddd/000000', '10efef70-0ba6-427b-bb87-184ba75aec60');
insert into IMAGE (id, created_at, updated_at, pic_location, product_id) values ('b1bc655e-0a24-4f64-a0c3-7d71b250c45d', '1/7/2020', '6/16/2020', 'http://dummyimage.com/177x208.png/cc0000/ffffff', 'e3bc41ea-369c-46d8-addf-553009cad8a0');
insert into IMAGE (id, created_at, updated_at, pic_location, product_id) values ('3571c58d-9bea-4b05-bdaa-6fefde2141db', '5/21/2020', '1/19/2020', 'http://dummyimage.com/134x177.png/5fa2dd/ffffff', '8345b6f3-cab6-4b28-ab1b-aabe75a6a569');
insert into IMAGE (id, created_at, updated_at, pic_location, product_id) values ('07eb0545-ac6e-496e-9294-fdcbe7dbec5c', '8/25/2020', '7/8/2020', 'http://dummyimage.com/170x100.png/dddddd/000000', '6750b05e-9b57-40e1-808f-aa47c5480791');
insert into IMAGE (id, created_at, updated_at, pic_location, product_id) values ('03ae1f96-a043-4333-b87a-ff337c50af32', '1/27/2020', '4/21/2020', 'http://dummyimage.com/191x204.jpg/5fa2dd/ffffff', '5d9460f7-ea53-4379-b82f-98ae77e7fc31');
insert into IMAGE (id, created_at, updated_at, pic_location, product_id) values ('2253ce77-b091-44f3-ab1b-290acda11bda', '10/16/2020', '2/27/2020', 'http://dummyimage.com/137x163.bmp/dddddd/000000', '512e56c0-5088-40da-9616-379de397df84');
insert into IMAGE (id, created_at, updated_at, pic_location, product_id) values ('61c314ac-55cd-4421-8572-ba49d0d71ee8', '2/29/2020', '9/9/2020', 'http://dummyimage.com/186x240.bmp/5fa2dd/ffffff', '7da21984-5b36-48ed-9a1e-e2c5ebe25800');
insert into IMAGE (id, created_at, updated_at, pic_location, product_id) values ('7afbc272-4884-4aa9-a1ab-52b309b82f41', '12/9/2019', '5/24/2020', 'http://dummyimage.com/124x227.bmp/cc0000/ffffff', '162bef58-aa71-4993-9992-853102cf25b2');
insert into IMAGE (id, created_at, updated_at, pic_location, product_id) values ('7c578b66-b8ba-4c07-b0bd-0ade0561dc25', '1/30/2020', '9/14/2020', 'http://dummyimage.com/142x133.bmp/ff4444/ffffff', '22aced07-fd83-4d6b-80a8-8a00101bfe67');
insert into IMAGE (id, created_at, updated_at, pic_location, product_id) values ('5cadc5f2-15f8-4999-bb20-fc3af0dba0e2', '2/7/2020', '3/9/2020', 'http://dummyimage.com/222x148.bmp/cc0000/ffffff', '1d3647b2-e615-47a6-967f-ffdb1da9a16e');
insert into IMAGE (id, created_at, updated_at, pic_location, product_id) values ('a7499bdc-f991-40ff-95f1-ce035e14ca9b', '6/23/2020', '7/22/2020', 'http://dummyimage.com/141x144.png/cc0000/ffffff', '48a9aa7e-3657-4182-9f23-c337eeb340ab');
insert into IMAGE (id, created_at, updated_at, pic_location, product_id) values ('db52d9d8-b404-4aca-b5df-5a335e20d197', '8/23/2020', '7/5/2020', 'http://dummyimage.com/237x139.bmp/cc0000/ffffff', '78df6c8a-1891-4a4b-9e0d-849a7c1cca41');
insert into IMAGE (id, created_at, updated_at, pic_location, product_id) values ('c6acc44f-5e07-4376-9066-d6ae170f4354', '9/11/2020', '7/14/2020', 'http://dummyimage.com/124x239.bmp/5fa2dd/ffffff', 'f6539e90-e7a7-4bd3-9fbd-c66a257e2fc1');
insert into IMAGE (id, created_at, updated_at, pic_location, product_id) values ('801eaacd-9199-4e65-80cf-59ea1efbef5c', '10/18/2020', '3/9/2020', 'http://dummyimage.com/242x195.jpg/cc0000/ffffff', '9c3708ac-1beb-45ad-910b-9332705a1837');
insert into IMAGE (id, created_at, updated_at, pic_location, product_id) values ('1895a33d-31c2-4fd7-b438-ba945a2f4a81', '1/29/2020', '1/18/2020', 'http://dummyimage.com/183x133.bmp/5fa2dd/ffffff', 'ba227faa-2e53-430a-bbdb-420b291cb960');
insert into IMAGE (id, created_at, updated_at, pic_location, product_id) values ('0ff65afb-1069-4389-b218-729d269d2e37', '12/24/2019', '2/19/2020', 'http://dummyimage.com/158x201.bmp/5fa2dd/ffffff', 'a91fb39d-0121-49a5-aa30-a9bcc18e65ea');
insert into IMAGE (id, created_at, updated_at, pic_location, product_id) values ('3c3a579a-9e22-4400-a6d7-7e8d600c6029', '2/20/2020', '12/17/2019', 'http://dummyimage.com/131x149.bmp/ff4444/ffffff', '5d9460f7-ea53-4379-b82f-98ae77e7fc31');
insert into IMAGE (id, created_at, updated_at, pic_location, product_id) values ('6fff0872-b92f-49a7-88c6-c24a1ba0edbd', '2/2/2020', '11/1/2020', 'http://dummyimage.com/201x130.jpg/dddddd/000000', 'c19ef939-579b-4de1-9709-4619343a91a5');
insert into IMAGE (id, created_at, updated_at, pic_location, product_id) values ('1e9103a8-7b0d-47f4-95d3-6324cfacfbc9', '8/5/2020', '11/7/2020', 'http://dummyimage.com/154x140.png/ff4444/ffffff', '16201631-18c9-4fa7-8912-b763154e6f75');
insert into IMAGE (id, created_at, updated_at, pic_location, product_id) values ('0838f09c-7883-4e89-99f9-885ff959b28b', '5/5/2020', '7/20/2020', 'http://dummyimage.com/244x226.png/cc0000/ffffff', 'd2d50e75-e185-4bf9-a641-ada9ab9ff725');
insert into IMAGE (id, created_at, updated_at, pic_location, product_id) values ('e2f71d09-7594-4236-a0aa-ef40b46da1e5', '8/2/2020', '4/25/2020', 'http://dummyimage.com/229x223.png/ff4444/ffffff', 'd3354811-8944-4137-a0e3-d758c8140c83');
insert into IMAGE (id, created_at, updated_at, pic_location, product_id) values ('9e666ade-9537-4afb-9abd-909f6304955e', '9/9/2020', '1/7/2020', 'http://dummyimage.com/130x140.png/dddddd/000000', 'ac49fe3e-cd88-4736-a3f4-4611bf910845');
insert into IMAGE (id, created_at, updated_at, pic_location, product_id) values ('33beb22a-56af-4a6f-9f33-61d6a6b6b450', '3/10/2020', '6/20/2020', 'http://dummyimage.com/107x146.png/cc0000/ffffff', 'c6416ed5-97d9-44ef-a877-cdc2c69d13ba');
insert into IMAGE (id, created_at, updated_at, pic_location, product_id) values ('91ab0ac9-3376-4dc5-b2e1-8e0efaba5f36', '4/26/2020', '6/22/2020', 'http://dummyimage.com/182x230.png/dddddd/000000', 'c29b2f9e-9583-4dba-a18b-3a7ec03df6c3');
insert into IMAGE (id, created_at, updated_at, pic_location, product_id) values ('b89d90ce-a8e2-49b6-8982-92fd6559f369', '12/11/2019', '5/8/2020', 'http://dummyimage.com/222x170.bmp/dddddd/000000', '95b82fcf-21dc-44d4-a32d-3da1ea18949f');
insert into IMAGE (id, created_at, updated_at, pic_location, product_id) values ('e36a6c35-e68e-4bd6-a722-3ebc096a1821', '10/29/2020', '8/20/2020', 'http://dummyimage.com/167x129.bmp/cc0000/ffffff', '86875b74-7b33-482c-95e8-f2d426b4d141');
insert into IMAGE (id, created_at, updated_at, pic_location, product_id) values ('27e333c0-7823-4e21-bd06-8a52604ad95b', '8/6/2020', '2/28/2020', 'http://dummyimage.com/155x101.png/dddddd/000000', '9c3708ac-1beb-45ad-910b-9332705a1837');
insert into IMAGE (id, created_at, updated_at, pic_location, product_id) values ('39f6ef57-a1f5-4a28-877f-b64a6f6a6869', '6/11/2020', '9/8/2020', 'http://dummyimage.com/111x174.bmp/5fa2dd/ffffff', 'a91fb39d-0121-49a5-aa30-a9bcc18e65ea');
insert into IMAGE (id, created_at, updated_at, pic_location, product_id) values ('36b6ac90-31fb-4afb-8518-4dfa2d0d3563', '4/3/2020', '2/14/2020', 'http://dummyimage.com/186x130.png/dddddd/000000', '9dc2ebd8-e139-461c-a5a7-f08c9e8cf2b1');
insert into IMAGE (id, created_at, updated_at, pic_location, product_id) values ('a0a74cba-2dd1-4fd0-b941-e8562412c56c', '11/15/2020', '3/21/2020', 'http://dummyimage.com/170x174.png/dddddd/000000', '18cfa1be-a5c9-4515-ac7f-7345daa2998d');
insert into IMAGE (id, created_at, updated_at, pic_location, product_id) values ('7880577c-b53a-4a06-bdd9-348efe79c0a5', '6/18/2020', '9/16/2020', 'http://dummyimage.com/180x209.png/dddddd/000000', '3ca4d7cc-0dd8-4ff2-9715-5481521134d0');
insert into IMAGE (id, created_at, updated_at, pic_location, product_id) values ('56a9682a-d21d-462e-a2f8-bdd6e420592b', '3/17/2020', '6/26/2020', 'http://dummyimage.com/166x110.jpg/dddddd/000000', 'cafdca3c-4470-4e0b-9b22-519c6626185f');
insert into IMAGE (id, created_at, updated_at, pic_location, product_id) values ('32849b26-35c2-4ac4-bbd1-7bcd03bc0825', '3/24/2020', '11/13/2020', 'http://dummyimage.com/132x233.bmp/5fa2dd/ffffff', 'abbf58e6-ad1d-474f-baf5-df942775526b');
insert into IMAGE (id, created_at, updated_at, pic_location, product_id) values ('2cb2b9de-eca7-443d-bafa-13021825f2d9', '4/30/2020', '11/8/2020', 'http://dummyimage.com/152x111.png/ff4444/ffffff', 'daa432e4-8c4e-497f-8aa8-f4736cd5a614');
insert into IMAGE (id, created_at, updated_at, pic_location, product_id) values ('a72177f4-d174-459e-a7c6-13779aaca49f', '1/13/2020', '1/15/2020', 'http://dummyimage.com/201x143.png/dddddd/000000', 'e7be3154-8afa-4ad3-8a46-91745b50ea86');
insert into IMAGE (id, created_at, updated_at, pic_location, product_id) values ('e11cd7b7-d6c1-479f-b106-bdd993d81532', '3/15/2020', '11/12/2020', 'http://dummyimage.com/158x167.png/5fa2dd/ffffff', '44476b37-2351-4a0f-80e3-34c7cf62e748');
insert into IMAGE (id, created_at, updated_at, pic_location, product_id) values ('742a49b0-9298-4720-a11a-ccd902766d93', '7/20/2020', '2/6/2020', 'http://dummyimage.com/181x102.png/ff4444/ffffff', '36c3867e-1bc0-4dc2-be8e-2c6e6107481c');
insert into IMAGE (id, created_at, updated_at, pic_location, product_id) values ('ef09ab72-ffe3-4ca7-9114-dba50199db91', '8/3/2020', '11/28/2019', 'http://dummyimage.com/243x244.bmp/5fa2dd/ffffff', '512e56c0-5088-40da-9616-379de397df84');
insert into IMAGE (id, created_at, updated_at, pic_location, product_id) values ('7b4d704c-3d49-46fd-8847-8608e36817a2', '9/1/2020', '7/30/2020', 'http://dummyimage.com/232x106.jpg/dddddd/000000', '6dfdd31a-5eb8-4576-b3e1-a433662b1f79');
insert into IMAGE (id, created_at, updated_at, pic_location, product_id) values ('6697e185-63bd-4b9d-9050-23d70348f2f6', '11/8/2020', '7/19/2020', 'http://dummyimage.com/110x118.png/ff4444/ffffff', 'e5e0f83f-be69-4a0d-9e11-5c65d4bb8cac');
insert into IMAGE (id, created_at, updated_at, pic_location, product_id) values ('e27a1afc-715f-4835-9c00-fc14d96ebd1f', '8/24/2020', '10/22/2020', 'http://dummyimage.com/249x235.bmp/dddddd/000000', 'b4c56f0d-31c1-4381-a0b4-9ce389aedfa9');
insert into IMAGE (id, created_at, updated_at, pic_location, product_id) values ('ff3fd3ea-494b-40fd-bde2-586889a3a68f', '12/5/2019', '6/23/2020', 'http://dummyimage.com/141x203.bmp/cc0000/ffffff', 'b2c356be-10fa-4046-8b26-0310b9f21839');
insert into IMAGE (id, created_at, updated_at, pic_location, product_id) values ('515d16e2-04bf-4d13-b517-888a2464d4c1', '5/26/2020', '11/24/2019', 'http://dummyimage.com/139x148.jpg/ff4444/ffffff', '162bef58-aa71-4993-9992-853102cf25b2');
insert into IMAGE (id, created_at, updated_at, pic_location, product_id) values ('a7b61754-0041-4020-9875-0cbf4c78e069', '1/1/2020', '7/26/2020', 'http://dummyimage.com/117x154.png/5fa2dd/ffffff', '44cc1c9d-be9c-4409-801b-b76cbb3c5939');
insert into IMAGE (id, created_at, updated_at, pic_location, product_id) values ('1890d532-ffef-445d-8537-3a73eb3adca7', '1/26/2020', '1/26/2020', 'http://dummyimage.com/122x223.bmp/dddddd/000000', '6dfdd31a-5eb8-4576-b3e1-a433662b1f79');
insert into IMAGE (id, created_at, updated_at, pic_location, product_id) values ('a76aa618-48b4-4ac9-bfc1-350638d7eba1', '7/20/2020', '11/17/2020', 'http://dummyimage.com/126x123.png/ff4444/ffffff', 'd3354811-8944-4137-a0e3-d758c8140c83');
insert into IMAGE (id, created_at, updated_at, pic_location, product_id) values ('80d99ec5-96e4-4eed-b0de-7356e2d5f85c', '10/26/2020', '9/30/2020', 'http://dummyimage.com/139x174.png/5fa2dd/ffffff', '17ae481b-a004-4d04-9f10-5aa5af9b3e36');
insert into IMAGE (id, created_at, updated_at, pic_location, product_id) values ('08fdf96e-9545-4ee6-97d1-1ac6a40b10d7', '4/19/2020', '7/30/2020', 'http://dummyimage.com/216x235.bmp/5fa2dd/ffffff', 'd3354811-8944-4137-a0e3-d758c8140c83');

insert into ORDER3D (id, created_at, updated_at, total_amount, order_track_id, order_state, company_name, name, city, district, district2, mobile_number, email, notes, extra_info_order) values ('61552e81-a5c2-4327-8dab-b290cce1fc5a', '10/7/2019', '2/2/2020', '769.20', '219517134-0', 'DELIVERED', 'Skibox', 'A', 'Pueblo', '0 Gulseth Lane', 'Mallory', '108933628-4', 'vripsher0@a8.net', 'tellus nisi eu orci mauris lacinia sapien quis libero nullam sit amet turpis elementum ligula vehicula consequat', null);
insert into ORDER3D (id, created_at, updated_at, total_amount, order_track_id, order_state, company_name, name, city, district, district2, mobile_number, email, notes, extra_info_order) values ('f5e978f5-e141-4b04-970b-197b0b5d54e2', '5/4/2019', null, '207.30', '068025127-8', 'COMPLETED', 'Pixope', 'Michle', 'Mobile', '43910 Paget Plaza', 'Hooker', '268041483-7', 'mvelasquez1@wunderground.com', 'aliquet at feugiat non pretium quis lectus suspendisse potenti in eleifend quam a odio in hac habitasse', null);
insert into ORDER3D (id, created_at, updated_at, total_amount, order_track_id, order_state, company_name, name, city, district, district2, mobile_number, email, notes, extra_info_order) values ('6bd7ee0b-2a56-4dd4-ac89-5eb5be541b76', '12/29/2019', '4/24/2019', '302.17', '785178797-1', 'IN_PROGRESS', 'Wikivu', 'Kallist', 'Nehe', '50516 Sunbrook Street', 'Prentice', '633917403-5', 'cmcnerlin2@blogspot.com', 'primis in faucibus orci luctus et ultrices posuere cubilia curae duis faucibus', null);
insert into ORDER3D (id, created_at, updated_at, total_amount, order_track_id, order_state, company_name, name, city, district, district2, mobile_number, email, notes, extra_info_order) values ('dc23d611-0edb-4057-823b-f45d5cea1f23', '4/27/2019', '6/12/2019', '869.82', '502120612-5', 'RECEIVED', 'Livefish', 'Landre', 'Mekele', '49211 Prentice Plaza', 'Susan', '529283999-X', 'lmaylott3@nationalgeographic.com', 'cras non velit nec nisi vulputate nonummy maecenas tincidunt lacus', null);
insert into ORDER3D (id, created_at, updated_at, total_amount, order_track_id, order_state, company_name, name, city, district, district2, mobile_number, email, notes, extra_info_order) values ('b329ac27-b24d-4b9d-9e72-8e273c83780d', '5/19/2019', '9/25/2019', '504.19', '427197439-0', 'SHIPPED', 'Teklist', 'U', 'Barreiro do Jaba', '98959 Lunder Road', 'Nova', '291454937-7', 'lwheelhouse4@taobao.com', 'sapien arcu sed augue aliquam erat volutpat in congue etiam justo etiam', 'duis mattis egestas metus aenean fermentum donec ut mauris eget massa tempor convallis nulla neque libero');
insert into ORDER3D (id, created_at, updated_at, total_amount, order_track_id, order_state, company_name, name, city, district, district2, mobile_number, email, notes, extra_info_order) values ('d36f4c9d-6b49-4776-ab5a-0c4a88fe3b70', '9/16/2019', null, '453.57', '617156960-7', 'IN_PROGRESS', 'Trudeo', 'Chlo', 'Annecy', '0 Florence Place', 'South', '323638932-X', 'amarrison5@fda.gov', 'non mauris morbi non lectus aliquam sit amet diam in magna bibendum imperdiet', null);
insert into ORDER3D (id, created_at, updated_at, total_amount, order_track_id, order_state, company_name, name, city, district, district2, mobile_number, email, notes, extra_info_order) values ('bc817efa-3774-49e8-81fe-b2d8e93dc45a', '11/9/2019', '12/9/2019', '421.63', '428878200-7', 'DELIVERED', 'Voonix', 'Malann', 'Lyon', '9477 Jenna Place', '4th', '113389587-5', 'tjerrand6@harvard.edu', 'donec ut mauris eget massa tempor convallis nulla neque libero convallis eget eleifend luctus ultricies eu nibh quisque id justo', null);
insert into ORDER3D (id, created_at, updated_at, total_amount, order_track_id, order_state, company_name, name, city, district, district2, mobile_number, email, notes, extra_info_order) values ('0a06a855-b0e9-4627-a8ad-4c4a63f6ee40', '6/22/2019', '3/18/2019', '466.81', '465832555-1', 'IN_PROGRESS', 'Topiclounge', 'Clia', 'Lowotukan', '561 Marcy Place', 'Kingsford', '707990743-8', 'tlangstone7@umn.edu', 'dapibus nulla suscipit ligula in lacus curabitur at ipsum ac tellus semper interdum mauris ullamcorper', null);
insert into ORDER3D (id, created_at, updated_at, total_amount, order_track_id, order_state, company_name, name, city, district, district2, mobile_number, email, notes, extra_info_order) values ('c3b87fe7-7f68-45d3-a694-e06723c0de43', '8/16/2019', '3/31/2019', '351.41', '691073658-3', 'RECEIVED', 'Camimbo', 'Malys', 'Ar Rawah', '4 Oak Valley Place', 'Kings', '754577449-3', 'cbertlin8@arstechnica.com', 'et ultrices posuere cubilia curae donec pharetra magna vestibulum aliquet ultrices erat tortor sollicitudin', null);
insert into ORDER3D (id, created_at, updated_at, total_amount, order_track_id, order_state, company_name, name, city, district, district2, mobile_number, email, notes, extra_info_order) values ('1dec8e05-2833-404d-a52f-e8a1a0f4b5f7', '5/26/2019', '2/6/2020', '958.14', '858761238-7', 'COMPLETED', 'Zoovu', 'Gsta', 'Beaung Tengah', '51 Ridgeview Lane', 'Doe Crossing', '113977710-6', 'habbes9@apache.org', 'euismod scelerisque quam turpis adipiscing lorem vitae mattis nibh ligula nec sem duis aliquam convallis nunc proin at turpis a', null);
insert into ORDER3D (id, created_at, updated_at, total_amount, order_track_id, order_state, company_name, name, city, district, district2, mobile_number, email, notes, extra_info_order) values ('78acde04-f311-46f2-a343-b74510c90505', '11/28/2019', '10/31/2019', '568.32', '564997577-9', 'IN_PROGRESS', 'Youbridge', 'Mahlie', 'Banjarjo', '2027 Roth Lane', 'Pine View', '397184035-3', 'lkleinzweiga@reference.com', 'vitae nisl aenean lectus pellentesque eget nunc donec quis orci', null);
insert into ORDER3D (id, created_at, updated_at, total_amount, order_track_id, order_state, company_name, name, city, district, district2, mobile_number, email, notes, extra_info_order) values ('291102d1-b020-41f6-a6a1-bf03212d0052', '5/3/2019', '11/16/2019', '511.74', '187856343-2', 'RECEIVED', 'Izio', 'Malys', 'Daan', '1 Bobwhite Point', 'Glendale', '642762940-9', 'cruggb@angelfire.com', 'neque sapien placerat ante nulla justo aliquam quis turpis eget elit', null);
insert into ORDER3D (id, created_at, updated_at, total_amount, order_track_id, order_state, company_name, name, city, district, district2, mobile_number, email, notes, extra_info_order) values ('9f235188-ad76-41b2-87f2-8761deb41f7b', '10/25/2019', null, '300.37', '436518364-8', 'IN_PROGRESS', 'Photobug', 'Landre', 'Inyati', '7694 Sullivan Terrace', 'Memorial', '121578400-7', 'mjodlowskic@ft.com', 'rutrum nulla tellus in sagittis dui vel nisl duis ac nibh fusce lacus purus', null);
insert into ORDER3D (id, created_at, updated_at, total_amount, order_track_id, order_state, company_name, name, city, district, district2, mobile_number, email, notes, extra_info_order) values ('43240527-9326-4fd8-b1a6-fd35c6858bb7', '4/10/2019', null, '725.34', '919362053-5', 'SHIPPED', 'Vinte', 'Malys', 'Terra Ch', '29 Forest Dale Place', 'Buena Vista', '020398006-9', 'dcozensd@samsung.com', 'id ornare imperdiet sapien urna pretium nisl ut volutpat sapien arcu sed augue', null);
insert into ORDER3D (id, created_at, updated_at, total_amount, order_track_id, order_state, company_name, name, city, district, district2, mobile_number, email, notes, extra_info_order) values ('71570e44-e709-40b6-b006-6388ffd4c93f', '6/13/2019', null, '405.92', '615364756-1', 'SHIPPED', 'Realmix', 'Batrice', 'Jobabo', '89117 Dunning Crossing', 'Rieder', '958591066-7', 'vesome@hibu.com', 'justo sollicitudin ut suscipit a feugiat et eros vestibulum ac est lacinia nisi venenatis tristique fusce congue diam id', null);
insert into ORDER3D (id, created_at, updated_at, total_amount, order_track_id, order_state, company_name, name, city, district, district2, mobile_number, email, notes, extra_info_order) values ('b6fba5b8-331f-44f5-9935-db01fd772c5d', '5/28/2019', null, '893.89', '324535409-6', 'IN_PROGRESS', 'Einti', 'Zh', 'Nany', '125 Vidon Terrace', 'Dayton', '621883558-8', 'jmeersf@timesonline.co.uk', 'porttitor id consequat in consequat ut nulla sed accumsan felis ut at dolor quis odio', 'mauris vulputate elementum nullam varius nulla facilisi cras non velit nec nisi vulputate nonummy maecenas tincidunt lacus at');
insert into ORDER3D (id, created_at, updated_at, total_amount, order_track_id, order_state, company_name, name, city, district, district2, mobile_number, email, notes, extra_info_order) values ('e0f1f0c3-3b26-4383-a94b-537939353ebf', '10/12/2019', '8/19/2019', '869.76', '102581881-4', 'DELIVERED', 'Flipopia', 'slg', 'Santa Cecilia', '6 Nova Road', 'Moland', '787752151-0', 'oheadingsg@cpanel.net', 'pulvinar sed nisl nunc rhoncus dui vel sem sed sagittis nam congue risus semper porta volutpat quam pede lobortis ligula', null);
insert into ORDER3D (id, created_at, updated_at, total_amount, order_track_id, order_state, company_name, name, city, district, district2, mobile_number, email, notes, extra_info_order) values ('052fc856-db04-459c-8d52-d72fdca9ec4e', '12/16/2019', '8/27/2019', '770.47', '773535744-3', 'RECEIVED', 'Skyvu', 'Cllia', 'Debeljaa', '288 Petterle Road', 'Dennis', '268596916-0', 'dhacardh@vkontakte.ru', 'sit amet sapien dignissim vestibulum vestibulum ante ipsum primis in', null);
insert into ORDER3D (id, created_at, updated_at, total_amount, order_track_id, order_state, company_name, name, city, district, district2, mobile_number, email, notes, extra_info_order) values ('e7b65d1f-c4b6-4d4e-b9ea-b246774b5ab2', '7/6/2019', '1/9/2020', '749.80', '310617002-6', 'IN_PROGRESS', 'Kamba', 'Zo', 'Nkiti', '7970 Hintze Crossing', 'Merchant', '446908222-8', 'sjaini@drupal.org', 'sollicitudin ut suscipit a feugiat et eros vestibulum ac est', 'lacinia erat vestibulum sed magna at nunc commodo placerat praesent blandit');
insert into ORDER3D (id, created_at, updated_at, total_amount, order_track_id, order_state, company_name, name, city, district, district2, mobile_number, email, notes, extra_info_order) values ('56cba2ca-2572-433f-8ac8-766f92558ddc', '3/22/2019', '2/6/2020', '740.97', '393005367-5', 'SHIPPED', 'Roomm', 'Li', 'Bohai', '26200 Old Gate Pass', 'Ridge Oak', '503068003-9', 'kpetofij@weibo.com', 'semper interdum mauris ullamcorper purus sit amet nulla quisque arcu libero rutrum ac lobortis vel dapibus', null);
insert into ORDER3D (id, created_at, updated_at, total_amount, order_track_id, order_state, company_name, name, city, district, district2, mobile_number, email, notes, extra_info_order) values ('a85803f8-d351-4f5b-9b10-a83461246357', '11/2/2019', '6/12/2019', '922.96', '124565211-7', 'DELIVERED', 'Kanoodle', 'Dafne', 'Bujakw', '66099 Sunnyside Road', 'Sheridan', '748846621-7', 'iwhinneyk@skyrock.com', 'fusce lacus purus aliquet at feugiat non pretium quis lectus', null);
insert into ORDER3D (id, created_at, updated_at, total_amount, order_track_id, order_state, company_name, name, city, district, district2, mobile_number, email, notes, extra_info_order) values ('f0a158e1-1474-483f-a11d-55c1921896a9', '12/2/2019', '1/8/2020', '217.33', '882788089-5', 'RECEIVED', 'Flipbug', 'Landre', 'Deskle', '585 Caliangt Point', 'Gina', '956646959-4', 'pconaghyl@netvibes.com', 'luctus et ultrices posuere cubilia curae duis faucibus accumsan odio curabitur convallis', null);
insert into ORDER3D (id, created_at, updated_at, total_amount, order_track_id, order_state, company_name, name, city, district, district2, mobile_number, email, notes, extra_info_order) values ('aa5e16b5-387b-4af1-bc5a-d3aaadffcf02', '12/21/2019', '3/17/2019', '559.12', '118893959-9', 'SHIPPED', 'Twitterbridge', 'Alos', 'Futian', '367 Sutteridge Terrace', 'Coolidge', '092708787-1', 'fmarkm@archive.org', 'dui luctus rutrum nulla tellus in sagittis dui vel nisl duis ac nibh fusce lacus purus aliquet at', null);
insert into ORDER3D (id, created_at, updated_at, total_amount, order_track_id, order_state, company_name, name, city, district, district2, mobile_number, email, notes, extra_info_order) values ('b0321781-9d77-4e36-b987-d2047ceb5036', '11/5/2019', '9/9/2019', '984.04', '265389133-6', 'DELIVERED', 'Teklist', 'Malys', 'Gorzyczki', '4 Spenser Crossing', 'Nova', '290825627-4', 'mmathisn@wordpress.com', 'dolor sit amet consectetuer adipiscing elit proin risus praesent lectus vestibulum quam sapien', 'vel augue vestibulum ante ipsum primis in faucibus orci luctus et ultrices posuere cubilia curae donec pharetra magna vestibulum aliquet');
insert into ORDER3D (id, created_at, updated_at, total_amount, order_track_id, order_state, company_name, name, city, district, district2, mobile_number, email, notes, extra_info_order) values ('e1d1e036-df05-4f71-aefd-21c122d729bf', '7/26/2019', '9/5/2019', '154.28', '051771108-7', 'RECEIVED', 'Agimba', 'Aime', 'Pomar', '06 Marcy Point', 'Lighthouse Bay', '270942237-9', 'hcrossinghamo@bloglovin.com', 'vestibulum eget vulputate ut ultrices vel augue vestibulum ante ipsum primis in', null);
insert into ORDER3D (id, created_at, updated_at, total_amount, order_track_id, order_state, company_name, name, city, district, district2, mobile_number, email, notes, extra_info_order) values ('fc279219-71a4-4672-afad-90614fa0cdfb', '11/12/2019', null, '676.83', '525019956-9', 'IN_PROGRESS', 'Skilith', 'Rgine', 'Tsarychanka', '326 Waubesa Alley', 'Iowa', '694013845-5', 'mblackburnep@ft.com', 'elementum in hac habitasse platea dictumst morbi vestibulum velit id pretium iaculis diam erat fermentum justo', null);
insert into ORDER3D (id, created_at, updated_at, total_amount, order_track_id, order_state, company_name, name, city, district, district2, mobile_number, email, notes, extra_info_order) values ('5ef32e19-8d82-4bcc-89c9-0bc062644bf0', '11/27/2019', '8/11/2019', '769.89', '222285790-2', 'DELIVERED', 'Lazz', 'Malla', 'Mulanje', '25780 Paget Hill', 'Talisman', '377312647-6', 'dberntssonq@columbia.edu', 'consequat dui nec nisi volutpat eleifend donec ut dolor morbi', 'accumsan felis ut at dolor quis odio consequat varius integer ac leo pellentesque ultrices mattis odio donec');
insert into ORDER3D (id, created_at, updated_at, total_amount, order_track_id, order_state, company_name, name, city, district, district2, mobile_number, email, notes, extra_info_order) values ('9b3f0e98-0970-4e71-83d2-592a88632d90', '2/23/2019', '11/4/2019', '387.79', '878966319-5', 'COMPLETED', 'Yakidoo', 'Tng', 'Klapagading', '4 Schmedeman Drive', 'Moland', '492551456-3', 'cbrisbaner@shinystat.com', 'ac tellus semper interdum mauris ullamcorper purus sit amet nulla quisque', null);
insert into ORDER3D (id, created_at, updated_at, total_amount, order_track_id, order_state, company_name, name, city, district, district2, mobile_number, email, notes, extra_info_order) values ('2ecc88a7-e6a7-489a-afff-8ab421323781', '7/26/2019', null, '519.69', '998823762-6', 'RECEIVED', 'Jaxnation', 'J', 'Bang Kho Laem', '61 Grayhawk Pass', 'Old Gate', '147676336-4', 'hleagass@mapquest.com', 'aliquam convallis nunc proin at turpis a pede posuere nonummy integer non velit', null);
insert into ORDER3D (id, created_at, updated_at, total_amount, order_track_id, order_state, company_name, name, city, district, district2, mobile_number, email, notes, extra_info_order) values ('c2c3b62b-e5a1-4123-a27b-50747e35829f', '2/13/2019', '1/1/2020', '144.94', '834010498-5', 'COMPLETED', 'Brainbox', 'Desire', 'Melun', '5 Golf View Pass', 'Helena', '337844282-4', 'gjewstert@moonfruit.com', 'donec ut mauris eget massa tempor convallis nulla neque libero convallis eget eleifend luctus ultricies eu nibh quisque id justo', null);
insert into ORDER3D (id, created_at, updated_at, total_amount, order_track_id, order_state, company_name, name, city, district, district2, mobile_number, email, notes, extra_info_order) values ('ed36b64f-465f-47d7-b047-88bf1881569a', '7/6/2019', null, '584.58', '359091002-X', 'COMPLETED', 'Muxo', 'Josphine', 'Boavista', '20 Village Park', 'Shelley', '508235090-0', 'dgumbyu@mac.com', 'mauris vulputate elementum nullam varius nulla facilisi cras non velit nec nisi vulputate nonummy maecenas tincidunt', null);
insert into ORDER3D (id, created_at, updated_at, total_amount, order_track_id, order_state, company_name, name, city, district, district2, mobile_number, email, notes, extra_info_order) values ('fffa0c54-5700-4e1e-95a4-fa9497fa4fc1', '5/7/2019', null, '267.66', '863429257-6', 'DELIVERED', 'Ailane', 'Jose', 'Oskarshamn', '8426 Susan Parkway', 'Northfield', '469983257-1', 'tritterv@exblog.jp', 'vestibulum ante ipsum primis in faucibus orci luctus et ultrices posuere cubilia curae donec', 'sollicitudin vitae consectetuer eget rutrum at lorem integer tincidunt ante vel ipsum praesent blandit lacinia erat');
insert into ORDER3D (id, created_at, updated_at, total_amount, order_track_id, order_state, company_name, name, city, district, district2, mobile_number, email, notes, extra_info_order) values ('cadc6725-1d5b-4bb6-bbbc-ca64ac4a63b7', '8/16/2019', '6/16/2019', '481.49', '977185495-X', 'SHIPPED', 'Zazio', 'Rbecca', 'Uchkulan', '07 Scoville Drive', 'Rieder', '826775897-6', 'mdeortegaw@discovery.com', 'lacus curabitur at ipsum ac tellus semper interdum mauris ullamcorper purus sit amet nulla quisque arcu libero rutrum ac lobortis', null);
insert into ORDER3D (id, created_at, updated_at, total_amount, order_track_id, order_state, company_name, name, city, district, district2, mobile_number, email, notes, extra_info_order) values ('aac72bf9-3c6c-400d-a6cd-55d9382199ac', '9/17/2019', null, '132.33', '432816303-5', 'DELIVERED', 'Zoomzone', 'Ccilia', 'Abak', '20 Haas Trail', 'Shasta', '959701641-9', 'tmcgroutherx@comsenz.com', 'tempus vivamus in felis eu sapien cursus vestibulum proin eu mi nulla', null);
insert into ORDER3D (id, created_at, updated_at, total_amount, order_track_id, order_state, company_name, name, city, district, district2, mobile_number, email, notes, extra_info_order) values ('c8f571b7-6178-4938-82b5-4c0e99457e9a', '6/1/2019', '2/17/2019', '485.19', '819069379-4', 'RECEIVED', 'Fiveclub', 'Vronique', 'vreux', '6 Mcbride Lane', 'Karstens', '824753574-2', 'ftamburiy@tripadvisor.com', 'tempor turpis nec euismod scelerisque quam turpis adipiscing lorem vitae mattis nibh ligula nec', null);
insert into ORDER3D (id, created_at, updated_at, total_amount, order_track_id, order_state, company_name, name, city, district, district2, mobile_number, email, notes, extra_info_order) values ('8b53e370-88f1-41fe-8468-4f1b1342f13b', '10/21/2019', '1/27/2020', '432.01', '421303258-2', 'IN_PROGRESS', 'Meejo', 'Alize', 'Wushi', '36 Emmet Trail', 'Nova', '060272081-8', 'mbromleyz@cocolog-nifty.com', 'tincidunt nulla mollis molestie lorem quisque ut erat curabitur gravida nisi', null);
insert into ORDER3D (id, created_at, updated_at, total_amount, order_track_id, order_state, company_name, name, city, district, district2, mobile_number, email, notes, extra_info_order) values ('b8b1cfbd-6a35-4c38-b818-8a6adc98b8b0', '7/14/2019', '1/22/2020', '502.79', '659648843-8', 'DELIVERED', 'Tazz', 'Mlina', 'Numan', '6097 Shopko Way', 'Stephen', '780214862-6', 'sdirand10@theguardian.com', 'aliquam sit amet diam in magna bibendum imperdiet nullam orci pede venenatis non sodales sed tincidunt eu felis fusce posuere', null);
insert into ORDER3D (id, created_at, updated_at, total_amount, order_track_id, order_state, company_name, name, city, district, district2, mobile_number, email, notes, extra_info_order) values ('c79f1278-b920-4d10-91a6-9154a063ccb1', '5/4/2019', '9/8/2019', '184.71', '423476879-0', 'DELIVERED', 'Kanoodle', 'Mgane', 'Kristianstad', '8 Merchant Avenue', 'Surrey', '792944525-9', 'cplumm11@printfriendly.com', 'et magnis dis parturient montes nascetur ridiculus mus etiam vel augue vestibulum rutrum rutrum neque aenean auctor gravida sem', null);
insert into ORDER3D (id, created_at, updated_at, total_amount, order_track_id, order_state, company_name, name, city, district, district2, mobile_number, email, notes, extra_info_order) values ('fb745247-48d8-4c67-9883-810a8a9bddf1', '5/19/2019', '7/12/2019', '242.62', '858702718-2', 'SHIPPED', 'Kwideo', 'Rene', 'Yasnyy', '562 Sheridan Plaza', 'Kedzie', '028236784-5', 'eomand12@columbia.edu', 'bibendum imperdiet nullam orci pede venenatis non sodales sed tincidunt eu felis fusce', null);
insert into ORDER3D (id, created_at, updated_at, total_amount, order_track_id, order_state, company_name, name, city, district, district2, mobile_number, email, notes, extra_info_order) values ('416d4ebc-e1ad-4d7a-b191-baf61f041300', '2/16/2019', null, '829.60', '189182091-5', 'SHIPPED', 'Tekfly', 'Cinma', 'Armenokhrion', '0803 Donald Parkway', 'Eagan', '475941546-7', 'kgledstane13@cbc.ca', 'est lacinia nisi venenatis tristique fusce congue diam id ornare', null);
insert into ORDER3D (id, created_at, updated_at, total_amount, order_track_id, order_state, company_name, name, city, district, district2, mobile_number, email, notes, extra_info_order) values ('bc62e731-582b-490b-87df-8c2697c9567b', '12/18/2019', null, '413.37', '996102394-3', 'SHIPPED', 'Blogtags', 'Alos', 'Slvesborg', '8 Chive Plaza', 'Cordelia', '181052582-9', 'aitzchaki14@arizona.edu', 'ipsum ac tellus semper interdum mauris ullamcorper purus sit amet nulla quisque arcu libero rutrum ac lobortis vel dapibus at', null);
insert into ORDER3D (id, created_at, updated_at, total_amount, order_track_id, order_state, company_name, name, city, district, district2, mobile_number, email, notes, extra_info_order) values ('4590a2c0-f9d6-42e0-97e1-6a240ebb9745', '5/29/2019', null, '936.87', '429372630-6', 'DELIVERED', 'Thoughtsphere', 'Mlissandre', 'Zhenping Chengguanzhen', '80 Banding Avenue', '4th', '621054329-4', 'lsoreau15@mapy.cz', 'sapien quis libero nullam sit amet turpis elementum ligula vehicula consequat morbi a ipsum integer a nibh in', null);
insert into ORDER3D (id, created_at, updated_at, total_amount, order_track_id, order_state, company_name, name, city, district, district2, mobile_number, email, notes, extra_info_order) values ('35f9c3b1-32c0-47fc-8866-aea4855c0130', '3/12/2019', '11/4/2019', '113.72', '390781074-0', 'COMPLETED', 'Babblestorm', 'Anal', 'Penja', '6441 Truax Street', 'Eliot', '047784716-1', 'sbatstone16@geocities.jp', 'auctor sed tristique in tempus sit amet sem fusce consequat nulla nisl nunc nisl duis', 'non lectus aliquam sit amet diam in magna bibendum imperdiet nullam orci pede venenatis non sodales sed tincidunt eu');
insert into ORDER3D (id, created_at, updated_at, total_amount, order_track_id, order_state, company_name, name, city, district, district2, mobile_number, email, notes, extra_info_order) values ('7a024321-6a8a-4392-88e6-e60a8ff8af85', '12/20/2019', '8/8/2019', '571.53', '463614908-4', 'IN_PROGRESS', 'Linklinks', 'Mlia', 'Ballyjamesduff', '86549 Kinsman Park', 'Menomonie', '371247553-5', 'hwilmott17@hatena.ne.jp', 'luctus tincidunt nulla mollis molestie lorem quisque ut erat curabitur', null);
insert into ORDER3D (id, created_at, updated_at, total_amount, order_track_id, order_state, company_name, name, city, district, district2, mobile_number, email, notes, extra_info_order) values ('73e28bcc-f9a0-41b9-a9d1-1d034edb048b', '3/20/2019', '6/9/2019', '458.28', '204899267-6', 'DELIVERED', 'Meejo', 'Clo', 'Patayac', '91400 Moose Place', 'Stang', '020157871-9', 'icregg18@blogspot.com', 'posuere cubilia curae donec pharetra magna vestibulum aliquet ultrices erat tortor sollicitudin mi sit amet lobortis sapien sapien', null);
insert into ORDER3D (id, created_at, updated_at, total_amount, order_track_id, order_state, company_name, name, city, district, district2, mobile_number, email, notes, extra_info_order) values ('bab1249d-9953-49a9-8cdf-587252e3a48b', '1/22/2020', '6/5/2019', '964.45', '997135473-X', 'RECEIVED', 'Jayo', 'Nadge', 'Boyu', '47 Bayside Plaza', 'Harper', '129608680-1', 'jburgan19@who.int', 'amet erat nulla tempus vivamus in felis eu sapien cursus vestibulum proin eu mi nulla ac enim in', null);
insert into ORDER3D (id, created_at, updated_at, total_amount, order_track_id, order_state, company_name, name, city, district, district2, mobile_number, email, notes, extra_info_order) values ('e75f27ef-b6cd-4d1f-a43b-ed44fdbbfdc1', '6/20/2019', '12/15/2019', '157.61', '102113512-7', 'RECEIVED', 'Realbridge', 'Mlys', 'alovci', '52 Jackson Lane', 'Marcy', '515453464-6', 'rbiles1a@ifeng.com', 'congue eget semper rutrum nulla nunc purus phasellus in felis donec semper sapien a libero nam dui', null);
insert into ORDER3D (id, created_at, updated_at, total_amount, order_track_id, order_state, company_name, name, city, district, district2, mobile_number, email, notes, extra_info_order) values ('dc6f6e96-529c-4020-bed5-45d1e6b07626', '3/20/2019', '3/26/2019', '939.38', '266856729-7', 'RECEIVED', 'Skyba', 'Laurne', 'Shakhtarsk', '35973 Memorial Parkway', 'Redwing', '004929420-2', 'nmowlam1b@instagram.com', 'non velit nec nisi vulputate nonummy maecenas tincidunt lacus at velit vivamus vel nulla eget eros', null);
insert into ORDER3D (id, created_at, updated_at, total_amount, order_track_id, order_state, company_name, name, city, district, district2, mobile_number, email, notes, extra_info_order) values ('f44ae6cc-c3d2-42b2-bf23-36877e3df4c5', '3/6/2019', '5/30/2019', '949.18', '269729826-6', 'SHIPPED', 'Realblab', 'Marie-thrse', 'Takeshiken', '86 Fairview Point', 'Leroy', '236536556-6', 'cobradden1c@networkadvertising.org', 'sapien urna pretium nisl ut volutpat sapien arcu sed augue aliquam erat volutpat in congue', null);
insert into ORDER3D (id, created_at, updated_at, total_amount, order_track_id, order_state, company_name, name, city, district, district2, mobile_number, email, notes, extra_info_order) values ('7d354d4d-b43d-4f2e-b0c3-0c539d21acfa', '4/2/2019', '5/17/2019', '568.81', '761782637-0', 'DELIVERED', 'Mycat', 'Clopatre', 'Labog', '4774 Merry Street', 'Dwight', '271926816-X', 'egwinnell1d@posterous.com', 'at nunc commodo placerat praesent blandit nam nulla integer pede justo lacinia eget tincidunt', null);
insert into ORDER3D (id, created_at, updated_at, total_amount, order_track_id, order_state, company_name, name, city, district, district2, mobile_number, email, notes, extra_info_order) values ('03a8ce31-10d1-4864-bf00-a72d20479288', '9/23/2019', '1/9/2020', '630.38', '189354752-3', 'COMPLETED', 'Tagopia', 'Ophlie', 'Aubenas', '5 Vera Trail', 'Sloan', '827960446-4', 'kwittleton1e@cnbc.com', 'donec vitae nisi nam ultrices libero non mattis pulvinar nulla pede ullamcorper augue a suscipit nulla elit', null);
insert into ORDER3D (id, created_at, updated_at, total_amount, order_track_id, order_state, company_name, name, city, district, district2, mobile_number, email, notes, extra_info_order) values ('f81908a5-9d86-45a9-9f5e-8e4bd88bdab9', '1/25/2020', null, '501.64', '128844572-5', 'DELIVERED', 'Topicblab', 'Daphne', 'Pacaycasa', '5114 Lawn Way', 'Knutson', '343395890-4', 'dgallaccio1f@blogtalkradio.com', 'elit ac nulla sed vel enim sit amet nunc viverra dapibus nulla suscipit ligula in lacus curabitur at ipsum ac', null);
insert into ORDER3D (id, created_at, updated_at, total_amount, order_track_id, order_state, company_name, name, city, district, district2, mobile_number, email, notes, extra_info_order) values ('b746bf5b-1ae3-4f21-9302-7eef554310b3', '6/19/2019', null, '660.70', '669721294-2', 'COMPLETED', 'Kazu', 'Marie-franoise', 'Hinthada', '483 Sundown Avenue', 'Cambridge', '993048024-2', 'lrihanek1g@craigslist.org', 'nunc viverra dapibus nulla suscipit ligula in lacus curabitur at ipsum ac tellus semper interdum mauris ullamcorper purus', null);
insert into ORDER3D (id, created_at, updated_at, total_amount, order_track_id, order_state, company_name, name, city, district, district2, mobile_number, email, notes, extra_info_order) values ('49e24539-1376-4076-b0f1-2e5b65cf2ce1', '3/30/2019', '8/3/2019', '497.09', '686533208-3', 'SHIPPED', 'Babbleopia', 'Li', 'San Alberto', '8 Jenna Drive', 'Fallview', '971839866-X', 'cgammidge1h@cnet.com', 'volutpat in congue etiam justo etiam pretium iaculis justo in', null);
insert into ORDER3D (id, created_at, updated_at, total_amount, order_track_id, order_state, company_name, name, city, district, district2, mobile_number, email, notes, extra_info_order) values ('f57a03fb-7a0d-4bbd-8bd0-f823b31b528c', '4/18/2019', null, '586.02', '028707711-X', 'DELIVERED', 'Abatz', 'Alize', 'Pregradnoye', '5567 Scott Junction', 'Cambridge', '595194675-1', 'lboyn1i@bravesites.com', 'integer ac neque duis bibendum morbi non quam nec dui luctus rutrum nulla tellus in sagittis dui vel nisl', null);
insert into ORDER3D (id, created_at, updated_at, total_amount, order_track_id, order_state, company_name, name, city, district, district2, mobile_number, email, notes, extra_info_order) values ('b7b61ef9-91d5-4dd6-a165-0fb4b85deb0f', '9/22/2019', null, '564.03', '919496661-3', 'RECEIVED', 'Skivee', 'Ro', 'Shahrak', '555 Petterle Parkway', 'Calypso', '044479504-9', 'civy1j@state.gov', 'platea dictumst maecenas ut massa quis augue luctus tincidunt nulla mollis molestie lorem quisque ut erat curabitur gravida nisi at', null);
insert into ORDER3D (id, created_at, updated_at, total_amount, order_track_id, order_state, company_name, name, city, district, district2, mobile_number, email, notes, extra_info_order) values ('68a13f47-74a7-492c-9528-f0a20bebc75c', '2/5/2020', '3/4/2019', '481.46', '308596355-3', 'DELIVERED', 'Talane', 'Nlie', 'Anding', '50 Towne Junction', 'Becker', '338364322-0', 'aroxby1k@merriam-webster.com', 'in porttitor pede justo eu massa donec dapibus duis at velit eu', null);
insert into ORDER3D (id, created_at, updated_at, total_amount, order_track_id, order_state, company_name, name, city, district, district2, mobile_number, email, notes, extra_info_order) values ('c0ee7bc5-820c-47a7-99c1-40b6d756b5e8', '7/28/2019', null, '215.14', '798217276-8', 'SHIPPED', 'Devshare', 'Maly', 'Pakisrejo', '370 5th Point', 'Claremont', '838334695-6', 'fmacfie1l@stanford.edu', 'ut massa volutpat convallis morbi odio odio elementum eu interdum eu tincidunt in leo maecenas pulvinar', null);
insert into ORDER3D (id, created_at, updated_at, total_amount, order_track_id, order_state, company_name, name, city, district, district2, mobile_number, email, notes, extra_info_order) values ('3071caa0-702b-4d00-94a1-89824b5fbed8', '1/28/2020', '2/9/2020', '944.79', '920701181-6', 'IN_PROGRESS', 'Riffwire', 'Tn', 'Kizel', '0 Red Cloud Road', 'Memorial', '741503246-2', 'smeddemmen1m@fema.gov', 'primis in faucibus orci luctus et ultrices posuere cubilia curae mauris viverra', null);
insert into ORDER3D (id, created_at, updated_at, total_amount, order_track_id, order_state, company_name, name, city, district, district2, mobile_number, email, notes, extra_info_order) values ('a1583e1c-c42f-499a-8780-3aaf4417f455', '2/23/2019', null, '797.48', '899357191-0', 'DELIVERED', 'Thoughtworks', 'Mghane', 'Tlogotunggal', '15419 Gale Drive', 'Dennis', '150626224-4', 'ddumphries1n@irs.gov', 'sed accumsan felis ut at dolor quis odio consequat varius integer', null);
insert into ORDER3D (id, created_at, updated_at, total_amount, order_track_id, order_state, company_name, name, city, district, district2, mobile_number, email, notes, extra_info_order) values ('32826017-71c8-432b-bade-c23d173552cd', '10/11/2019', '12/5/2019', '172.90', '043395793-X', 'COMPLETED', 'Lazzy', 'Aurlie', 'Cardona', '27 Fairview Lane', 'Dexter', '033335190-8', 'kkleinsinger1o@zdnet.com', 'vehicula condimentum curabitur in libero ut massa volutpat convallis morbi odio odio elementum', null);
insert into ORDER3D (id, created_at, updated_at, total_amount, order_track_id, order_state, company_name, name, city, district, district2, mobile_number, email, notes, extra_info_order) values ('335f1986-5979-4806-9b05-a734e7c45d28', '3/11/2019', '1/11/2020', '401.96', '198549296-2', 'DELIVERED', 'Camido', 'Marie-thrse', 'Gfyra', '1 Eagle Crest Road', 'Amoth', '013461889-0', 'fmoye1p@t-online.de', 'nulla suscipit ligula in lacus curabitur at ipsum ac tellus semper interdum mauris ullamcorper purus sit', null);
insert into ORDER3D (id, created_at, updated_at, total_amount, order_track_id, order_state, company_name, name, city, district, district2, mobile_number, email, notes, extra_info_order) values ('abe43b77-d2ec-4ecb-9387-e8df109c74e8', '8/22/2019', null, '838.86', '209215714-0', 'RECEIVED', 'Livefish', 'Ku', 'San Pedro', '6469 Tennessee Place', 'Welch', '499474742-3', 'pmaccrackan1q@eepurl.com', 'pede lobortis ligula sit amet eleifend pede libero quis orci nullam molestie nibh in lectus pellentesque at', null);
insert into ORDER3D (id, created_at, updated_at, total_amount, order_track_id, order_state, company_name, name, city, district, district2, mobile_number, email, notes, extra_info_order) values ('0cafb4b3-9d5f-41d2-8630-3821fd67991b', '5/24/2019', null, '318.89', '372269776-X', 'RECEIVED', 'Dabvine', 'Brnice', 'Isdalst', '20915 Dapin Plaza', 'Forest Run', '964434705-6', 'umenhenitt1r@over-blog.com', 'semper est quam pharetra magna ac consequat metus sapien ut', null);
insert into ORDER3D (id, created_at, updated_at, total_amount, order_track_id, order_state, company_name, name, city, district, district2, mobile_number, email, notes, extra_info_order) values ('956554a3-7bd0-4bbf-ba15-cada0d912ab3', '5/18/2019', null, '861.11', '107031783-7', 'COMPLETED', 'Zoomlounge', 'Plagie', 'Tit Mellil', '46 Dennis Trail', 'Bultman', '509778190-2', 'tsuatt1s@youtu.be', 'at velit eu est congue elementum in hac habitasse platea dictumst morbi', null);
insert into ORDER3D (id, created_at, updated_at, total_amount, order_track_id, order_state, company_name, name, city, district, district2, mobile_number, email, notes, extra_info_order) values ('b9faea57-b4fb-4bf8-b33c-c9b58e9835dc', '7/28/2019', '10/28/2019', '170.54', '630336562-0', 'IN_PROGRESS', 'Youopia', 'Simplifis', 'Heishan', '1627 Maple Court', 'Graceland', '749460856-7', 'nroblin1t@cisco.com', 'est phasellus sit amet erat nulla tempus vivamus in felis eu sapien cursus vestibulum proin', 'tristique fusce congue diam id ornare imperdiet sapien urna pretium');
insert into ORDER3D (id, created_at, updated_at, total_amount, order_track_id, order_state, company_name, name, city, district, district2, mobile_number, email, notes, extra_info_order) values ('d8476174-4259-4b15-b76f-a5c92ca1df37', '9/27/2019', null, '905.54', '492255729-6', 'SHIPPED', 'Skinte', 'Mrta', 'Agoncillo', '0 Park Meadow Junction', 'Kropf', '761410487-0', 'xchatenet1u@homestead.com', 'ante ipsum primis in faucibus orci luctus et ultrices posuere cubilia curae nulla dapibus dolor vel est donec odio justo', null);
insert into ORDER3D (id, created_at, updated_at, total_amount, order_track_id, order_state, company_name, name, city, district, district2, mobile_number, email, notes, extra_info_order) values ('0e514d30-5899-4074-93a9-e7a308ffb15e', '10/27/2019', '1/19/2020', '576.41', '951171973-4', 'SHIPPED', 'Jabbersphere', 'Clo', 'Anaco', '96 Fulton Road', 'Ridgeway', '835544416-7', 'bwhitaker1v@hugedomains.com', 'at nunc commodo placerat praesent blandit nam nulla integer pede justo lacinia eget', null);
insert into ORDER3D (id, created_at, updated_at, total_amount, order_track_id, order_state, company_name, name, city, district, district2, mobile_number, email, notes, extra_info_order) values ('6fc99e98-7d52-4903-ab58-551d60cddd1a', '8/24/2019', null, '499.19', '406937192-3', 'SHIPPED', 'Voonyx', 'Salom', 'Espumoso', '355 Ridgeview Plaza', 'Anthes', '579710414-8', 'atavinor1w@blogs.com', 'turpis nec euismod scelerisque quam turpis adipiscing lorem vitae mattis', null);
insert into ORDER3D (id, created_at, updated_at, total_amount, order_track_id, order_state, company_name, name, city, district, district2, mobile_number, email, notes, extra_info_order) values ('b4038d57-f55b-49ba-95f8-3d868f65212e', '3/18/2019', '11/24/2019', '772.48', '753317336-8', 'SHIPPED', 'Photobean', 'Batrice', 'Shiqiao', '11 Stuart Center', 'Becker', '953800428-0', 'glawrey1x@usa.gov', 'lacus purus aliquet at feugiat non pretium quis lectus suspendisse potenti in', 'habitasse platea dictumst aliquam augue quam sollicitudin vitae consectetuer eget');
insert into ORDER3D (id, created_at, updated_at, total_amount, order_track_id, order_state, company_name, name, city, district, district2, mobile_number, email, notes, extra_info_order) values ('9e820421-467d-4424-ad98-5e13bbbf9fa0', '1/11/2020', '4/5/2019', '229.81', '985043364-7', 'SHIPPED', 'Twitterlist', 'Annots', 'Kotabaru Hilir', '74970 Center Avenue', 'Carpenter', '192821419-3', 'kjilliss1y@japanpost.jp', 'condimentum curabitur in libero ut massa volutpat convallis morbi odio odio elementum eu interdum eu tincidunt in leo maecenas pulvinar', null);
insert into ORDER3D (id, created_at, updated_at, total_amount, order_track_id, order_state, company_name, name, city, district, district2, mobile_number, email, notes, extra_info_order) values ('3e21edf1-a9bf-4aaa-89db-1b666ab97c87', '6/25/2019', null, '447.08', '493187402-9', 'DELIVERED', 'Zoombeat', 'Nomie', 'Bielsk Podlaski', '42 Shasta Terrace', 'Bonner', '482667080-X', 'okingett1z@usatoday.com', 'pellentesque viverra pede ac diam cras pellentesque volutpat dui maecenas tristique est et tempus semper est quam pharetra', null);
insert into ORDER3D (id, created_at, updated_at, total_amount, order_track_id, order_state, company_name, name, city, district, district2, mobile_number, email, notes, extra_info_order) values ('97d5fcd2-110d-46c5-af20-3c9189ffbc4d', '2/9/2020', null, '817.56', '906241266-1', 'COMPLETED', 'Jaxbean', 'Mns', 'Taitung City', '10475 Doe Crossing Road', 'Harbort', '458912818-7', 'gbarnewelle20@squidoo.com', 'sit amet cursus id turpis integer aliquet massa id lobortis convallis tortor', null);
insert into ORDER3D (id, created_at, updated_at, total_amount, order_track_id, order_state, company_name, name, city, district, district2, mobile_number, email, notes, extra_info_order) values ('6f549877-d271-4d49-b52e-5c707a59d42c', '10/21/2019', '11/7/2019', '148.09', '842073341-5', 'IN_PROGRESS', 'Zazio', 'Torbjrn', 'Bojongaren', '7 Farragut Trail', 'Muir', '507954210-1', 'smclugaish21@eventbrite.com', 'ultrices posuere cubilia curae mauris viverra diam vitae quam suspendisse', null);
insert into ORDER3D (id, created_at, updated_at, total_amount, order_track_id, order_state, company_name, name, city, district, district2, mobile_number, email, notes, extra_info_order) values ('a67ab137-d9a3-4d43-b351-bada97fc6097', '9/2/2019', null, '744.72', '083023611-2', 'COMPLETED', 'Kaymbo', 'Pl', 'Zhongxin', '55 Dennis Road', 'Express', '025071309-8', 'kinfantino22@gov.uk', 'donec diam neque vestibulum eget vulputate ut ultrices vel augue vestibulum ante ipsum primis in faucibus orci', null);
insert into ORDER3D (id, created_at, updated_at, total_amount, order_track_id, order_state, company_name, name, city, district, district2, mobile_number, email, notes, extra_info_order) values ('f250a6ac-ba8d-4d66-858f-055be5c82b68', '8/6/2019', '11/4/2019', '437.27', '501430107-X', 'IN_PROGRESS', 'Babbleset', 'Lane', 'Shuangqiao', '34 Gale Crossing', 'Maryland', '611841615-X', 'kvinter23@github.io', 'in blandit ultrices enim lorem ipsum dolor sit amet consectetuer adipiscing elit proin interdum mauris non ligula pellentesque ultrices', null);
insert into ORDER3D (id, created_at, updated_at, total_amount, order_track_id, order_state, company_name, name, city, district, district2, mobile_number, email, notes, extra_info_order) values ('cc48671e-661e-446e-8116-81924751ca17', '5/16/2019', '5/21/2019', '282.23', '341204231-5', 'RECEIVED', 'Avavee', 'Zh', 'Zuobude', '44 Swallow Center', 'Butterfield', '191190278-4', 'shumphries24@gmpg.org', 'convallis duis consequat dui nec nisi volutpat eleifend donec ut dolor morbi vel lectus', 'nisi nam ultrices libero non mattis pulvinar nulla pede ullamcorper');
insert into ORDER3D (id, created_at, updated_at, total_amount, order_track_id, order_state, company_name, name, city, district, district2, mobile_number, email, notes, extra_info_order) values ('f4f47936-abab-4cea-bdb2-4c8322a34e0b', '10/15/2019', null, '774.99', '774156022-0', 'SHIPPED', 'Voolia', 'Nava', 'Grand Forks', '5 Forest Dale Lane', 'Lakewood', '517274029-5', 'lharrow25@sciencedaily.com', 'interdum mauris non ligula pellentesque ultrices phasellus id sapien in', null);
insert into ORDER3D (id, created_at, updated_at, total_amount, order_track_id, order_state, company_name, name, city, district, district2, mobile_number, email, notes, extra_info_order) values ('852b7ce2-fa87-40a8-ad2a-4943626deaab', '2/24/2019', null, '503.99', '022736752-9', 'COMPLETED', 'Mita', 'Mlodie', 'Mulleriyawa', '41 Lunder Point', 'Red Cloud', '800774604-8', 'vtwede26@amazon.com', 'tellus semper interdum mauris ullamcorper purus sit amet nulla quisque arcu', null);
insert into ORDER3D (id, created_at, updated_at, total_amount, order_track_id, order_state, company_name, name, city, district, district2, mobile_number, email, notes, extra_info_order) values ('adfc3fed-0b07-45ce-a0c5-474f00d9ead1', '8/4/2019', '6/17/2019', '923.37', '814691195-1', 'COMPLETED', 'Edgetag', 'Laurlie', 'Miaoli', '9237 Badeau Crossing', 'Elka', '974287170-1', 'mcauldwell27@smugmug.com', 'sociis natoque penatibus et magnis dis parturient montes nascetur ridiculus mus vivamus vestibulum sagittis sapien', null);
insert into ORDER3D (id, created_at, updated_at, total_amount, order_track_id, order_state, company_name, name, city, district, district2, mobile_number, email, notes, extra_info_order) values ('fa5c445e-8f04-4462-b3e6-87ebe41465e1', '5/9/2019', '11/2/2019', '666.36', '137279153-1', 'RECEIVED', 'Roodel', 'Clo', 'Tarata', '708 Algoma Avenue', 'Tomscot', '773276119-7', 'eduferie28@phoca.cz', 'in consequat ut nulla sed accumsan felis ut at dolor quis odio consequat varius integer ac leo pellentesque ultrices', 'luctus et ultrices posuere cubilia curae mauris viverra diam vitae quam suspendisse');
insert into ORDER3D (id, created_at, updated_at, total_amount, order_track_id, order_state, company_name, name, city, district, district2, mobile_number, email, notes, extra_info_order) values ('f13826d6-bdf7-48e4-abb3-ba43373de9a8', '2/2/2020', '6/3/2019', '449.05', '142405582-2', 'RECEIVED', 'Midel', 'Danile', 'Paccho', '1104 Bayside Terrace', 'Golf Course', '999172235-1', 'lbiskupiak29@google.pl', 'sem mauris laoreet ut rhoncus aliquet pulvinar sed nisl nunc rhoncus dui vel', null);
insert into ORDER3D (id, created_at, updated_at, total_amount, order_track_id, order_state, company_name, name, city, district, district2, mobile_number, email, notes, extra_info_order) values ('3f54829d-7f1c-40c8-b3c6-bd4158182fcb', '2/12/2019', null, '267.47', '419878832-4', 'SHIPPED', 'DabZ', 'Ophlie', 'Sampungu', '5025 Vera Terrace', 'Michigan', '888647419-9', 'rhessenthaler2a@webs.com', 'in hac habitasse platea dictumst etiam faucibus cursus urna ut tellus nulla ut erat id', null);
insert into ORDER3D (id, created_at, updated_at, total_amount, order_track_id, order_state, company_name, name, city, district, district2, mobile_number, email, notes, extra_info_order) values ('f6948797-39b8-4131-97b4-793658af9344', '5/19/2019', null, '770.70', '763939249-7', 'IN_PROGRESS', 'Tanoodle', 'U', 'Hongos', '6932 Walton Point', 'Glendale', '552072771-6', 'agrim2b@diigo.com', 'ut odio cras mi pede malesuada in imperdiet et commodo vulputate', null);
insert into ORDER3D (id, created_at, updated_at, total_amount, order_track_id, order_state, company_name, name, city, district, district2, mobile_number, email, notes, extra_info_order) values ('7f8b3676-71ed-4475-a61b-989ed4d2596b', '1/5/2020', '1/18/2020', '859.18', '177376172-2', 'DELIVERED', 'Quatz', 'Mlia', 'Kitui', '7609 Bashford Court', 'Sage', '917528974-1', 'clummis2c@live.com', 'ultrices vel augue vestibulum ante ipsum primis in faucibus orci luctus et ultrices posuere cubilia curae', null);
insert into ORDER3D (id, created_at, updated_at, total_amount, order_track_id, order_state, company_name, name, city, district, district2, mobile_number, email, notes, extra_info_order) values ('9e7c3938-1ac9-4733-aaee-d4bea28d7c7d', '7/25/2019', null, '698.43', '554672851-5', 'DELIVERED', 'Zooxo', 'Agns', 'Sop Moei', '1676 Dahle Center', 'Warner', '767013425-9', 'amoffett2d@vk.com', 'quis orci eget orci vehicula condimentum curabitur in libero ut massa volutpat convallis morbi odio odio elementum', null);
insert into ORDER3D (id, created_at, updated_at, total_amount, order_track_id, order_state, company_name, name, city, district, district2, mobile_number, email, notes, extra_info_order) values ('b09235db-918e-4bf0-8c62-a25ba60dbf43', '1/14/2020', '8/8/2019', '875.05', '084295802-9', 'IN_PROGRESS', 'Buzzshare', 'Mrta', 'Imm ib', '08162 Morningstar Way', 'Warbler', '849392998-0', 'jdaingerfield2e@list-manage.com', 'vitae nisi nam ultrices libero non mattis pulvinar nulla pede ullamcorper augue', 'nibh quisque id justo sit amet sapien dignissim vestibulum vestibulum ante ipsum primis in faucibus orci luctus et ultrices posuere');
insert into ORDER3D (id, created_at, updated_at, total_amount, order_track_id, order_state, company_name, name, city, district, district2, mobile_number, email, notes, extra_info_order) values ('4e771565-b789-461f-9408-f6270869e676', '2/13/2019', null, '146.01', '479197496-4', 'RECEIVED', 'Meeveo', 'Franoise', 'Xikou', '99 Everett Alley', 'Kings', '903946822-2', 'zbrugmann2f@skyrock.com', 'aliquam convallis nunc proin at turpis a pede posuere nonummy integer non velit donec', 'in quam fringilla rhoncus mauris enim leo rhoncus sed vestibulum sit amet cursus id turpis');
insert into ORDER3D (id, created_at, updated_at, total_amount, order_track_id, order_state, company_name, name, city, district, district2, mobile_number, email, notes, extra_info_order) values ('60cfcdef-8e67-4c1e-bc45-ba1f95396059', '10/24/2019', null, '380.62', '407329044-4', 'SHIPPED', 'Topiczoom', 'Pnlope', 'Maloyaroslavets', '672 Center Plaza', 'Talmadge', '539316597-8', 'sgerwood2g@mit.edu', 'pellentesque quisque porta volutpat erat quisque erat eros viverra eget congue eget semper rutrum', 'dis parturient montes nascetur ridiculus mus etiam vel augue vestibulum rutrum rutrum neque aenean auctor gravida sem praesent id massa');
insert into ORDER3D (id, created_at, updated_at, total_amount, order_track_id, order_state, company_name, name, city, district, district2, mobile_number, email, notes, extra_info_order) values ('4f9e9a12-79f1-43dd-8154-924feac8a0d4', '9/5/2019', '1/22/2020', '835.51', '453189022-1', 'RECEIVED', 'Quinu', 'Mlia', 'Pengshi', '91223 Drewry Trail', 'Donald', '519212382-8', 'dbritney2h@booking.com', 'et commodo vulputate justo in blandit ultrices enim lorem ipsum dolor sit amet consectetuer adipiscing', null);
insert into ORDER3D (id, created_at, updated_at, total_amount, order_track_id, order_state, company_name, name, city, district, district2, mobile_number, email, notes, extra_info_order) values ('a7886bf9-1708-4fe5-ab77-31bc6b4b5e90', '10/17/2019', '12/22/2019', '949.69', '286461478-2', 'SHIPPED', 'Lazzy', 'Styrbjrn', 'Flores da Cunha', '1 Kropf Place', 'East', '524118045-1', 'afaier2i@aboutads.info', 'a pede posuere nonummy integer non velit donec diam neque vestibulum eget vulputate ut ultrices', null);
insert into ORDER3D (id, created_at, updated_at, total_amount, order_track_id, order_state, company_name, name, city, district, district2, mobile_number, email, notes, extra_info_order) values ('fd11ba8b-65c6-48b3-981d-29d926671085', '12/16/2019', null, '171.82', '021724025-9', 'COMPLETED', 'Jaloo', 'Adle', 'Piedra Blanca', '88396 Scoville Drive', 'John Wall', '706835142-5', 'sheinert2j@ftc.gov', 'aliquet pulvinar sed nisl nunc rhoncus dui vel sem sed sagittis nam congue risus semper porta volutpat quam pede lobortis', null);
insert into ORDER3D (id, created_at, updated_at, total_amount, order_track_id, order_state, company_name, name, city, district, district2, mobile_number, email, notes, extra_info_order) values ('1e65ec9c-cf2a-4137-bed8-d87264552eed', '2/15/2019', '8/22/2019', '585.95', '263006504-9', 'DELIVERED', 'Fliptune', 'Gaa', 'Huaquillas', '69516 Haas Avenue', 'Hudson', '302394533-0', 'vabsolom2k@noaa.gov', 'consectetuer adipiscing elit proin risus praesent lectus vestibulum quam sapien varius ut blandit non interdum in ante vestibulum ante ipsum', null);
insert into ORDER3D (id, created_at, updated_at, total_amount, order_track_id, order_state, company_name, name, city, district, district2, mobile_number, email, notes, extra_info_order) values ('bb978b8a-85ce-4bb6-b0cf-d9229ab7c4d1', '5/5/2019', null, '969.38', '790407264-5', 'DELIVERED', 'Livetube', 'Nlie', 'Panyingkiran', '2 Pine View Parkway', 'Shasta', '118027023-1', 'ihark2l@google.it', 'suspendisse potenti in eleifend quam a odio in hac habitasse platea dictumst maecenas ut massa quis augue luctus tincidunt', 'tortor duis mattis egestas metus aenean fermentum donec ut mauris eget massa tempor convallis nulla neque libero convallis eget eleifend');
insert into ORDER3D (id, created_at, updated_at, total_amount, order_track_id, order_state, company_name, name, city, district, district2, mobile_number, email, notes, extra_info_order) values ('5dbaac26-4847-4a3f-af38-8e3db882462a', '9/4/2019', null, '136.14', '962696439-1', 'COMPLETED', 'Gigaclub', 'Brangre', 'Foso', '387 Corry Center', 'Lighthouse Bay', '197679343-2', 'jdaggett2m@scribd.com', 'dui vel sem sed sagittis nam congue risus semper porta volutpat quam pede', 'congue etiam justo etiam pretium iaculis justo in hac habitasse platea dictumst etiam faucibus cursus urna ut tellus nulla');
insert into ORDER3D (id, created_at, updated_at, total_amount, order_track_id, order_state, company_name, name, city, district, district2, mobile_number, email, notes, extra_info_order) values ('9d0496c0-dd5a-4dd1-9705-f26e66432587', '11/22/2019', '12/23/2019', '760.82', '447593258-0', 'COMPLETED', 'Zoomcast', 'Cllia', 'Casillas', '1449 Truax Road', 'Melby', '358009669-9', 'ccossins2n@facebook.com', 'quam nec dui luctus rutrum nulla tellus in sagittis dui vel nisl duis ac nibh fusce lacus purus aliquet at', null);
insert into ORDER3D (id, created_at, updated_at, total_amount, order_track_id, order_state, company_name, name, city, district, district2, mobile_number, email, notes, extra_info_order) values ('43181316-3b62-40de-a74e-1dedffad74b8', '2/7/2020', '12/13/2019', '551.43', '886819415-5', 'RECEIVED', 'Chatterpoint', 'Andranne', 'Omaha', '068 Sunfield Point', 'Rusk', '319361288-X', 'ccossar2o@paginegialle.it', 'quam sapien varius ut blandit non interdum in ante vestibulum ante ipsum', null);
insert into ORDER3D (id, created_at, updated_at, total_amount, order_track_id, order_state, company_name, name, city, district, district2, mobile_number, email, notes, extra_info_order) values ('b67cf3cf-00f7-4921-8807-ad28acb82fc1', '12/22/2019', null, '908.30', '521464225-3', 'RECEIVED', 'Feedspan', 'Fi', 'Xijia', '58922 Swallow Trail', 'Pond', '599969504-X', 'gbonicelli2p@miitbeian.gov.cn', 'morbi vestibulum velit id pretium iaculis diam erat fermentum justo nec condimentum neque sapien placerat ante nulla', null);
insert into ORDER3D (id, created_at, updated_at, total_amount, order_track_id, order_state, company_name, name, city, district, district2, mobile_number, email, notes, extra_info_order) values ('8d61f2b4-113d-47c4-86da-00baa06665a9', '9/9/2019', null, '665.21', '075750863-4', 'IN_PROGRESS', 'Jetpulse', 'Maly', 'Yangzizhou', '5 Redwing Avenue', 'Sunnyside', '519577655-5', 'awattam2q@nba.com', 'fusce congue diam id ornare imperdiet sapien urna pretium nisl ut volutpat sapien', 'eros elementum pellentesque quisque porta volutpat erat quisque erat eros viverra eget');
insert into ORDER3D (id, created_at, updated_at, total_amount, order_track_id, order_state, company_name, name, city, district, district2, mobile_number, email, notes, extra_info_order) values ('971c11e3-b519-4b68-910c-f89d0837fafd', '3/15/2019', '5/1/2019', '401.43', '191757694-3', 'IN_PROGRESS', 'Eidel', 'Marie-nol', 'Perches', '27 Dayton Center', 'Forest Dale', '539536578-8', 'cdunbleton2r@msu.edu', 'in tempor turpis nec euismod scelerisque quam turpis adipiscing lorem vitae mattis nibh ligula nec', null);
insert into ORDER3D (id, created_at, updated_at, total_amount, order_track_id, order_state, company_name, name, city, district, district2, mobile_number, email, notes, extra_info_order) values ('a02763a7-54d7-4c16-adaf-851d52d3de07', '5/27/2019', null, '988.90', '722560766-9', 'COMPLETED', 'Gigazoom', 'Bcassine', 'Bulacan', '59 Mariners Cove Hill', 'Oakridge', '483024468-2', 'pgogay2s@liveinternet.ru', 'quisque erat eros viverra eget congue eget semper rutrum nulla nunc purus phasellus in felis donec', null);
insert into ORDER3D (id, created_at, updated_at, total_amount, order_track_id, order_state, company_name, name, city, district, district2, mobile_number, email, notes, extra_info_order) values ('ab8e9d61-4bb2-4b82-be55-9c6316afe592', '2/9/2020', '6/4/2019', '329.31', '373181738-1', 'DELIVERED', 'Shuffledrive', 'P', 'Peranap', '5 Anzinger Road', 'Mallory', '749300806-X', 'mmccook2t@umn.edu', 'eros suspendisse accumsan tortor quis turpis sed ante vivamus tortor duis mattis egestas metus aenean fermentum donec ut mauris', 'duis aliquam convallis nunc proin at turpis a pede posuere nonummy integer non');
insert into ORDER3D (id, created_at, updated_at, total_amount, order_track_id, order_state, company_name, name, city, district, district2, mobile_number, email, notes, extra_info_order) values ('0f2b5d69-c584-4b43-8f80-422b3c60474f', '10/28/2019', null, '868.14', '604473187-1', 'COMPLETED', 'Katz', 'Simplifis', 'Lede nad Szavou', '066 Oakridge Drive', 'Corscot', '816223820-4', 'wslowcock2u@baidu.com', 'ultrices mattis odio donec vitae nisi nam ultrices libero non mattis pulvinar nulla pede', null);
insert into ORDER3D (id, created_at, updated_at, total_amount, order_track_id, order_state, company_name, name, city, district, district2, mobile_number, email, notes, extra_info_order) values ('d09b89f0-0799-4465-8281-fd9ce0fc2e4b', '5/23/2019', null, '360.80', '153860346-2', 'DELIVERED', 'Innotype', 'Grel', 'Bolilao', '8 Sutherland Avenue', 'Lakewood Gardens', '018784302-3', 'bjerrams2v@cdc.gov', 'ante vel ipsum praesent blandit lacinia erat vestibulum sed magna at nunc commodo', null);
insert into ORDER3D (id, created_at, updated_at, total_amount, order_track_id, order_state, company_name, name, city, district, district2, mobile_number, email, notes, extra_info_order) values ('fd82a335-3175-4be3-8ee0-b4c59b10c237', '8/5/2019', '10/21/2019', '432.29', '903901807-3', 'SHIPPED', 'Browsedrive', 'Mdiamass', 'Zhongdeng', '04647 Almo Way', 'Hayes', '518375294-X', 'gbickerstaff2w@constantcontact.com', 'natoque penatibus et magnis dis parturient montes nascetur ridiculus mus etiam', null);
insert into ORDER3D (id, created_at, updated_at, total_amount, order_track_id, order_state, company_name, name, city, district, district2, mobile_number, email, notes, extra_info_order) values ('cbd3c594-cc4e-40b2-8318-488883f6b46c', '4/28/2019', '5/16/2019', '585.94', '816335064-4', 'DELIVERED', 'Topicblab', 'Clmence', 'Katrineholm', '4017 Mayfield Terrace', 'Dawn', '755824856-6', 'kholmyard2x@google.ca', 'duis aliquam convallis nunc proin at turpis a pede posuere nonummy integer non velit donec diam neque', null);
insert into ORDER3D (id, created_at, updated_at, total_amount, order_track_id, order_state, company_name, name, city, district, district2, mobile_number, email, notes, extra_info_order) values ('a7851391-ec7e-4ce5-bec6-efe1b96f7938', '4/13/2019', '12/27/2019', '155.19', '106427715-2', 'IN_PROGRESS', 'Yamia', 'Brnice', 'Nisporeni', '186 Vidon Trail', 'Melby', '254502378-7', 'fmclurg2y@blog.com', 'amet eleifend pede libero quis orci nullam molestie nibh in lectus pellentesque', null);
insert into ORDER3D (id, created_at, updated_at, total_amount, order_track_id, order_state, company_name, name, city, district, district2, mobile_number, email, notes, extra_info_order) values ('253214dc-d847-4b42-819d-d77cebba2951', '8/19/2019', '3/22/2019', '792.95', '595208357-9', 'DELIVERED', 'Devify', 'D', 'Nova Petrpolis', '07 Mitchell Terrace', 'Raven', '151618362-2', 'dmcgrill2z@t.co', 'mattis nibh ligula nec sem duis aliquam convallis nunc proin at turpis a pede posuere nonummy integer non velit donec', 'aliquam lacus morbi quis tortor id nulla ultrices aliquet maecenas leo odio condimentum id luctus nec molestie sed justo');
insert into ORDER3D (id, created_at, updated_at, total_amount, order_track_id, order_state, company_name, name, city, district, district2, mobile_number, email, notes, extra_info_order) values ('77a75ab7-f5d9-4aa2-8054-5d71684ed173', '8/4/2019', null, '867.44', '733124262-8', 'DELIVERED', 'Riffwire', 'Tng', 'Sarangmeduro', '450 Debra Street', 'Arapahoe', '058523672-0', 'mborrill30@altervista.org', 'a odio in hac habitasse platea dictumst maecenas ut massa quis augue luctus tincidunt nulla mollis molestie lorem quisque ut', null);
insert into ORDER3D (id, created_at, updated_at, total_amount, order_track_id, order_state, company_name, name, city, district, district2, mobile_number, email, notes, extra_info_order) values ('6f19761c-bfea-49b8-8385-bb14cf182a70', '12/27/2019', '4/1/2019', '290.41', '294837108-2', 'RECEIVED', 'Flipopia', 'Lucrce', 'Mocmboa', '7508 Manley Way', 'Hazelcrest', '598354621-X', 'jsarsons31@icio.us', 'erat eros viverra eget congue eget semper rutrum nulla nunc purus phasellus in felis donec semper sapien a libero nam', 'curabitur at ipsum ac tellus semper interdum mauris ullamcorper purus sit amet');
insert into ORDER3D (id, created_at, updated_at, total_amount, order_track_id, order_state, company_name, name, city, district, district2, mobile_number, email, notes, extra_info_order) values ('92ca37c2-8d20-43e2-9a27-1c77df462d7b', '10/25/2019', '12/15/2019', '442.57', '301680508-1', 'DELIVERED', 'Twitternation', 'Gwenalle', 'Nizhnyaya Omka', '628 Clove Court', 'Armistice', '116918371-9', 'aierland32@jimdo.com', 'pede justo eu massa donec dapibus duis at velit eu est congue', null);
insert into ORDER3D (id, created_at, updated_at, total_amount, order_track_id, order_state, company_name, name, city, district, district2, mobile_number, email, notes, extra_info_order) values ('46ff75bc-0453-491a-82b1-2b4863554d90', '10/20/2019', '7/17/2019', '514.59', '347630296-2', 'COMPLETED', 'Livepath', 'Crz', 'Habingkloang', '12 Burning Wood Court', 'Rusk', '889103559-9', 'chelin33@examiner.com', 'lacus at velit vivamus vel nulla eget eros elementum pellentesque quisque porta', 'ut massa quis augue luctus tincidunt nulla mollis molestie lorem quisque ut erat curabitur gravida nisi at');
insert into ORDER3D (id, created_at, updated_at, total_amount, order_track_id, order_state, company_name, name, city, district, district2, mobile_number, email, notes, extra_info_order) values ('2c83fed7-a967-4008-9131-7a48e5a16f49', '11/14/2019', '10/8/2019', '534.07', '483640514-9', 'COMPLETED', 'Zoonoodle', 'Analle', 'Karanganyar', '6509 Hallows Alley', 'Tony', '189632315-4', 'rmossdale34@bloglovin.com', 'et eros vestibulum ac est lacinia nisi venenatis tristique fusce', null);
insert into ORDER3D (id, created_at, updated_at, total_amount, order_track_id, order_state, company_name, name, city, district, district2, mobile_number, email, notes, extra_info_order) values ('7f93f06d-bbdc-4656-b079-075169156a3c', '6/6/2019', '12/30/2019', '222.13', '190181781-4', 'COMPLETED', 'Ntags', 'Ocane', 'Limit', '4 Monument Way', 'Knutson', '407309720-2', 'jbichard35@woothemes.com', 'lacus morbi quis tortor id nulla ultrices aliquet maecenas leo', null);
insert into ORDER3D (id, created_at, updated_at, total_amount, order_track_id, order_state, company_name, name, city, district, district2, mobile_number, email, notes, extra_info_order) values ('6e990f62-4110-46dc-9ab4-8e17403260db', '8/28/2019', null, '646.23', '760811440-1', 'IN_PROGRESS', 'Eazzy', 'Nolla', 'Panadura', '1429 Hermina Hill', 'Magdeline', '845325046-4', 'eduffree36@prnewswire.com', 'in quis justo maecenas rhoncus aliquam lacus morbi quis tortor id nulla ultrices aliquet maecenas leo odio condimentum id', 'est congue elementum in hac habitasse platea dictumst morbi vestibulum velit id pretium');
insert into ORDER3D (id, created_at, updated_at, total_amount, order_track_id, order_state, company_name, name, city, district, district2, mobile_number, email, notes, extra_info_order) values ('3c4321c6-d0a6-453f-a62f-d1dedbe7d8c0', '3/7/2019', null, '929.09', '651529831-5', 'DELIVERED', 'Thoughtmix', 'J', 'Ceret', '179 Fuller Plaza', 'Bowman', '792642243-6', 'mdanilyuk37@china.com.cn', 'faucibus orci luctus et ultrices posuere cubilia curae donec pharetra magna vestibulum aliquet ultrices erat tortor sollicitudin mi sit', null);
insert into ORDER3D (id, created_at, updated_at, total_amount, order_track_id, order_state, company_name, name, city, district, district2, mobile_number, email, notes, extra_info_order) values ('c4d74dd4-410d-4a34-b5e8-eec9497dbdc1', '2/21/2019', '10/14/2019', '554.15', '231874448-3', 'SHIPPED', 'Buzzdog', 'Bcassine', 'Huangshan', '0 Sunfield Terrace', 'Cascade', '337494822-7', 'hbartolomeo38@apache.org', 'mattis pulvinar nulla pede ullamcorper augue a suscipit nulla elit ac nulla sed vel enim sit amet', null);
insert into ORDER3D (id, created_at, updated_at, total_amount, order_track_id, order_state, company_name, name, city, district, district2, mobile_number, email, notes, extra_info_order) values ('481b0b1b-b9c9-414b-afae-3e94ff750e4b', '5/11/2019', '8/28/2019', '373.06', '798770956-5', 'RECEIVED', 'Kamba', 'Zh', 'Don Tan', '48825 Coolidge Parkway', 'Prentice', '584392036-4', 'nblazy39@amazon.co.uk', 'dapibus dolor vel est donec odio justo sollicitudin ut suscipit a feugiat et', null);
insert into ORDER3D (id, created_at, updated_at, total_amount, order_track_id, order_state, company_name, name, city, district, district2, mobile_number, email, notes, extra_info_order) values ('829e6773-e630-4eac-8281-c5fdc6f37588', '3/10/2019', null, '940.47', '559218619-3', 'COMPLETED', 'Skaboo', 'Stvina', 'Bejuco', '81950 Cascade Alley', 'Mariners Cove', '204868693-1', 'cweatherdon3a@vimeo.com', 'semper porta volutpat quam pede lobortis ligula sit amet eleifend pede libero quis orci nullam molestie nibh', null);
insert into ORDER3D (id, created_at, updated_at, total_amount, order_track_id, order_state, company_name, name, city, district, district2, mobile_number, email, notes, extra_info_order) values ('b46ad20f-c4e6-4a0b-9463-f428c9f3b4a4', '7/16/2019', '8/13/2019', '543.82', '371977513-5', 'RECEIVED', 'Wikido', 'J', 'Kembang', '75 Hovde Crossing', 'Dottie', '992893404-5', 'cbonallick3b@sciencedirect.com', 'erat curabitur gravida nisi at nibh in hac habitasse platea dictumst aliquam augue quam sollicitudin vitae', null);
insert into ORDER3D (id, created_at, updated_at, total_amount, order_track_id, order_state, company_name, name, city, district, district2, mobile_number, email, notes, extra_info_order) values ('ae3ed125-0532-42fc-ac43-b01a6d5b25ff', '7/1/2019', '6/23/2019', '326.13', '078421915-X', 'IN_PROGRESS', 'Quaxo', 'Marie-ve', 'Youngstown', '512 Charing Cross Crossing', 'Hazelcrest', '617292680-2', 'dspearman3c@va.gov', 'placerat ante nulla justo aliquam quis turpis eget elit sodales scelerisque mauris sit amet', null);
insert into ORDER3D (id, created_at, updated_at, total_amount, order_track_id, order_state, company_name, name, city, district, district2, mobile_number, email, notes, extra_info_order) values ('c4d1e05b-d0f9-4818-80a2-e8a950907ddf', '10/2/2019', '2/23/2019', '631.79', '249679138-0', 'IN_PROGRESS', 'Vipe', 'Los', 'Wootton', '6 Mallard Avenue', 'Sachs', '944744349-4', 'vclyant3d@bigcartel.com', 'viverra diam vitae quam suspendisse potenti nullam porttitor lacus at turpis donec posuere metus vitae ipsum aliquam non mauris', null);
insert into ORDER3D (id, created_at, updated_at, total_amount, order_track_id, order_state, company_name, name, city, district, district2, mobile_number, email, notes, extra_info_order) values ('2bdb45da-f31e-4d0d-b383-68df610ae61a', '4/21/2019', '12/3/2019', '758.22', '598721466-1', 'IN_PROGRESS', 'Skalith', 'Lucrce', 'Nakhon Pathom', '513 Mayer Court', 'Springview', '142618027-6', 'bleuchars3e@tamu.edu', 'amet turpis elementum ligula vehicula consequat morbi a ipsum integer a nibh', null);
insert into ORDER3D (id, created_at, updated_at, total_amount, order_track_id, order_state, company_name, name, city, district, district2, mobile_number, email, notes, extra_info_order) values ('078d0c13-1b64-4f3d-a4b1-0062998e0ff7', '3/7/2019', null, '286.83', '919088032-3', 'IN_PROGRESS', 'Avamm', 'Mlanie', 'Ferdinandovac', '72 Little Fleur Street', 'Merchant', '807246814-6', 'oackred3f@ca.gov', 'penatibus et magnis dis parturient montes nascetur ridiculus mus etiam vel augue vestibulum rutrum', null);
insert into ORDER3D (id, created_at, updated_at, total_amount, order_track_id, order_state, company_name, name, city, district, district2, mobile_number, email, notes, extra_info_order) values ('0e28b70e-dae1-4ec9-b44c-25d26e7c0405', '8/20/2019', '4/20/2019', '619.63', '574841490-2', 'RECEIVED', 'Kwinu', 'Rgine', 'Itapecerica', '3393 North Center', 'Logan', '959964577-4', 'bcarmo3g@dell.com', 'volutpat sapien arcu sed augue aliquam erat volutpat in congue etiam justo etiam', 'elementum nullam varius nulla facilisi cras non velit nec nisi vulputate nonummy maecenas tincidunt lacus at velit vivamus vel nulla');
insert into ORDER3D (id, created_at, updated_at, total_amount, order_track_id, order_state, company_name, name, city, district, district2, mobile_number, email, notes, extra_info_order) values ('6d735c77-18c6-44ff-957b-b4ef128da417', '11/17/2019', '12/1/2019', '525.92', '017650070-7', 'RECEIVED', 'Tanoodle', 'Ma', 'Kondangrege', '52 Lerdahl Park', 'Northland', '851623841-5', 'cenglefield3h@amazonaws.com', 'ultrices libero non mattis pulvinar nulla pede ullamcorper augue a', null);
insert into ORDER3D (id, created_at, updated_at, total_amount, order_track_id, order_state, company_name, name, city, district, district2, mobile_number, email, notes, extra_info_order) values ('dd3936dc-a672-4695-bfb5-dfea65781fa0', '12/15/2019', null, '226.73', '289507346-5', 'RECEIVED', 'Katz', 'Brengre', 'Debre Zeyit', '275 Jackson Avenue', 'Packers', '118853542-0', 'dottiwill3i@jiathis.com', 'aliquam non mauris morbi non lectus aliquam sit amet diam in magna', null);
insert into ORDER3D (id, created_at, updated_at, total_amount, order_track_id, order_state, company_name, name, city, district, district2, mobile_number, email, notes, extra_info_order) values ('7130c706-433b-439a-9a7d-fb8c592738a9', '11/20/2019', '9/19/2019', '423.47', '682671110-9', 'SHIPPED', 'Meembee', 'Malyss', 'Ban Phaeo', '0204 Sunfield Trail', 'Bluejay', '178477969-5', 'jwilmott3j@spiegel.de', 'aenean auctor gravida sem praesent id massa id nisl venenatis', 'in porttitor pede justo eu massa donec dapibus duis at velit eu est congue elementum in hac habitasse platea dictumst');
insert into ORDER3D (id, created_at, updated_at, total_amount, order_track_id, order_state, company_name, name, city, district, district2, mobile_number, email, notes, extra_info_order) values ('a6016c58-e9dd-45fd-9812-a4a0e709153c', '10/30/2019', null, '624.28', '114705052-X', 'DELIVERED', 'Thoughtstorm', 'Erwi', 'Chengjiao', '18003 Cottonwood Way', 'Cherokee', '006877543-1', 'dcluse3k@fda.gov', 'sit amet sem fusce consequat nulla nisl nunc nisl duis bibendum felis sed interdum venenatis turpis', null);
insert into ORDER3D (id, created_at, updated_at, total_amount, order_track_id, order_state, company_name, name, city, district, district2, mobile_number, email, notes, extra_info_order) values ('71e614b9-89d7-4ba9-9547-4ca48c172b33', '2/14/2019', '5/14/2019', '401.52', '193465341-1', 'COMPLETED', 'Twitterlist', 'Srna', 'Castellon De La Plana/Castello De La Pla', '298 Kensington Parkway', 'Comanche', '023715323-8', 'fclarridge3l@twitpic.com', 'praesent blandit lacinia erat vestibulum sed magna at nunc commodo placerat praesent', null);
insert into ORDER3D (id, created_at, updated_at, total_amount, order_track_id, order_state, company_name, name, city, district, district2, mobile_number, email, notes, extra_info_order) values ('c97f1009-5e91-4662-9192-e87d709e0bca', '12/27/2019', '12/15/2019', '801.31', '418292490-8', 'SHIPPED', 'Zoomcast', 'Clo', 'Kokaj', '98717 Kingsford Court', 'Mesta', '890503122-6', 'dtrowler3m@elegantthemes.com', 'integer ac leo pellentesque ultrices mattis odio donec vitae nisi', null);
insert into ORDER3D (id, created_at, updated_at, total_amount, order_track_id, order_state, company_name, name, city, district, district2, mobile_number, email, notes, extra_info_order) values ('eb8017d4-8720-4d5d-8fee-3bf1adbc137c', '4/29/2019', null, '982.50', '468890249-2', 'COMPLETED', 'Pixope', 'P', 'Beo', '4 Lien Terrace', 'Macpherson', '760958262-X', 'tbyrd3n@dedecms.com', 'quam turpis adipiscing lorem vitae mattis nibh ligula nec sem duis aliquam convallis', null);
insert into ORDER3D (id, created_at, updated_at, total_amount, order_track_id, order_state, company_name, name, city, district, district2, mobile_number, email, notes, extra_info_order) values ('25672620-1041-43ba-90c9-7e3850de6fa7', '4/16/2019', null, '192.18', '866502991-5', 'SHIPPED', 'Layo', 'Y', 'Pingshan', '370 Steensland Hill', 'Mallory', '804489173-0', 'pmcgillicuddy3o@unesco.org', 'at feugiat non pretium quis lectus suspendisse potenti in eleifend quam a', null);
insert into ORDER3D (id, created_at, updated_at, total_amount, order_track_id, order_state, company_name, name, city, district, district2, mobile_number, email, notes, extra_info_order) values ('c0d2badc-049a-4b0f-ade6-d4349b034ac0', '3/21/2019', '5/15/2019', '180.05', '147981559-4', 'DELIVERED', 'Einti', 'Mlinda', 'Musan-p', '20349 Namekagon Pass', '2nd', '736911470-8', 'clester3p@g.co', 'vestibulum sagittis sapien cum sociis natoque penatibus et magnis dis', 'metus vitae ipsum aliquam non mauris morbi non lectus aliquam sit amet diam in magna bibendum imperdiet nullam orci');
insert into ORDER3D (id, created_at, updated_at, total_amount, order_track_id, order_state, company_name, name, city, district, district2, mobile_number, email, notes, extra_info_order) values ('7cb5dced-3235-4a16-a966-28d8cb8e018b', '4/2/2019', '2/6/2020', '286.06', '211032798-7', 'IN_PROGRESS', 'Topiczoom', 'W', 'Budapest', '78 Fuller Circle', 'Weeping Birch', '529921111-2', 'rfinnigan3q@sourceforge.net', 'gravida nisi at nibh in hac habitasse platea dictumst aliquam augue quam sollicitudin vitae consectetuer eget rutrum at lorem integer', null);
insert into ORDER3D (id, created_at, updated_at, total_amount, order_track_id, order_state, company_name, name, city, district, district2, mobile_number, email, notes, extra_info_order) values ('7f32f7ff-56af-4d54-971d-aafe190d4005', '9/26/2019', '6/20/2019', '806.82', '463196936-9', 'DELIVERED', 'Livetube', 'Agns', 'Brikama Nding', '05588 Shelley Court', '8th', '543133095-0', 'ascholtis3r@webmd.com', 'maecenas tincidunt lacus at velit vivamus vel nulla eget eros elementum pellentesque quisque porta volutpat erat quisque', null);
insert into ORDER3D (id, created_at, updated_at, total_amount, order_track_id, order_state, company_name, name, city, district, district2, mobile_number, email, notes, extra_info_order) values ('9f020c5f-97d1-405e-a59a-858afb9eb902', '3/18/2019', null, '476.45', '109058345-1', 'IN_PROGRESS', 'Yotz', 'Bjrn', 'Darenzhuang', '43 Marquette Pass', 'Scoville', '403707906-2', 'awooland3s@netlog.com', 'nisl ut volutpat sapien arcu sed augue aliquam erat volutpat in congue etiam justo etiam pretium iaculis', 'sapien arcu sed augue aliquam erat volutpat in congue etiam justo etiam pretium iaculis');
insert into ORDER3D (id, created_at, updated_at, total_amount, order_track_id, order_state, company_name, name, city, district, district2, mobile_number, email, notes, extra_info_order) values ('9a17ab33-e3ee-4242-926f-3fe2f3b49c1c', '5/22/2019', null, '435.06', '139913352-7', 'DELIVERED', 'Thoughtstorm', 'Elonore', 'Juuka', '0 Carey Crossing', 'Nevada', '399924739-8', 'twalsh3t@jigsy.com', 'hendrerit at vulputate vitae nisl aenean lectus pellentesque eget nunc donec quis orci eget orci vehicula condimentum curabitur', null);
insert into ORDER3D (id, created_at, updated_at, total_amount, order_track_id, order_state, company_name, name, city, district, district2, mobile_number, email, notes, extra_info_order) values ('76ea536d-c6eb-4304-a738-1bf38352cc43', '12/23/2019', null, '179.66', '906727859-9', 'IN_PROGRESS', 'Twinder', 'Nu', 'Butungan', '223 Knutson Avenue', 'Truax', '196615976-5', 'gelcomb3u@fda.gov', 'et ultrices posuere cubilia curae duis faucibus accumsan odio curabitur convallis duis consequat dui nec nisi volutpat eleifend donec ut', null);
insert into ORDER3D (id, created_at, updated_at, total_amount, order_track_id, order_state, company_name, name, city, district, district2, mobile_number, email, notes, extra_info_order) values ('aa0e9a1b-1509-43fb-93a9-c3473437b72c', '9/27/2019', null, '344.46', '922056608-7', 'DELIVERED', 'Dazzlesphere', 'Milna', 'Xintaimen', '9080 Northridge Park', 'Burning Wood', '408328656-3', 'sbanaszewski3v@house.gov', 'nibh in lectus pellentesque at nulla suspendisse potenti cras in purus eu magna vulputate luctus cum sociis natoque penatibus et', null);
insert into ORDER3D (id, created_at, updated_at, total_amount, order_track_id, order_state, company_name, name, city, district, district2, mobile_number, email, notes, extra_info_order) values ('2dbbc4f7-2189-424b-99c6-47e4c20789fb', '11/24/2019', '11/21/2019', '205.31', '704537808-4', 'COMPLETED', 'Youbridge', 'Lone', 'Paos', '31 Cascade Junction', 'Towne', '622824399-3', 'slillistone3w@t-online.de', 'primis in faucibus orci luctus et ultrices posuere cubilia curae donec pharetra magna vestibulum aliquet ultrices erat', null);
insert into ORDER3D (id, created_at, updated_at, total_amount, order_track_id, order_state, company_name, name, city, district, district2, mobile_number, email, notes, extra_info_order) values ('0fc3c3d7-cd94-46c9-ab91-c95b04e854a2', '7/1/2019', '11/9/2019', '510.19', '146781388-5', 'SHIPPED', 'Gabspot', 'Landre', 'Verbilki', '8 Calypso Street', 'Westridge', '280258835-4', 'lgollin3x@bluehost.com', 'duis aliquam convallis nunc proin at turpis a pede posuere nonummy integer non', null);
insert into ORDER3D (id, created_at, updated_at, total_amount, order_track_id, order_state, company_name, name, city, district, district2, mobile_number, email, notes, extra_info_order) values ('e9c6da4a-ea0a-4910-a221-da05cfda120b', '4/6/2019', '11/28/2019', '160.49', '755213724-X', 'DELIVERED', 'Jabbercube', 'Zo', 'Meipu', '26 Riverside Court', 'Vahlen', '386847124-3', 'klibbe3y@timesonline.co.uk', 'pede venenatis non sodales sed tincidunt eu felis fusce posuere felis sed lacus morbi sem mauris laoreet ut rhoncus aliquet', null);
insert into ORDER3D (id, created_at, updated_at, total_amount, order_track_id, order_state, company_name, name, city, district, district2, mobile_number, email, notes, extra_info_order) values ('d3bc3b5d-374f-40dd-b34f-41fff9d0653c', '4/24/2019', null, '147.78', '753158317-8', 'SHIPPED', 'Twitterbridge', 'Loc', 'Beaumont', '2422 Schurz Drive', 'Boyd', '967716779-0', 'gmaypes3z@wiley.com', 'ipsum primis in faucibus orci luctus et ultrices posuere cubilia', 'mi nulla ac enim in tempor turpis nec euismod scelerisque quam turpis adipiscing lorem vitae mattis');
insert into ORDER3D (id, created_at, updated_at, total_amount, order_track_id, order_state, company_name, name, city, district, district2, mobile_number, email, notes, extra_info_order) values ('53b90a44-c797-45a4-b469-8b1a3361d163', '9/26/2019', null, '420.22', '739514017-6', 'RECEIVED', 'Livetube', 'Mng', 'Mataa', '98070 Old Gate Park', 'Arizona', '113971778-2', 'iebertz40@over-blog.com', 'felis ut at dolor quis odio consequat varius integer ac leo pellentesque ultrices mattis odio donec vitae nisi nam', null);
insert into ORDER3D (id, created_at, updated_at, total_amount, order_track_id, order_state, company_name, name, city, district, district2, mobile_number, email, notes, extra_info_order) values ('32560efb-bf38-4108-9d78-9d2ed423db2e', '12/19/2019', null, '775.29', '791811016-1', 'RECEIVED', 'Jabberstorm', 'Stphanie', 'Perstasi', '2 Vahlen Center', 'Riverside', '755710646-6', 'nrisbridge41@cbc.ca', 'non ligula pellentesque ultrices phasellus id sapien in sapien iaculis congue vivamus', null);
insert into ORDER3D (id, created_at, updated_at, total_amount, order_track_id, order_state, company_name, name, city, district, district2, mobile_number, email, notes, extra_info_order) values ('84768cbc-d61a-4dce-9241-0a0e462f5cf1', '8/16/2019', '11/10/2019', '347.01', '097623682-6', 'DELIVERED', 'Omba', 'Clo', 'Khashuri', '5523 Welch Parkway', 'Debs', '914984698-1', 'kmaxweell42@intel.com', 'rutrum ac lobortis vel dapibus at diam nam tristique tortor eu', null);
insert into ORDER3D (id, created_at, updated_at, total_amount, order_track_id, order_state, company_name, name, city, district, district2, mobile_number, email, notes, extra_info_order) values ('9472ce73-2ee0-4333-b496-6e7702e2fd21', '5/10/2019', null, '246.30', '832982024-6', 'RECEIVED', 'Abatz', 'Zh', 'Shuikou', '5556 Sommers Plaza', 'Judy', '353628883-9', 'nmatteuzzi43@sbwire.com', 'penatibus et magnis dis parturient montes nascetur ridiculus mus etiam vel augue vestibulum rutrum', 'eget nunc donec quis orci eget orci vehicula condimentum curabitur in libero ut massa volutpat convallis morbi');
insert into ORDER3D (id, created_at, updated_at, total_amount, order_track_id, order_state, company_name, name, city, district, district2, mobile_number, email, notes, extra_info_order) values ('0e7b3b5f-c523-471b-b26e-6bf1e21c445f', '5/12/2019', '11/6/2019', '759.07', '552402759-X', 'SHIPPED', 'Meedoo', 'Grald', 'San Isidro', '28 American Ash Pass', 'Heffernan', '909285745-9', 'cnys44@technorati.com', 'at vulputate vitae nisl aenean lectus pellentesque eget nunc donec quis orci eget orci vehicula condimentum', null);
insert into ORDER3D (id, created_at, updated_at, total_amount, order_track_id, order_state, company_name, name, city, district, district2, mobile_number, email, notes, extra_info_order) values ('9dd1bc24-25bc-4d85-bc0c-7b7572676c6d', '4/26/2019', '11/8/2019', '885.36', '143880897-6', 'COMPLETED', 'Ntags', 'Nolla', 'Itabaiana', '2196 Hoard Alley', 'Maple', '992920757-0', 'cmastrantone45@dagondesign.com', 'augue luctus tincidunt nulla mollis molestie lorem quisque ut erat curabitur gravida nisi at nibh in hac habitasse', null);

insert into order3d_products (orders_id, products_id, count, amount) values ('1e65ec9c-cf2a-4137-bed8-d87264552eed', '3b80f57a-6454-408c-bce9-12e168f1165a', 4, '2566.36');
insert into order3d_products (orders_id, products_id, count, amount) values ('d8476174-4259-4b15-b76f-a5c92ca1df37', 'a07b28e2-a402-40f8-a3f0-3aa9062238f6', 9, '2648.03');
insert into order3d_products (orders_id, products_id, count, amount) values ('aa0e9a1b-1509-43fb-93a9-c3473437b72c', '6dfdd31a-5eb8-4576-b3e1-a433662b1f79', 1, '2930.26');
insert into order3d_products (orders_id, products_id, count, amount) values ('d8476174-4259-4b15-b76f-a5c92ca1df37', '38267a9b-7a84-4839-9c94-85ebef8b0cae', 5, '1467.68');
insert into order3d_products (orders_id, products_id, count, amount) values ('b67cf3cf-00f7-4921-8807-ad28acb82fc1', '1534a3f3-f357-4a1e-a071-7b1e24934dee', 6, '929.02');
insert into order3d_products (orders_id, products_id, count, amount) values ('c4d74dd4-410d-4a34-b5e8-eec9497dbdc1', '1f81ffac-b063-4671-92c0-1364ed51b57c', 2, '2391.53');
insert into order3d_products (orders_id, products_id, count, amount) values ('7f32f7ff-56af-4d54-971d-aafe190d4005', '44cc1c9d-be9c-4409-801b-b76cbb3c5939', 10, '107.69');
insert into order3d_products (orders_id, products_id, count, amount) values ('078d0c13-1b64-4f3d-a4b1-0062998e0ff7', 'c6fd3f2e-487f-4123-9eb6-71d9d3584193', 5, '1453.17');
insert into order3d_products (orders_id, products_id, count, amount) values ('6fc99e98-7d52-4903-ab58-551d60cddd1a', '71ef4cd7-58fa-49fa-9e83-9065ede20bf3', 7, '107.65');
insert into order3d_products (orders_id, products_id, count, amount) values ('84768cbc-d61a-4dce-9241-0a0e462f5cf1', 'c9b0640b-2ce5-41e0-b312-843561ce5846', 6, '1147.18');
insert into order3d_products (orders_id, products_id, count, amount) values ('aa5e16b5-387b-4af1-bc5a-d3aaadffcf02', '2e3a94f3-ce0c-45bc-b686-6a7966cac65e', 10, '1998.62');
insert into order3d_products (orders_id, products_id, count, amount) values ('dc6f6e96-529c-4020-bed5-45d1e6b07626', '8b2e1aa2-3045-4cf3-b41e-02914c406b5a', 4, '1984.04');
insert into order3d_products (orders_id, products_id, count, amount) values ('d36f4c9d-6b49-4776-ab5a-0c4a88fe3b70', '92765c52-0fa7-4809-b99c-729e2e21e101', 10, '1863.84');
insert into order3d_products (orders_id, products_id, count, amount) values ('97d5fcd2-110d-46c5-af20-3c9189ffbc4d', 'abbf58e6-ad1d-474f-baf5-df942775526b', 5, '323.02');
insert into order3d_products (orders_id, products_id, count, amount) values ('6d735c77-18c6-44ff-957b-b4ef128da417', 'adf2b807-b95b-4b56-a6e1-060e1e3957fb', 6, '620.19');
insert into order3d_products (orders_id, products_id, count, amount) values ('7f8b3676-71ed-4475-a61b-989ed4d2596b', '4b61581e-a4fb-4bdb-bb82-1a870c44d8e4', 1, '229.03');
insert into order3d_products (orders_id, products_id, count, amount) values ('aac72bf9-3c6c-400d-a6cd-55d9382199ac', '2f59b91f-a3ce-4f52-baba-b2591fe17168', 6, '616.44');
insert into order3d_products (orders_id, products_id, count, amount) values ('77a75ab7-f5d9-4aa2-8054-5d71684ed173', 'a07b28e2-a402-40f8-a3f0-3aa9062238f6', 5, '389.57');
insert into order3d_products (orders_id, products_id, count, amount) values ('9d0496c0-dd5a-4dd1-9705-f26e66432587', 'a0009b5f-87cf-4b5d-a717-b079292a33b9', 7, '2305.33');
insert into order3d_products (orders_id, products_id, count, amount) values ('60cfcdef-8e67-4c1e-bc45-ba1f95396059', 'a93ddcd6-2091-4b13-80ae-9b3184a1df37', 7, '2882.23');
insert into order3d_products (orders_id, products_id, count, amount) values ('c4d1e05b-d0f9-4818-80a2-e8a950907ddf', '15cbbcbf-c2fe-405f-a876-fc429e913ef8', 2, '2791.56');
insert into order3d_products (orders_id, products_id, count, amount) values ('b746bf5b-1ae3-4f21-9302-7eef554310b3', '71ef4cd7-58fa-49fa-9e83-9065ede20bf3', 1, '51.13');
insert into order3d_products (orders_id, products_id, count, amount) values ('a1583e1c-c42f-499a-8780-3aaf4417f455', 'fbc9cee0-ea3a-4aef-92fe-81817b4fc53d', 5, '1021.11');
insert into order3d_products (orders_id, products_id, count, amount) values ('c97f1009-5e91-4662-9192-e87d709e0bca', '3ca4d7cc-0dd8-4ff2-9715-5481521134d0', 4, '1858.90');
insert into order3d_products (orders_id, products_id, count, amount) values ('0cafb4b3-9d5f-41d2-8630-3821fd67991b', 'a93ddcd6-2091-4b13-80ae-9b3184a1df37', 10, '1595.28');
insert into order3d_products (orders_id, products_id, count, amount) values ('bab1249d-9953-49a9-8cdf-587252e3a48b', '894d3bbb-6386-43cd-a504-47bad1a1c7ed', 6, '2928.09');
insert into order3d_products (orders_id, products_id, count, amount) values ('56cba2ca-2572-433f-8ac8-766f92558ddc', 'e7be3154-8afa-4ad3-8a46-91745b50ea86', 1, '1734.54');
insert into order3d_products (orders_id, products_id, count, amount) values ('9a17ab33-e3ee-4242-926f-3fe2f3b49c1c', 'c96bf5f2-8f06-41cb-83f4-4839fe55286f', 5, '610.32');
insert into order3d_products (orders_id, products_id, count, amount) values ('adfc3fed-0b07-45ce-a0c5-474f00d9ead1', '6dfdd31a-5eb8-4576-b3e1-a433662b1f79', 5, '2907.65');
insert into order3d_products (orders_id, products_id, count, amount) values ('eb8017d4-8720-4d5d-8fee-3bf1adbc137c', '10efef70-0ba6-427b-bb87-184ba75aec60', 10, '981.10');
insert into order3d_products (orders_id, products_id, count, amount) values ('0e7b3b5f-c523-471b-b26e-6bf1e21c445f', '6ec304ed-1ff5-407b-8e8b-730792c81a2a', 6, '167.17');
insert into order3d_products (orders_id, products_id, count, amount) values ('9e820421-467d-4424-ad98-5e13bbbf9fa0', '2f59b91f-a3ce-4f52-baba-b2591fe17168', 8, '1555.11');
insert into order3d_products (orders_id, products_id, count, amount) values ('078d0c13-1b64-4f3d-a4b1-0062998e0ff7', '36c3867e-1bc0-4dc2-be8e-2c6e6107481c', 9, '1015.18');
insert into order3d_products (orders_id, products_id, count, amount) values ('b9faea57-b4fb-4bf8-b33c-c9b58e9835dc', 'c6fd3f2e-487f-4123-9eb6-71d9d3584193', 3, '2660.60');
insert into order3d_products (orders_id, products_id, count, amount) values ('3e21edf1-a9bf-4aaa-89db-1b666ab97c87', 'c29b2f9e-9583-4dba-a18b-3a7ec03df6c3', 10, '620.14');
insert into order3d_products (orders_id, products_id, count, amount) values ('b6fba5b8-331f-44f5-9935-db01fd772c5d', '3ca4d7cc-0dd8-4ff2-9715-5481521134d0', 3, '2574.14');
insert into order3d_products (orders_id, products_id, count, amount) values ('f5e978f5-e141-4b04-970b-197b0b5d54e2', 'c9b0640b-2ce5-41e0-b312-843561ce5846', 1, '1722.18');
insert into order3d_products (orders_id, products_id, count, amount) values ('b746bf5b-1ae3-4f21-9302-7eef554310b3', '448d7050-5cae-4a9e-aa10-9f82a5d20fb1', 6, '2839.12');
insert into order3d_products (orders_id, products_id, count, amount) values ('fc279219-71a4-4672-afad-90614fa0cdfb', 'd3354811-8944-4137-a0e3-d758c8140c83', 3, '1350.09');
insert into order3d_products (orders_id, products_id, count, amount) values ('b9faea57-b4fb-4bf8-b33c-c9b58e9835dc', 'a07b28e2-a402-40f8-a3f0-3aa9062238f6', 6, '1545.56');
insert into order3d_products (orders_id, products_id, count, amount) values ('ab8e9d61-4bb2-4b82-be55-9c6316afe592', '18cfa1be-a5c9-4515-ac7f-7345daa2998d', 10, '773.30');
insert into order3d_products (orders_id, products_id, count, amount) values ('fd82a335-3175-4be3-8ee0-b4c59b10c237', 'b4c56f0d-31c1-4381-a0b4-9ce389aedfa9', 6, '972.42');
insert into order3d_products (orders_id, products_id, count, amount) values ('dd3936dc-a672-4695-bfb5-dfea65781fa0', '8bf0aa59-54ae-4fb7-89da-d16483d8b2d1', 1, '1544.24');
insert into order3d_products (orders_id, products_id, count, amount) values ('9f020c5f-97d1-405e-a59a-858afb9eb902', '8b2e1aa2-3045-4cf3-b41e-02914c406b5a', 5, '2283.90');
insert into order3d_products (orders_id, products_id, count, amount) values ('77a75ab7-f5d9-4aa2-8054-5d71684ed173', '8b2e1aa2-3045-4cf3-b41e-02914c406b5a', 6, '202.48');
insert into order3d_products (orders_id, products_id, count, amount) values ('a7886bf9-1708-4fe5-ab77-31bc6b4b5e90', '6750b05e-9b57-40e1-808f-aa47c5480791', 9, '1194.84');
insert into order3d_products (orders_id, products_id, count, amount) values ('f5e978f5-e141-4b04-970b-197b0b5d54e2', 'fddc9e9b-9e9e-4c54-9804-1ec99da0b5e4', 2, '1381.96');
insert into order3d_products (orders_id, products_id, count, amount) values ('92ca37c2-8d20-43e2-9a27-1c77df462d7b', '36c3867e-1bc0-4dc2-be8e-2c6e6107481c', 6, '2722.33');
insert into order3d_products (orders_id, products_id, count, amount) values ('c97f1009-5e91-4662-9192-e87d709e0bca', 'f6539e90-e7a7-4bd3-9fbd-c66a257e2fc1', 10, '1763.36');
insert into order3d_products (orders_id, products_id, count, amount) values ('a7886bf9-1708-4fe5-ab77-31bc6b4b5e90', 'e3bc41ea-369c-46d8-addf-553009cad8a0', 10, '2513.66');
insert into order3d_products (orders_id, products_id, count, amount) values ('b8b1cfbd-6a35-4c38-b818-8a6adc98b8b0', '2e3a94f3-ce0c-45bc-b686-6a7966cac65e', 4, '273.08');
insert into order3d_products (orders_id, products_id, count, amount) values ('9e820421-467d-4424-ad98-5e13bbbf9fa0', 'e7be3154-8afa-4ad3-8a46-91745b50ea86', 7, '1941.35');
insert into order3d_products (orders_id, products_id, count, amount) values ('92ca37c2-8d20-43e2-9a27-1c77df462d7b', '6750b05e-9b57-40e1-808f-aa47c5480791', 5, '917.26');
insert into order3d_products (orders_id, products_id, count, amount) values ('aac72bf9-3c6c-400d-a6cd-55d9382199ac', '17ae481b-a004-4d04-9f10-5aa5af9b3e36', 8, '967.88');
insert into order3d_products (orders_id, products_id, count, amount) values ('bb978b8a-85ce-4bb6-b0cf-d9229ab7c4d1', 'b2c356be-10fa-4046-8b26-0310b9f21839', 7, '1518.23');
insert into order3d_products (orders_id, products_id, count, amount) values ('fffa0c54-5700-4e1e-95a4-fa9497fa4fc1', 'd524d391-e08b-4928-a1c8-f49d7d83ea5f', 4, '252.93');
insert into order3d_products (orders_id, products_id, count, amount) values ('4590a2c0-f9d6-42e0-97e1-6a240ebb9745', '2e3a94f3-ce0c-45bc-b686-6a7966cac65e', 7, '1109.96');
insert into order3d_products (orders_id, products_id, count, amount) values ('291102d1-b020-41f6-a6a1-bf03212d0052', 'a93ddcd6-2091-4b13-80ae-9b3184a1df37', 6, '1222.39');
insert into order3d_products (orders_id, products_id, count, amount) values ('ae3ed125-0532-42fc-ac43-b01a6d5b25ff', '6a7b1b4c-8679-4f66-9344-9637c3c700a0', 6, '206.06');
insert into order3d_products (orders_id, products_id, count, amount) values ('b7b61ef9-91d5-4dd6-a165-0fb4b85deb0f', '95b82fcf-21dc-44d4-a32d-3da1ea18949f', 6, '1194.66');
insert into order3d_products (orders_id, products_id, count, amount) values ('7f32f7ff-56af-4d54-971d-aafe190d4005', 'a91fb39d-0121-49a5-aa30-a9bcc18e65ea', 9, '1199.05');
insert into order3d_products (orders_id, products_id, count, amount) values ('d8476174-4259-4b15-b76f-a5c92ca1df37', 'f4e7fbd5-35bc-4d27-9127-1df83db29c9b', 7, '2711.35');
insert into order3d_products (orders_id, products_id, count, amount) values ('aac72bf9-3c6c-400d-a6cd-55d9382199ac', 'db751bf7-0829-4888-9bac-735392ea71df', 2, '2220.31');
insert into order3d_products (orders_id, products_id, count, amount) values ('60cfcdef-8e67-4c1e-bc45-ba1f95396059', 'd3354811-8944-4137-a0e3-d758c8140c83', 7, '2928.49');
insert into order3d_products (orders_id, products_id, count, amount) values ('6d735c77-18c6-44ff-957b-b4ef128da417', '95b82fcf-21dc-44d4-a32d-3da1ea18949f', 1, '1422.91');
insert into order3d_products (orders_id, products_id, count, amount) values ('078d0c13-1b64-4f3d-a4b1-0062998e0ff7', '7da21984-5b36-48ed-9a1e-e2c5ebe25800', 8, '1652.45');
insert into order3d_products (orders_id, products_id, count, amount) values ('73e28bcc-f9a0-41b9-a9d1-1d034edb048b', '18694b1d-0f58-4d6b-879b-eca58aa42b31', 8, '1717.18');
insert into order3d_products (orders_id, products_id, count, amount) values ('f81908a5-9d86-45a9-9f5e-8e4bd88bdab9', 'a93ddcd6-2091-4b13-80ae-9b3184a1df37', 6, '2255.59');
insert into order3d_products (orders_id, products_id, count, amount) values ('c79f1278-b920-4d10-91a6-9154a063ccb1', 'cf5c974c-00fe-4189-bdf8-95dd6c21725a', 8, '2822.37');
insert into order3d_products (orders_id, products_id, count, amount) values ('d3bc3b5d-374f-40dd-b34f-41fff9d0653c', '1f81ffac-b063-4671-92c0-1364ed51b57c', 5, '2876.42');
insert into order3d_products (orders_id, products_id, count, amount) values ('a02763a7-54d7-4c16-adaf-851d52d3de07', 'a07b28e2-a402-40f8-a3f0-3aa9062238f6', 8, '663.06');
insert into order3d_products (orders_id, products_id, count, amount) values ('2c83fed7-a967-4008-9131-7a48e5a16f49', '162bef58-aa71-4993-9992-853102cf25b2', 10, '2690.80');
insert into order3d_products (orders_id, products_id, count, amount) values ('6f549877-d271-4d49-b52e-5c707a59d42c', '86875b74-7b33-482c-95e8-f2d426b4d141', 6, '2626.44');
insert into order3d_products (orders_id, products_id, count, amount) values ('7f8b3676-71ed-4475-a61b-989ed4d2596b', 'ba227faa-2e53-430a-bbdb-420b291cb960', 2, '1198.97');
insert into order3d_products (orders_id, products_id, count, amount) values ('7d354d4d-b43d-4f2e-b0c3-0c539d21acfa', '8b2e1aa2-3045-4cf3-b41e-02914c406b5a', 10, '2965.85');
insert into order3d_products (orders_id, products_id, count, amount) values ('5dbaac26-4847-4a3f-af38-8e3db882462a', 'c6416ed5-97d9-44ef-a877-cdc2c69d13ba', 9, '1971.28');
insert into order3d_products (orders_id, products_id, count, amount) values ('71e614b9-89d7-4ba9-9547-4ca48c172b33', '1534a3f3-f357-4a1e-a071-7b1e24934dee', 6, '1071.46');
insert into order3d_products (orders_id, products_id, count, amount) values ('0e514d30-5899-4074-93a9-e7a308ffb15e', '6a7b1b4c-8679-4f66-9344-9637c3c700a0', 1, '2665.62');
insert into order3d_products (orders_id, products_id, count, amount) values ('f57a03fb-7a0d-4bbd-8bd0-f823b31b528c', '1534a3f3-f357-4a1e-a071-7b1e24934dee', 8, '2419.69');
insert into order3d_products (orders_id, products_id, count, amount) values ('052fc856-db04-459c-8d52-d72fdca9ec4e', 'a91fb39d-0121-49a5-aa30-a9bcc18e65ea', 2, '1377.47');
insert into order3d_products (orders_id, products_id, count, amount) values ('77a75ab7-f5d9-4aa2-8054-5d71684ed173', '9dc2ebd8-e139-461c-a5a7-f08c9e8cf2b1', 9, '2174.55');
insert into order3d_products (orders_id, products_id, count, amount) values ('97d5fcd2-110d-46c5-af20-3c9189ffbc4d', '6ec304ed-1ff5-407b-8e8b-730792c81a2a', 9, '2430.16');
insert into order3d_products (orders_id, products_id, count, amount) values ('fb745247-48d8-4c67-9883-810a8a9bddf1', 'cdf90f7e-964c-4dc8-881f-8260bb477250', 8, '1318.65');
insert into order3d_products (orders_id, products_id, count, amount) values ('56cba2ca-2572-433f-8ac8-766f92558ddc', '9c3708ac-1beb-45ad-910b-9332705a1837', 10, '2448.04');
insert into order3d_products (orders_id, products_id, count, amount) values ('35f9c3b1-32c0-47fc-8866-aea4855c0130', 'f4e7fbd5-35bc-4d27-9127-1df83db29c9b', 1, '610.44');
insert into order3d_products (orders_id, products_id, count, amount) values ('68a13f47-74a7-492c-9528-f0a20bebc75c', 'adf2b807-b95b-4b56-a6e1-060e1e3957fb', 8, '2405.95');
insert into order3d_products (orders_id, products_id, count, amount) values ('253214dc-d847-4b42-819d-d77cebba2951', '6dfdd31a-5eb8-4576-b3e1-a433662b1f79', 9, '1067.81');
insert into order3d_products (orders_id, products_id, count, amount) values ('481b0b1b-b9c9-414b-afae-3e94ff750e4b', '08558b51-f228-4291-9dd6-972dbf40fcfd', 4, '1155.07');
insert into order3d_products (orders_id, products_id, count, amount) values ('7f93f06d-bbdc-4656-b079-075169156a3c', '1534a3f3-f357-4a1e-a071-7b1e24934dee', 4, '2086.92');
insert into order3d_products (orders_id, products_id, count, amount) values ('a1583e1c-c42f-499a-8780-3aaf4417f455', 'fb7d3a11-e26f-491d-aa5d-7234f804267c', 10, '2009.56');
insert into order3d_products (orders_id, products_id, count, amount) values ('6e990f62-4110-46dc-9ab4-8e17403260db', '65887fd3-e743-453a-9531-74fcd450301a', 2, '764.57');
insert into order3d_products (orders_id, products_id, count, amount) values ('9dd1bc24-25bc-4d85-bc0c-7b7572676c6d', 'fbc9cee0-ea3a-4aef-92fe-81817b4fc53d', 7, '2817.25');
insert into order3d_products (orders_id, products_id, count, amount) values ('fa5c445e-8f04-4462-b3e6-87ebe41465e1', '36c3867e-1bc0-4dc2-be8e-2c6e6107481c', 4, '446.97');
insert into order3d_products (orders_id, products_id, count, amount) values ('77a75ab7-f5d9-4aa2-8054-5d71684ed173', '652025f9-2cd0-4e8b-97fe-a0281a2e7b75', 4, '484.15');
insert into order3d_products (orders_id, products_id, count, amount) values ('2bdb45da-f31e-4d0d-b383-68df610ae61a', 'b4c56f0d-31c1-4381-a0b4-9ce389aedfa9', 9, '2024.56');
insert into order3d_products (orders_id, products_id, count, amount) values ('0e28b70e-dae1-4ec9-b44c-25d26e7c0405', '3b80f57a-6454-408c-bce9-12e168f1165a', 10, '1701.46');
insert into order3d_products (orders_id, products_id, count, amount) values ('bab1249d-9953-49a9-8cdf-587252e3a48b', '08558b51-f228-4291-9dd6-972dbf40fcfd', 9, '1793.46');
insert into order3d_products (orders_id, products_id, count, amount) values ('8d61f2b4-113d-47c4-86da-00baa06665a9', '6ec304ed-1ff5-407b-8e8b-730792c81a2a', 7, '1304.46');
insert into order3d_products (orders_id, products_id, count, amount) values ('f13826d6-bdf7-48e4-abb3-ba43373de9a8', '6f605995-696e-412e-a228-d3e89069e98e', 7, '1057.72');
insert into order3d_products (orders_id, products_id, count, amount) values ('aa5e16b5-387b-4af1-bc5a-d3aaadffcf02', 'c6fd3f2e-487f-4123-9eb6-71d9d3584193', 2, '2591.56');
