insert into APPLICATION_USER (id, created_at, updated_at, user_name, password, role, is_enabled)
values ('0f3d6661-844c-41ac-845e-7c42729cf0d4', '10/27/2019', null, 'hayder',
        '{bcrypt}$2y$10$YNSuWB6gOWq3CUvum88ks.CFn1NSxfDP4C0SKzfPx0y3rw2I793By', 'ADMIN', true);
insert into APPLICATION_USER (id, created_at, updated_at, user_name, password, role, is_enabled)
values ('fc6582c7-d70a-47a4-b5c1-a60eb056afda', '7/10/2019', null, 'nassar',
        '{bcrypt}$2y$10$kZm02MckhHDJB2l8xfNO0OaxmHhPsw905LJIup7dmlL.5R0yH/on2', 'EMPLOYEE', true);
insert into APPLICATION_USER (id, created_at, updated_at, user_name, password, role, is_enabled)
values ('459dd3d2-4d4a-4082-b06b-ea8c195bbddb', '1/15/2020', null, 'baraq',
        '{bcrypt}$2y$10$tHeAt2L/VAFLVBCzkQJqFuzxUxNcmd5bUwprvOH7wFPriEI6GMsxG', 'EMPLOYEE', true);
insert into APPLICATION_USER (id, created_at, updated_at, user_name, password, role, is_enabled)
values ('f99ce99d-fe3f-4652-995e-35485ffae314', '5/2/2019', '5/12/2019', 'qamar',
        '{bcrypt}$2y$10$PBvLMF0TRV19MKmOrbE3AOs4o0eIEWrcGbYUkhRhBTcZJsVrvaBeG', 'EMPLOYEE', true);
insert into APPLICATION_USER (id, created_at, updated_at, user_name, password, role, is_enabled)
values ('a0b11202-0d42-40bb-9465-3e383cf61b93', '9/26/2019', '4/23/2019', 'ahmed',
        '{bcrypt}$2y$10$zyCFTnQPlzKlwyzYFeAs6uzDhIBk1bl6Lm7p5cj0Y4P1q.Ov/gBY6', 'ADMIN', true);
insert into APPLICATION_USER (id, created_at, updated_at, user_name, password, role, is_enabled)
values ('04531d9c-29ef-4d42-9984-e337abec5d71', '10/22/2019', null, 'ckubelka0',
        '{bcrypt}$2y$10$MlDjc.GxkSoLOR2gBGYwF.PipEIgtwy9623fZ4b8EqbT4B8xX4UqS', 'CUSTOMER', true);
insert into APPLICATION_USER (id, created_at, updated_at, user_name, password, role, is_enabled)
values ('d71183cb-ab57-47f9-b01e-a0ccccf414af', '8/3/2019', '11/25/2019', 'jglozman1',
        '{bcrypt}$2y$10$M1AGhX1ZYHXoFBH2Y/Xdqu6b4kKAX5MMBGdYixAiHnTYoRhsZyWLG', 'CUSTOMER', true);
insert into APPLICATION_USER (id, created_at, updated_at, user_name, password, role, is_enabled)
values ('23c1a29e-1217-4195-a1bd-3ea5d190b244', '11/21/2019', null, 'ytustin2',
        '{bcrypt}$2y$10$PpKckF83wlJw0ttmY05CZOmCgwsj61TNl/C1XFCeow4RJJhivnpoG', 'CUSTOMER', true);
insert into APPLICATION_USER (id, created_at, updated_at, user_name, password, role, is_enabled)
values ('415bf92c-019f-4f18-998a-4cd55da7d738', '7/7/2019', null, 'kstannus3',
        '{bcrypt}$2y$10$fJw5KHD0tBl/Wn4rOPqjOuZIRW8QRSC/U9im/SrYcvgpW8LHBJ6Jm', 'CUSTOMER', true);

insert into CATEGORY (id, created_at, updated_at, name, pic_location) values ('6fd40977-a429-4959-8497-36b93d19769c', '2020-02-08', '2019-05-25', 'الطاولات', '');
insert into CATEGORY (id, created_at, updated_at, name, pic_location) values ('6d176685-2c6a-489d-9988-684a22903244', '2019-05-17', '2020-01-18', 'حقائب', '');
insert into CATEGORY (id, created_at, updated_at, name, pic_location) values ('ac7c189a-a9d7-4f37-8f55-fee44f108355', '2020-01-22', '2020-01-25', 'حاسبات', '');
insert into CATEGORY (id, created_at, updated_at, name, pic_location) values ('814642d2-7dcc-4279-91b7-70e368127a78', '2019-12-24', '2019-06-11', 'سماعات', '');
insert into CATEGORY (id, created_at, updated_at, name, pic_location) values ('c6478c53-1835-4a25-badc-6b45e490876c', '2019-07-28', '2019-08-03', 'بروسيسرات', '');
insert into CATEGORY (id, created_at, updated_at, name, pic_location) values ('ac7c189a-a9d7-4f37-8f55-fee44f108311', '2019-07-09', '2019-12-24', 'الماوسات', '');
insert into CATEGORY (id, created_at, updated_at, name, pic_location) values ('814642d2-7dcc-4279-91b7-70e368127a22', '2019-12-01', '2019-03-11', 'الشاشات', '');
insert into CATEGORY (id, created_at, updated_at, name, pic_location) values ('c6478c53-1835-4a25-badc-6b45e4908799', '2019-03-25', '2020-01-29', 'الادبرات', '');
insert into CATEGORY (id, created_at, updated_at, name, pic_location) values ('575fe4ea-adfe-4c97-b0b2-005613c68dfa', '2019-11-10', '2020-01-04', 'MacBook 2', '');
insert into CATEGORY (id, created_at, updated_at, name, pic_location) values ('92008ba4-98c0-4185-a213-d6ea3bfb6b9a', '2019-05-10', '2019-06-07', 'Headphone 2', '');
insert into CATEGORY (id, created_at, updated_at, name, pic_location) values ('3c5ce895-d5b7-4c5b-af65-7db3ce5f439d', '2020-01-05', '2019-03-17', 'Laptop 2', '');
insert into CATEGORY (id, created_at, updated_at, name, pic_location) values ('18cabc49-fac6-479c-9d42-d86eec71ad49', '2019-09-02', '2019-03-03', 'PC 2', '');
insert into CATEGORY (id, created_at, updated_at, name, pic_location) values ('921436bc-ae35-4d4d-87ab-1ece9aff1c97', '2019-07-20', '2019-10-10', 'iPhone 2', '');
insert into CATEGORY (id, created_at, updated_at, name, pic_location) values ('884d7e81-af39-4a40-8067-5d9f00c079af', '2019-03-04', '2019-04-18', 'MacBook 3', '');
insert into CATEGORY (id, created_at, updated_at, name, pic_location) values ('24cef573-de5b-4631-8922-5b85920eb59a', '2019-07-24', '2019-09-01', 'Headphone 3', '');
insert into CATEGORY (id, created_at, updated_at, name, pic_location) values ('8d6e1a3b-487c-4e7d-b8ce-5f707014bdf4', '2019-06-24', '2019-08-03', 'Laptop 3', '');
insert into CATEGORY (id, created_at, updated_at, name, pic_location) values ('7bec0a4b-a956-42f0-ae15-41b1abff3c2d', '2019-07-09', '2019-09-26', 'PC 3', '');
insert into CATEGORY (id, created_at, updated_at, name, pic_location) values ('fd4a689f-766f-44a9-8c58-f0508521764a', '2020-01-24', '2020-01-04', 'iPhone 3', '');
insert into CATEGORY (id, created_at, updated_at, name, pic_location) values ('cb35bd4b-98cf-4396-afd3-c568b6f9de3c', '2020-02-04', '2019-11-03', 'MacBook 4', '');
insert into CATEGORY (id, created_at, updated_at, name, pic_location) values ('3e6ad90d-1195-4184-9f3b-e49ce3e215e6', '2019-04-27', '2020-02-02', 'Headphone 4', '');
insert into CATEGORY (id, created_at, updated_at, name, pic_location) values ('867e29e3-f6fb-49ab-9811-5e5aa18423f5', '2019-09-11', '2019-08-09', 'Laptop 4', '');
insert into CATEGORY (id, created_at, updated_at, name, pic_location) values ('51f280b9-0262-488d-8b1c-b1023bca6ce9', '2019-06-24', '2019-09-22', 'PC 4', '');
insert into CATEGORY (id, created_at, updated_at, name, pic_location) values ('d8d0bda8-b612-47e6-8045-13db0c5578ed', '2019-08-22', '2019-12-23', 'iPhone 4', '');
insert into CATEGORY (id, created_at, updated_at, name, pic_location) values ('4e79f578-bdf9-48fc-b415-978457df89e9', '2019-08-11', '2020-01-02', 'MacBook 5', '');
insert into CATEGORY (id, created_at, updated_at, name, pic_location) values ('53feaac7-c577-41a0-a27e-63e662ed0fd3', '2019-12-05', '2019-09-06', 'Headphone 5', '');
insert into CATEGORY (id, created_at, updated_at, name, pic_location) values ('25fcde03-107a-4ee0-a88c-a3b0892ece53', '2019-09-06', '2020-02-08', 'Laptop 5', '');
insert into CATEGORY (id, created_at, updated_at, name, pic_location) values ('d974a643-871a-4ec3-8bfb-f6b462b7de42', '2019-07-19', '2019-06-10', 'PC 5', '');
insert into CATEGORY (id, created_at, updated_at, name, pic_location) values ('6b4dd8d5-c655-499d-a11a-c361c4d5b3ea', '2019-11-22', '2019-08-16', 'iPhone 5', '');
insert into CATEGORY (id, created_at, updated_at, name, pic_location) values ('c2ef2a3d-1e8e-4f26-9754-54207ff49662', '2019-12-11', '2019-12-18', 'MacBook 6 ', '');
insert into CATEGORY (id, created_at, updated_at, name, pic_location) values ('12e18e9e-3fe0-4d88-9249-4069c256150d', '2019-04-25', '2019-10-29', 'Headphone 6', '');
insert into CATEGORY (id, created_at, updated_at, name, pic_location) values ('919e800b-5483-445a-9156-a105134e7094', '2019-05-02', '2019-05-22', 'Laptop 6', '');
insert into CATEGORY (id, created_at, updated_at, name, pic_location) values ('16ae6440-fd0b-4642-93fd-64ec4e0b4fad', '2019-03-22', '2019-05-13', 'PC 6', '');
insert into CATEGORY (id, created_at, updated_at, name, pic_location) values ('bb9cb4a1-2337-417c-9382-c8d6672a3c2d', '2019-05-16', '2019-04-24', 'iPhone 6', '');
insert into CATEGORY (id, created_at, updated_at, name, pic_location) values ('a1dc3c19-28cd-41b9-baf2-c86fabf5cf51', '2019-03-19', '2019-05-16', 'MacBook 7', '');
insert into CATEGORY (id, created_at, updated_at, name, pic_location) values ('fc6e4c4c-8a23-40eb-9abc-988f8ecd80a4', '2019-11-11', '2019-08-24', 'Headphone 7', '');
insert into CATEGORY (id, created_at, updated_at, name, pic_location) values ('e1692aed-2479-4609-ad79-2879260338db', '2019-03-24', '2019-09-03', 'Laptop 7', '');
insert into CATEGORY (id, created_at, updated_at, name, pic_location) values ('1987005b-a4a7-4a3a-9f06-1f934198ea11', '2019-11-02', '2019-10-27', 'PC 7', '');
insert into CATEGORY (id, created_at, updated_at, name, pic_location) values ('d1b7723d-8db6-4b53-ba1e-c1548d49a265', '2019-03-13', '2019-11-16', 'iPhone 8', '');
insert into CATEGORY (id, created_at, updated_at, name, pic_location) values ('64bcbad1-07db-4557-836c-6fe0fc6b3c5c', '2019-08-15', '2020-02-16', 'MacBook 8', '');
insert into CATEGORY (id, created_at, updated_at, name, pic_location) values ('78886b19-d9cb-44b7-8a9f-b0ca72e2ea64', '2019-06-05', '2020-01-10', 'Headphone 8', '');



insert into PRODUCT (id, name, created_at, updated_at, category_id, pic_location, price, quantity, sale, recommended, description) values ('680e972a-52d6-45a1-a549-1bfc02d34510', 'Nut - Peanut, Roasted', '2019-03-07', '2019-09-06', '814642d2-7dcc-4279-91b7-70e368127a78', 'http://dummyimage.com/250x250.bmp/ff4444/ffffff', '1044.06', 121, false, true, 'Other fracture of right femur, sequela');
insert into PRODUCT (id, name, created_at, updated_at, category_id, pic_location, price, quantity, sale, recommended, description) values ('466d8c1c-6998-41b8-949b-a18e191b532c', 'Bacardi Raspberry', '2019-05-12', '2019-09-25', '6fd40977-a429-4959-8497-36b93d19769c', 'http://dummyimage.com/250x250.bmp/dddddd/000000', '754.01', 52, false, true, 'Toxic effect of contact with unspecified venomous animal, intentional self-harm, sequela');
insert into PRODUCT (id, name, created_at, updated_at, category_id, pic_location, price, quantity, sale, recommended, description) values ('aba41a53-f6ee-4e9e-98ee-155c18e0103b', 'Macaroons - Homestyle Two Bit', '2019-11-24', null, '814642d2-7dcc-4279-91b7-70e368127a78', 'http://dummyimage.com/250x250.jpg/dddddd/000000', '262.95', 60, true, true, 'Unspecified fracture of left pubis, initial encounter for closed fracture');
insert into PRODUCT (id, name, created_at, updated_at, category_id, pic_location, price, quantity, sale, recommended, description) values ('67d673e0-87b0-46b1-a778-ead119fc6f3b', 'Yucca', '2019-08-10', '2019-12-18', 'ac7c189a-a9d7-4f37-8f55-fee44f108355', 'http://dummyimage.com/250x250.png/5fa2dd/ffffff', '1626.31', 42, true, true, 'Superficial frostbite of left foot, sequela');
insert into PRODUCT (id, name, created_at, updated_at, category_id, pic_location, price, quantity, sale, recommended, description) values ('6cdf972b-e803-41b6-8357-aaeab6a79ee4', 'Filling - Mince Meat', '2019-12-29', null, '6d176685-2c6a-489d-9988-684a22903244', 'http://dummyimage.com/250x250.bmp/ff4444/ffffff', '1313.72', 182, true, true, 'Legal intervention involving other specified means, law enforcement official injured, initial encounter');
insert into PRODUCT (id, name, created_at, updated_at, category_id, pic_location, price, quantity, sale, recommended, description) values ('345abd46-5a16-4644-82ca-8dbdfc431cff', 'Clams - Bay', '2020-01-20', '2019-08-17', '814642d2-7dcc-4279-91b7-70e368127a78', 'http://dummyimage.com/250x250.bmp/5fa2dd/ffffff', '1613.92', 17, true, true, 'Other specified disorders of synovium and tendon, unspecified shoulder');
insert into PRODUCT (id, name, created_at, updated_at, category_id, pic_location, price, quantity, sale, recommended, description) values ('79f64e8b-fb73-496a-a3ac-58b0b5b37218', 'Containter - 3oz Microwave Rect.', '2019-09-11', '2019-11-29', '814642d2-7dcc-4279-91b7-70e368127a78', 'http://dummyimage.com/250x250.jpg/5fa2dd/ffffff', '673.13', 50, false, true, 'Other incomplete lesion at T7-T10 level of thoracic spinal cord');
insert into PRODUCT (id, name, created_at, updated_at, category_id, pic_location, price, quantity, sale, recommended, description) values ('c652126e-8ab6-40c2-80be-36355ee96c3c', 'Ecolab - Hobart Washarm End Cap', '2019-12-10', null, '6d176685-2c6a-489d-9988-684a22903244', 'http://dummyimage.com/250x250.bmp/5fa2dd/ffffff', '1744.08', 92, true, false, 'Unspecified open wound, unspecified knee');
insert into PRODUCT (id, name, created_at, updated_at, category_id, pic_location, price, quantity, sale, recommended, description) values ('ec9ddcf6-cbbd-4a67-8807-57070d91f4d0', 'Mushroom - Porcini, Dry', '2020-02-06', '2019-04-12', 'c6478c53-1835-4a25-badc-6b45e490876c', 'http://dummyimage.com/250x250.bmp/ff4444/ffffff', '946.68', 187, false, true, 'Displaced fracture of distal phalanx of unspecified great toe, initial encounter for closed fracture');
insert into PRODUCT (id, name, created_at, updated_at, category_id, pic_location, price, quantity, sale, recommended, description) values ('5b601b8f-e029-4026-8b9a-01db5025f82a', 'Extract - Vanilla,artificial', '2019-12-16', null, '6d176685-2c6a-489d-9988-684a22903244', 'http://dummyimage.com/250x250.bmp/dddddd/000000', '1143.63', 66, true, true, 'Unspecified intracranial injury with loss of consciousness of any duration with death due to other cause prior to regaining consciousness, subsequent encounter');
insert into PRODUCT (id, name, created_at, updated_at, category_id, pic_location, price, quantity, sale, recommended, description) values ('504f5dd0-516d-4171-91d7-3391d2a28201', 'Veal - Knuckle', '2019-07-09', null, '814642d2-7dcc-4279-91b7-70e368127a78', 'http://dummyimage.com/250x250.bmp/ff4444/ffffff', '484.81', 156, false, true, 'Nondisplaced Zone I fracture of sacrum, subsequent encounter for fracture with delayed healing');
insert into PRODUCT (id, name, created_at, updated_at, category_id, pic_location, price, quantity, sale, recommended, description) values ('c8da33ab-84b5-4727-ab73-2e091c165440', 'Lid - 10,12,16 Oz', '2019-09-29', '2019-04-08', '6d176685-2c6a-489d-9988-684a22903244', 'http://dummyimage.com/250x250.jpg/5fa2dd/ffffff', '695.38', 2, false, false, 'Sprain of metacarpophalangeal joint of right little finger');
insert into PRODUCT (id, name, created_at, updated_at, category_id, pic_location, price, quantity, sale, recommended, description) values ('743ac9ff-feff-4caa-8966-96245223f89e', 'Food Colouring - Red', '2019-05-21', '2019-12-10', '814642d2-7dcc-4279-91b7-70e368127a78', 'http://dummyimage.com/250x250.jpg/5fa2dd/ffffff', '580.94', 172, true, false, 'Other specified rheumatoid arthritis, left ankle and foot');
insert into PRODUCT (id, name, created_at, updated_at, category_id, pic_location, price, quantity, sale, recommended, description) values ('553cec51-f747-4370-932e-7aa0dba3bd77', 'Beer - Muskoka Cream Ale', '2019-09-22', '2019-06-27', 'ac7c189a-a9d7-4f37-8f55-fee44f108355', 'http://dummyimage.com/250x250.jpg/5fa2dd/ffffff', '859.50', 195, true, false, 'Other dislocation of left foot, initial encounter');
insert into PRODUCT (id, name, created_at, updated_at, category_id, pic_location, price, quantity, sale, recommended, description) values ('50768c8b-6e13-497f-9f32-24e292412b77', 'Napkin White - Starched', '2019-05-16', '2019-05-24', '6fd40977-a429-4959-8497-36b93d19769c', 'http://dummyimage.com/250x250.bmp/cc0000/ffffff', '1813.89', 11, false, false, 'Toxic effect of unspecified alcohol, intentional self-harm, sequela');
insert into PRODUCT (id, name, created_at, updated_at, category_id, pic_location, price, quantity, sale, recommended, description) values ('2d2e5908-4106-4ee0-874b-321c8d5b05ff', 'Chevril', '2019-10-06', '2019-10-26', 'ac7c189a-a9d7-4f37-8f55-fee44f108355', 'http://dummyimage.com/250x250.jpg/dddddd/000000', '839.93', 189, true, true, 'Rheumatoid myopathy with rheumatoid arthritis of right ankle and foot');
insert into PRODUCT (id, name, created_at, updated_at, category_id, pic_location, price, quantity, sale, recommended, description) values ('6ec98352-1036-4216-8f28-ff5143886c01', 'Beans - Green', '2019-12-29', '2019-08-04', '814642d2-7dcc-4279-91b7-70e368127a78', 'http://dummyimage.com/250x250.jpg/ff4444/ffffff', '1946.49', 50, true, false, 'Cervicalgia');
insert into PRODUCT (id, name, created_at, updated_at, category_id, pic_location, price, quantity, sale, recommended, description) values ('abbe3cea-5a36-441b-bee3-3e4ba8087c4d', 'Pasta - Penne, Rigate, Dry', '2019-10-29', '2019-08-08', '6fd40977-a429-4959-8497-36b93d19769c', 'http://dummyimage.com/250x250.png/5fa2dd/ffffff', '872.36', 25, true, true, 'Trimethylaminuria');
insert into PRODUCT (id, name, created_at, updated_at, category_id, pic_location, price, quantity, sale, recommended, description) values ('9cc5ce05-28c0-4c7c-948e-23cebd376054', 'Longos - Grilled Chicken With', '2019-09-21', '2019-09-04', '6d176685-2c6a-489d-9988-684a22903244', 'http://dummyimage.com/250x250.jpg/cc0000/ffffff', '323.30', 180, true, true, 'Displaced transverse fracture of right patella');
insert into PRODUCT (id, name, created_at, updated_at, category_id, pic_location, price, quantity, sale, recommended, description) values ('9c26254b-f6f0-429a-a1c1-2552422ff410', 'Soup Bowl Clear 8oz92008', '2019-07-21', '2019-09-09', '814642d2-7dcc-4279-91b7-70e368127a78', 'http://dummyimage.com/250x250.png/5fa2dd/ffffff', '1770.40', 171, false, false, 'Helicopter collision injuring occupant');
insert into PRODUCT (id, name, created_at, updated_at, category_id, pic_location, price, quantity, sale, recommended, description) values ('0c099af0-99cb-4a55-9eab-1d80372f1953', 'Beer - Heinekin', '2019-12-03', '2019-08-04', 'ac7c189a-a9d7-4f37-8f55-fee44f108355', 'http://dummyimage.com/250x250.bmp/dddddd/000000', '114.16', 168, false, true, 'Diabetes mellitus due to underlying condition with neurological complications');
insert into PRODUCT (id, name, created_at, updated_at, category_id, pic_location, price, quantity, sale, recommended, description) values ('bf4122b2-f5cb-416a-b6ab-90b66f065e38', 'Table Cloth 90x90 Colour', '2019-06-02', null, 'ac7c189a-a9d7-4f37-8f55-fee44f108355', 'http://dummyimage.com/250x250.jpg/5fa2dd/ffffff', '1061.46', 182, false, true, 'Displaced pilon fracture of left tibia, subsequent encounter for open fracture type IIIA, IIIB, or IIIC with routine healing');
insert into PRODUCT (id, name, created_at, updated_at, category_id, pic_location, price, quantity, sale, recommended, description) values ('eb5ec3f0-d40f-4642-9f7d-933566e87e0a', 'Dip - Tapenade', '2019-09-07', '2019-11-13', 'ac7c189a-a9d7-4f37-8f55-fee44f108355', 'http://dummyimage.com/250x250.png/ff4444/ffffff', '125.23', 200, true, false, 'Toxic effect of tin and its compounds, undetermined');
insert into PRODUCT (id, name, created_at, updated_at, category_id, pic_location, price, quantity, sale, recommended, description) values ('f6e483dc-c986-40d5-a160-6e204a7e0887', 'Lettuce - Baby Salad Greens', '2019-08-26', '2019-02-25', '6fd40977-a429-4959-8497-36b93d19769c', 'http://dummyimage.com/250x250.png/5fa2dd/ffffff', '1636.58', 110, false, false, 'Carcinoma in situ of rectum');
insert into PRODUCT (id, name, created_at, updated_at, category_id, pic_location, price, quantity, sale, recommended, description) values ('45d4a21f-1893-4a53-abfe-b83d6c91480f', 'Salmon - Atlantic, Fresh, Whole', '2019-05-01', '2019-06-16', 'ac7c189a-a9d7-4f37-8f55-fee44f108355', 'http://dummyimage.com/250x250.png/5fa2dd/ffffff', '649.33', 77, false, false, 'Unspecified open wound of abdominal wall, right lower quadrant without penetration into peritoneal cavity, subsequent encounter');
insert into PRODUCT (id, name, created_at, updated_at, category_id, pic_location, price, quantity, sale, recommended, description) values ('c6115ca0-8785-4570-9888-3fd0062f0baf', 'Bar Special K', '2019-11-09', '2019-02-16', '6d176685-2c6a-489d-9988-684a22903244', 'http://dummyimage.com/250x250.png/5fa2dd/ffffff', '101.38', 107, false, false, 'Nondisplaced fracture of body of left talus, initial encounter for closed fracture');
insert into PRODUCT (id, name, created_at, updated_at, category_id, pic_location, price, quantity, sale, recommended, description) values ('ad50638f-2578-4c3e-91b3-ef283f3fc519', 'Kumquat', '2019-04-04', '2019-08-05', '6fd40977-a429-4959-8497-36b93d19769c', 'http://dummyimage.com/250x250.png/cc0000/ffffff', '213.19', 128, true, false, 'Toxic effect of chlorine gas');
insert into PRODUCT (id, name, created_at, updated_at, category_id, pic_location, price, quantity, sale, recommended, description) values ('5767743d-a0e4-4cd6-9ff3-ad5275894267', 'Chinese Foods - Thick Noodles', '2019-06-08', null, '6d176685-2c6a-489d-9988-684a22903244', 'http://dummyimage.com/250x250.bmp/dddddd/000000', '1640.96', 93, true, true, 'Fracture of unspecified shoulder girdle, part unspecified, subsequent encounter for fracture with routine healing');
insert into PRODUCT (id, name, created_at, updated_at, category_id, pic_location, price, quantity, sale, recommended, description) values ('3cbafb2a-17a0-4d1f-90a5-96d942dce9e9', 'Vodka - Lemon, Absolut', '2020-01-12', '2019-09-07', 'c6478c53-1835-4a25-badc-6b45e490876c', 'http://dummyimage.com/250x250.jpg/dddddd/000000', '1920.95', 96, false, true, 'Inferior subluxation of right humerus, initial encounter');
insert into PRODUCT (id, name, created_at, updated_at, category_id, pic_location, price, quantity, sale, recommended, description) values ('af1de8c4-df77-4590-81fd-419a160d96a6', 'Beef - Bresaola', '2019-09-20', '2019-03-30', 'ac7c189a-a9d7-4f37-8f55-fee44f108355', 'http://dummyimage.com/250x250.bmp/ff4444/ffffff', '242.27', 158, true, true, 'Other secondary osteonecrosis of unspecified ulna');
insert into PRODUCT (id, name, created_at, updated_at, category_id, pic_location, price, quantity, sale, recommended, description) values ('ef463fa5-173c-4ac3-b3fb-022fe08c23fb', 'Muffin Hinge - 211n', '2019-06-07', '2019-10-19', '814642d2-7dcc-4279-91b7-70e368127a78', 'http://dummyimage.com/250x250.png/cc0000/ffffff', '1734.39', 126, false, false, 'Unspecified fracture of right ischium, subsequent encounter for fracture with nonunion');
insert into PRODUCT (id, name, created_at, updated_at, category_id, pic_location, price, quantity, sale, recommended, description) values ('7b228ea0-6866-482e-bca5-6125b918fe94', 'Orange - Canned, Mandarin', '2019-07-25', '2019-11-12', '6fd40977-a429-4959-8497-36b93d19769c', 'http://dummyimage.com/250x250.bmp/5fa2dd/ffffff', '85.94', 63, true, false, 'Insect bite (nonvenomous) of unspecified hand, initial encounter');
insert into PRODUCT (id, name, created_at, updated_at, category_id, pic_location, price, quantity, sale, recommended, description) values ('6d607650-9344-4283-80f4-468f303a2b32', 'Wine - Two Oceans Sauvignon', '2019-05-14', null, 'ac7c189a-a9d7-4f37-8f55-fee44f108355', 'http://dummyimage.com/250x250.png/dddddd/000000', '385.62', 197, true, true, 'Contusion of ovary, bilateral, initial encounter');
insert into PRODUCT (id, name, created_at, updated_at, category_id, pic_location, price, quantity, sale, recommended, description) values ('ac5b63f4-660f-4669-89a5-e388ce1dd46d', 'Mushroom - Chanterelle, Dry', '2019-07-14', '2019-11-11', 'c6478c53-1835-4a25-badc-6b45e490876c', 'http://dummyimage.com/250x250.jpg/5fa2dd/ffffff', '1367.03', 139, true, false, 'Burn of second degree of shoulder and upper limb, except wrist and hand, unspecified site');
insert into PRODUCT (id, name, created_at, updated_at, category_id, pic_location, price, quantity, sale, recommended, description) values ('cafa63c5-d994-4441-ad21-888b9993ba05', 'Pastry - Baked Cinnamon Stick', '2019-03-28', '2019-04-14', 'ac7c189a-a9d7-4f37-8f55-fee44f108355', 'http://dummyimage.com/250x250.jpg/5fa2dd/ffffff', '57.59', 73, true, false, 'Rheumatoid arthritis of left hand with involvement of other organs and systems');
insert into PRODUCT (id, name, created_at, updated_at, category_id, pic_location, price, quantity, sale, recommended, description) values ('bf22ef1b-b38c-4c9b-b616-b8b87dca0dcd', 'Wine - Red, Cabernet Sauvignon', '2019-04-16', '2019-12-11', 'c6478c53-1835-4a25-badc-6b45e490876c', 'http://dummyimage.com/250x250.png/ff4444/ffffff', '1054.52', 72, true, false, 'Traumatic rupture of unspecified ligament of right little finger at metacarpophalangeal and interphalangeal joint, initial encounter');
insert into PRODUCT (id, name, created_at, updated_at, category_id, pic_location, price, quantity, sale, recommended, description) values ('a22cfd36-9bfe-4341-92c0-40b24a3c3358', 'Apricots - Halves', '2019-12-14', null, 'c6478c53-1835-4a25-badc-6b45e490876c', 'http://dummyimage.com/250x250.jpg/ff4444/ffffff', '497.71', 5, false, false, 'Driver of heavy transport vehicle injured in collision with other nonmotor vehicle in traffic accident, sequela');
insert into PRODUCT (id, name, created_at, updated_at, category_id, pic_location, price, quantity, sale, recommended, description) values ('31ebd33a-fc57-4a90-8b75-5449a60cb51f', 'Milk - Homo', '2019-02-25', '2020-01-27', 'c6478c53-1835-4a25-badc-6b45e490876c', 'http://dummyimage.com/250x250.bmp/dddddd/000000', '1347.99', 61, false, false, 'Nocturnal enuresis');
insert into PRODUCT (id, name, created_at, updated_at, category_id, pic_location, price, quantity, sale, recommended, description) values ('88f98b2a-8cfd-4ebb-9ba0-58e8f0a2a956', 'Nori Sea Weed', '2019-08-11', '2019-10-12', '6d176685-2c6a-489d-9988-684a22903244', 'http://dummyimage.com/250x250.png/cc0000/ffffff', '1553.22', 50, false, false, 'Other specified injury of left renal artery, sequela');
insert into PRODUCT (id, name, created_at, updated_at, category_id, pic_location, price, quantity, sale, recommended, description) values ('2760ccc3-ffc8-4be5-ae1d-31557883cf1c', 'Cumin - Ground', '2019-08-15', '2019-06-04', '6fd40977-a429-4959-8497-36b93d19769c', 'http://dummyimage.com/250x250.jpg/dddddd/000000', '283.73', 176, true, true, 'Acute serous otitis media, recurrent, unspecified ear');
insert into PRODUCT (id, name, created_at, updated_at, category_id, pic_location, price, quantity, sale, recommended, description) values ('01926465-a273-4881-9f2f-279e1ed0a591', 'Bread - Italian Roll With Herbs', '2020-02-07', '2019-08-16', 'c6478c53-1835-4a25-badc-6b45e490876c', 'http://dummyimage.com/250x250.bmp/dddddd/000000', '1466.45', 46, false, false, 'Benign lipomatous neoplasm of skin and subcutaneous tissue of right leg');
insert into PRODUCT (id, name, created_at, updated_at, category_id, pic_location, price, quantity, sale, recommended, description) values ('aef2df06-81f9-4cbf-bb5e-b8cb043274b2', 'Mustard - Dijon', '2019-08-14', null, '814642d2-7dcc-4279-91b7-70e368127a78', 'http://dummyimage.com/250x250.bmp/5fa2dd/ffffff', '1754.46', 55, false, false, 'Contusion of left elbow, subsequent encounter');
insert into PRODUCT (id, name, created_at, updated_at, category_id, pic_location, price, quantity, sale, recommended, description) values ('4097e7e5-a27b-4b2a-b1a7-81cfe3efd755', 'Pastry - Apple Large', '2019-04-07', '2019-03-02', '814642d2-7dcc-4279-91b7-70e368127a78', 'http://dummyimage.com/250x250.bmp/dddddd/000000', '1733.54', 29, true, false, 'Unspecified subluxation of left index finger, sequela');
insert into PRODUCT (id, name, created_at, updated_at, category_id, pic_location, price, quantity, sale, recommended, description) values ('1f1d1d00-cab0-4481-964d-4ee853cceab7', 'Grenadillo', '2019-08-21', null, 'c6478c53-1835-4a25-badc-6b45e490876c', 'http://dummyimage.com/250x250.jpg/cc0000/ffffff', '698.03', 120, true, false, 'Low weight gain in pregnancy, first trimester');
insert into PRODUCT (id, name, created_at, updated_at, category_id, pic_location, price, quantity, sale, recommended, description) values ('104dc36d-de98-49ef-b838-ef8db24db959', 'Ginger - Ground', '2020-01-01', '2019-07-12', '6d176685-2c6a-489d-9988-684a22903244', 'http://dummyimage.com/250x250.bmp/5fa2dd/ffffff', '1614.49', 75, false, false, 'Infection and inflammatory reaction due to other internal joint prosthesis, initial encounter');
insert into PRODUCT (id, name, created_at, updated_at, category_id, pic_location, price, quantity, sale, recommended, description) values ('56077e6f-7fcf-4de1-854c-bb56bfcca47a', 'Cake Sheet Combo Party Pack', '2019-06-26', null, 'ac7c189a-a9d7-4f37-8f55-fee44f108355', 'http://dummyimage.com/250x250.jpg/cc0000/ffffff', '932.44', 172, true, false, 'Splitting of urinary stream');
insert into PRODUCT (id, name, created_at, updated_at, category_id, pic_location, price, quantity, sale, recommended, description) values ('cd03bb82-5dbc-48e6-aa1b-e1c4484aa893', 'Creme De Cacao Mcguines', '2019-04-02', '2019-04-14', '6d176685-2c6a-489d-9988-684a22903244', 'http://dummyimage.com/250x250.bmp/cc0000/ffffff', '402.24', 119, true, false, 'Supervision of pregnancy with history of in utero procedure during previous pregnancy, unspecified trimester');
insert into PRODUCT (id, name, created_at, updated_at, category_id, pic_location, price, quantity, sale, recommended, description) values ('62f92ce7-61bd-42fe-a80a-0ff6e0233edf', 'Catfish - Fillets', '2019-07-16', '2019-04-04', 'c6478c53-1835-4a25-badc-6b45e490876c', 'http://dummyimage.com/250x250.bmp/dddddd/000000', '1624.27', 138, true, false, 'War operation involving nuclear radiation effects of nuclear weapon, civilian, sequela');
insert into PRODUCT (id, name, created_at, updated_at, category_id, pic_location, price, quantity, sale, recommended, description) values ('6bede381-f238-4213-9725-adc504d4ae93', 'Island Oasis - Banana Daiquiri', '2019-07-23', '2019-06-01', '6fd40977-a429-4959-8497-36b93d19769c', 'http://dummyimage.com/250x250.png/ff4444/ffffff', '302.02', 69, false, false, 'Rheumatoid vasculitis with rheumatoid arthritis of unspecified shoulder');
insert into PRODUCT (id, name, created_at, updated_at, category_id, pic_location, price, quantity, sale, recommended, description) values ('eb8a8a60-25d2-4889-af03-ba4646121d1a', 'Lumpfish Black', '2020-01-27', null, 'c6478c53-1835-4a25-badc-6b45e490876c', 'http://dummyimage.com/250x250.png/ff4444/ffffff', '1572.78', 36, true, false, 'Coma scale, eyes open, never, 24 hours or more after hospital admission');

insert into ORDER3D (id, created_at, updated_at, total_amount, order_track_id, order_state, company_name, name, city, district, district2, mobile_number, email, notes) values ('d04a3fcb-273c-4543-b9d1-3e683357c179', '6/30/2019', '9/24/2019', '213.87', '106656562-7', 'SHIPPED', 'Cogidoo', 'Mélanie', 'Jiuxi', '2 Riverside Circle', 'Sherman', '978287981-9', 'estrettell0@chicagotribune.com', 'quam sapien varius ut blandit non interdum in ante vestibulum ante ipsum primis');
insert into ORDER3D (id, created_at, updated_at, total_amount, order_track_id, order_state, company_name, name, city, district, district2, mobile_number, email, notes) values ('adc48927-9eb3-4d02-8814-51674295d1df', '2/27/2019', '1/21/2020', '192.46', '717630963-9', 'IN_PROGRESS', 'Yacero', 'Mà', 'Lhokkruet', '086 Linden Lane', 'Barnett', '382334944-9', 'jfrascone1@baidu.com', 'morbi vestibulum velit id pretium iaculis diam erat fermentum justo nec condimentum neque sapien placerat');
insert into ORDER3D (id, created_at, updated_at, total_amount, order_track_id, order_state, company_name, name, city, district, district2, mobile_number, email, notes) values ('ed6fdae2-c8b9-4dde-8975-e54d4f3d6cb1', '11/12/2019', '5/17/2019', '694.91', '430523058-5', 'COMPLETED', 'Devbug', 'Josée', 'Higetegera', '334 Dawn Alley', 'Mesta', '822933863-9', 'isenett2@howstuffworks.com', 'dolor sit amet consectetuer adipiscing elit proin risus praesent lectus vestibulum quam sapien varius ut');
insert into ORDER3D (id, created_at, updated_at, total_amount, order_track_id, order_state, company_name, name, city, district, district2, mobile_number, email, notes) values ('ac90bb20-0726-4b7a-8c48-3e3016d97998', '11/10/2019', '3/5/2019', '146.27', '932624344-3', 'RECEIVED', 'Brainlounge', 'Märta', 'Uppsala', '38 Hintze Hill', 'Atwood', '289622919-1', 'pmatzke3@prnewswire.com', 'libero non mattis pulvinar nulla pede ullamcorper augue a suscipit nulla elit ac nulla sed vel enim sit amet');
insert into ORDER3D (id, created_at, updated_at, total_amount, order_track_id, order_state, company_name, name, city, district, district2, mobile_number, email, notes) values ('331a0a0a-6891-4ab9-ad35-79aa1b28faaa', '12/26/2019', '5/11/2019', '498.49', '581245181-8', 'RECEIVED', 'Tazz', 'Mélissandre', 'Chahe', '443 Merrick Alley', 'Maple Wood', '981964630-8', 'msheppard4@vistaprint.com', 'velit eu est congue elementum in hac habitasse platea dictumst morbi vestibulum velit id');
insert into ORDER3D (id, created_at, updated_at, total_amount, order_track_id, order_state, company_name, name, city, district, district2, mobile_number, email, notes) values ('15af70aa-b3d7-4399-adee-625704c9ced0', '10/15/2019', '8/22/2019', '207.74', '505217757-7', 'DELIVERED', 'Realcube', 'Nadège', 'Namalenga', '241 Mcguire Point', 'Bellgrove', '719767477-8', 'hklug5@msn.com', 'primis in faucibus orci luctus et ultrices posuere cubilia curae donec');
insert into ORDER3D (id, created_at, updated_at, total_amount, order_track_id, order_state, company_name, name, city, district, district2, mobile_number, email, notes) values ('97c51d74-a32c-4eda-a024-f39086927a12', '12/26/2019', '8/7/2019', '296.02', '697125984-X', 'RECEIVED', 'Jaxbean', 'Gösta', 'Tanumshede', '66290 Onsgard Center', 'Carpenter', '050704329-4', 'aruggiero6@t.co', 'tellus in sagittis dui vel nisl duis ac nibh fusce lacus purus aliquet at feugiat non pretium');
insert into ORDER3D (id, created_at, updated_at, total_amount, order_track_id, order_state, company_name, name, city, district, district2, mobile_number, email, notes) values ('dfbca080-cc85-46ff-80a4-2bc03db64578', '9/19/2019', '11/7/2019', '465.85', '478224645-5', 'COMPLETED', 'Kamba', 'Nuó', 'Hong’an', '78 Huxley Avenue', 'Killdeer', '410367451-2', 'blanphier7@last.fm', 'non velit nec nisi vulputate nonummy maecenas tincidunt lacus at velit vivamus');
insert into ORDER3D (id, created_at, updated_at, total_amount, order_track_id, order_state, company_name, name, city, district, district2, mobile_number, email, notes) values ('3920e18e-7d81-42cb-abee-769890017ed3', '4/30/2019', null, '330.62', '161971850-2', 'COMPLETED', 'Leenti', 'Aí', 'Sinjil', '9 Grayhawk Lane', 'Lien', '473939360-3', 'acivitillo8@soup.io', 'venenatis non sodales sed tincidunt eu felis fusce posuere felis sed lacus morbi sem mauris laoreet');
insert into ORDER3D (id, created_at, updated_at, total_amount, order_track_id, order_state, company_name, name, city, district, district2, mobile_number, email, notes) values ('2fda376f-160c-4ebb-a79b-8181e78b0497', '1/27/2020', null, '830.11', '623456161-6', 'SHIPPED', 'Jabbercube', 'Thérèsa', 'Berezne', '5 Granby Avenue', 'Annamark', '661067082-X', 'mstiggles9@php.net', 'pretium nisl ut volutpat sapien arcu sed augue aliquam erat volutpat in congue etiam justo etiam pretium');
insert into ORDER3D (id, created_at, updated_at, total_amount, order_track_id, order_state, company_name, name, city, district, district2, mobile_number, email, notes) values ('b72d1e8b-49b8-4009-9272-6d4074e9d550', '9/21/2019', '12/14/2019', '289.44', '475218815-5', 'RECEIVED', 'Eadel', 'Mélodie', 'Veliki Preslav', '973 Moose Hill', 'Hansons', '815013613-4', 'bwainera@sourceforge.net', 'sit amet cursus id turpis integer aliquet massa id lobortis');
insert into ORDER3D (id, created_at, updated_at, total_amount, order_track_id, order_state, company_name, name, city, district, district2, mobile_number, email, notes) values ('87708346-53be-4ae6-b500-43662b788e24', '1/3/2020', '3/22/2019', '617.40', '853381190-X', 'DELIVERED', 'Tagtune', 'Eliès', 'Stuttgart', '3995 Del Sol Lane', 'Bellgrove', '679496029-X', 'pdaveyb@hp.com', 'dolor quis odio consequat varius integer ac leo pellentesque ultrices mattis odio donec vitae nisi nam ultrices');
insert into ORDER3D (id, created_at, updated_at, total_amount, order_track_id, order_state, company_name, name, city, district, district2, mobile_number, email, notes) values ('d6df2651-7168-4b41-99c4-92096575fd4b', '4/23/2019', null, '772.84', '870189962-7', 'COMPLETED', 'Skiba', 'Maëline', 'Magang', '8271 Sullivan Place', 'Sherman', '442775354-X', 'hoxerc@accuweather.com', 'proin at turpis a pede posuere nonummy integer non velit donec diam neque vestibulum eget');
insert into ORDER3D (id, created_at, updated_at, total_amount, order_track_id, order_state, company_name, name, city, district, district2, mobile_number, email, notes) values ('569331a3-10d6-491d-98c1-660f932e60cf', '11/2/2019', '3/11/2019', '303.92', '433790447-6', 'RECEIVED', 'Chatterbridge', 'Daphnée', 'Velikiye Borki', '2966 Mitchell Circle', 'Union', '789213607-X', 'imcfaterd@usgs.gov', 'in hac habitasse platea dictumst aliquam augue quam sollicitudin vitae consectetuer eget rutrum at lorem integer tincidunt ante');
insert into ORDER3D (id, created_at, updated_at, total_amount, order_track_id, order_state, company_name, name, city, district, district2, mobile_number, email, notes) values ('d58a16be-ff40-498f-95bc-0ae3d304636b', '7/17/2019', '6/12/2019', '995.90', '257902845-5', 'COMPLETED', 'Yozio', 'Béatrice', 'Shunling', '569 Sunfield Center', 'Lien', '355575593-5', 'hprinnee@trellian.com', 'sed lacus morbi sem mauris laoreet ut rhoncus aliquet pulvinar sed nisl nunc rhoncus');
insert into ORDER3D (id, created_at, updated_at, total_amount, order_track_id, order_state, company_name, name, city, district, district2, mobile_number, email, notes) values ('39311fda-f4ef-4aa0-941d-0835c1a271a1', '3/14/2019', '11/9/2019', '320.18', '441332615-6', 'SHIPPED', 'Mudo', 'Erwéi', 'Baimangpu', '9120 Eastwood Lane', 'Clyde Gallagher', '537718569-2', 'jmonkhousef@artisteer.com', 'lacus at velit vivamus vel nulla eget eros elementum pellentesque quisque porta volutpat erat quisque');
insert into ORDER3D (id, created_at, updated_at, total_amount, order_track_id, order_state, company_name, name, city, district, district2, mobile_number, email, notes) values ('cfbfd951-8ee1-4443-860c-477a39c52841', '6/12/2019', null, '221.42', '558045262-4', 'COMPLETED', 'Quimm', 'Dù', 'Arnhem', '57404 Butternut Parkway', 'Scofield', '728999897-9', 'gphuprateg@unesco.org', 'elit ac nulla sed vel enim sit amet nunc viverra dapibus nulla');
insert into ORDER3D (id, created_at, updated_at, total_amount, order_track_id, order_state, company_name, name, city, district, district2, mobile_number, email, notes) values ('2a2c1c69-1148-4dd6-a32d-52174ccf4020', '9/18/2019', '7/29/2019', '400.76', '912119044-5', 'DELIVERED', 'Thoughtstorm', 'Marie-hélène', 'Yuquan', '3 Forest Dale Terrace', 'Golf Course', '641236676-8', 'mheffordh@nasa.gov', 'libero nullam sit amet turpis elementum ligula vehicula consequat morbi a ipsum integer a nibh in quis justo');
insert into ORDER3D (id, created_at, updated_at, total_amount, order_track_id, order_state, company_name, name, city, district, district2, mobile_number, email, notes) values ('dc046303-49c8-49d6-a9bd-552a85d2b45f', '6/28/2019', '11/15/2019', '379.87', '387546972-0', 'SHIPPED', 'Rhybox', 'Dà', 'Butigui', '33055 Straubel Hill', 'Raven', '470263399-6', 'jcamilioi@bloglines.com', 'sapien arcu sed augue aliquam erat volutpat in congue etiam justo etiam pretium iaculis justo in hac habitasse platea dictumst');
insert into ORDER3D (id, created_at, updated_at, total_amount, order_track_id, order_state, company_name, name, city, district, district2, mobile_number, email, notes) values ('577572f7-3b83-47ee-b08f-5b4a33231d4e', '12/26/2019', '4/10/2019', '623.71', '229083716-4', 'RECEIVED', 'Brightbean', 'Kallisté', 'Tyrawa Wołoska', '264 Pond Park', 'Tennessee', '815534342-1', 'smakiverj@statcounter.com', 'magna vulputate luctus cum sociis natoque penatibus et magnis dis parturient montes nascetur ridiculus mus vivamus vestibulum sagittis');
insert into ORDER3D (id, created_at, updated_at, total_amount, order_track_id, order_state, company_name, name, city, district, district2, mobile_number, email, notes) values ('35d323c0-1066-4e9a-8851-4c4723a290a3', '12/26/2019', '11/1/2019', '108.71', '527797756-2', 'RECEIVED', 'Rhybox', 'Desirée', 'Majzar', '0082 Thierer Avenue', 'Red Cloud', '097229955-6', 'ninstonek@google.com.br', 'ultricies eu nibh quisque id justo sit amet sapien dignissim vestibulum vestibulum ante ipsum primis in faucibus');
insert into ORDER3D (id, created_at, updated_at, total_amount, order_track_id, order_state, company_name, name, city, district, district2, mobile_number, email, notes) values ('2b4c5629-b695-4b90-b052-410282fe8e03', '8/13/2019', '2/28/2019', '734.97', '817541185-6', 'IN_PROGRESS', 'Wikibox', 'Célia', 'Rodionovo-Nesvetayskaya', '791 Bluestem Place', 'Westport', '212053844-1', 'truselinl@java.com', 'nec dui luctus rutrum nulla tellus in sagittis dui vel nisl duis ac nibh fusce lacus purus aliquet at');
insert into ORDER3D (id, created_at, updated_at, total_amount, order_track_id, order_state, company_name, name, city, district, district2, mobile_number, email, notes) values ('0721ff23-8f7c-4ae7-a408-a0cdc2013dc9', '12/25/2019', '6/20/2019', '190.82', '953993917-8', 'SHIPPED', 'Dablist', 'Mélodie', 'Baoshan', '3726 Northfield Park', 'Coolidge', '659412900-7', 'mwillingamm@constantcontact.com', 'cursus id turpis integer aliquet massa id lobortis convallis tortor risus dapibus');
insert into ORDER3D (id, created_at, updated_at, total_amount, order_track_id, order_state, company_name, name, city, district, district2, mobile_number, email, notes) values ('173bc3d1-2983-4cdf-9c67-3105592c4232', '12/24/2019', '8/19/2019', '804.50', '382741218-8', 'DELIVERED', 'Devpoint', 'Faîtes', 'Tsaghkunk’', '62 Barnett Parkway', 'Roth', '607372912-X', 'ehellyern@networkadvertising.org', 'posuere cubilia curae duis faucibus accumsan odio curabitur convallis duis consequat dui nec nisi volutpat eleifend donec ut dolor');
insert into ORDER3D (id, created_at, updated_at, total_amount, order_track_id, order_state, company_name, name, city, district, district2, mobile_number, email, notes) values ('d4cf08b4-53fa-4601-9f44-ccc7b58f04c0', '7/25/2019', null, '660.24', '484395407-1', 'COMPLETED', 'Edgeclub', 'Zhì', 'Uromi', '7 Forest Run Park', 'Arizona', '381574222-6', 'santonellinio@usatoday.com', 'ut at dolor quis odio consequat varius integer ac leo pellentesque ultrices mattis odio');
insert into ORDER3D (id, created_at, updated_at, total_amount, order_track_id, order_state, company_name, name, city, district, district2, mobile_number, email, notes) values ('a8dabf6f-e2b6-4779-b4d1-be45e43fe3fa', '8/26/2019', '9/27/2019', '205.21', '581863875-8', 'IN_PROGRESS', 'Skinix', 'Vénus', 'Újezd', '699 Drewry Trail', 'Annamark', '875028159-3', 'kplaunchp@cdbaby.com', 'lacus morbi quis tortor id nulla ultrices aliquet maecenas leo odio condimentum id luctus nec');
insert into ORDER3D (id, created_at, updated_at, total_amount, order_track_id, order_state, company_name, name, city, district, district2, mobile_number, email, notes) values ('9fc50024-375b-426b-a552-74e928e3065a', '10/17/2019', '7/27/2019', '625.07', '358177812-2', 'COMPLETED', 'Rhyloo', 'Anaé', 'Perth', '22 Express Street', 'Towne', '905342059-2', 'lbassilq@nifty.com', 'augue vestibulum ante ipsum primis in faucibus orci luctus et ultrices posuere cubilia curae donec pharetra');
insert into ORDER3D (id, created_at, updated_at, total_amount, order_track_id, order_state, company_name, name, city, district, district2, mobile_number, email, notes) values ('33f36359-d7c1-4849-8a77-67b0aa7a6127', '9/7/2019', '11/29/2019', '850.56', '680436221-7', 'DELIVERED', 'Dabfeed', 'Marie-thérèse', 'Ushumun', '7118 Graedel Alley', 'Parkside', '444169200-5', 'bkasr@theguardian.com', 'quam fringilla rhoncus mauris enim leo rhoncus sed vestibulum sit amet cursus id turpis integer');
insert into ORDER3D (id, created_at, updated_at, total_amount, order_track_id, order_state, company_name, name, city, district, district2, mobile_number, email, notes) values ('0d44e3e6-b2df-44e9-aee7-655dd3000286', '9/21/2019', '9/15/2019', '522.90', '150754208-9', 'DELIVERED', 'Cogidoo', 'Danièle', 'Poroçan', '56631 Kenwood Way', 'Elmside', '499566421-1', 'mbysouths@macromedia.com', 'id ligula suspendisse ornare consequat lectus in est risus auctor sed');
insert into ORDER3D (id, created_at, updated_at, total_amount, order_track_id, order_state, company_name, name, city, district, district2, mobile_number, email, notes) values ('10b4d149-a798-4e85-9bcd-9e49857f5f03', '4/16/2019', null, '293.32', '704405929-5', 'SHIPPED', 'Photofeed', 'Stéphanie', 'Beibei', '48577 Shopko Hill', 'Declaration', '900953380-8', 'tgookest@canalblog.com', 'pede justo eu massa donec dapibus duis at velit eu est congue elementum in hac habitasse platea dictumst morbi vestibulum');
insert into ORDER3D (id, created_at, updated_at, total_amount, order_track_id, order_state, company_name, name, city, district, district2, mobile_number, email, notes) values ('7030a2d5-14b5-4d36-9eec-c994b2c91a82', '9/17/2019', '2/1/2020', '449.71', '164282785-1', 'RECEIVED', 'Edgeclub', 'Estève', 'Várzea', '1 Artisan Junction', 'Karstens', '112927155-2', 'trultenu@naver.com', 'sed magna at nunc commodo placerat praesent blandit nam nulla integer pede justo lacinia');
insert into ORDER3D (id, created_at, updated_at, total_amount, order_track_id, order_state, company_name, name, city, district, district2, mobile_number, email, notes) values ('28a76868-a31a-4337-ba58-dbca28b9b3f8', '11/22/2019', '10/12/2019', '107.43', '904747411-2', 'DELIVERED', 'Leexo', 'Inès', 'Bom Despacho', '73670 Clemons Place', 'Mcguire', '867117922-2', 'dburnandv@nationalgeographic.com', 'eu mi nulla ac enim in tempor turpis nec euismod scelerisque quam turpis');
insert into ORDER3D (id, created_at, updated_at, total_amount, order_track_id, order_state, company_name, name, city, district, district2, mobile_number, email, notes) values ('f6efaace-418b-41c8-be32-a6b31d91911a', '8/17/2019', null, '695.38', '525114961-1', 'IN_PROGRESS', 'Demivee', 'Görel', 'Oji River', '87 Hoepker Park', 'Merrick', '682763429-9', 'rpenrethw@miibeian.gov.cn', 'a pede posuere nonummy integer non velit donec diam neque vestibulum eget vulputate ut');
insert into ORDER3D (id, created_at, updated_at, total_amount, order_track_id, order_state, company_name, name, city, district, district2, mobile_number, email, notes) values ('c9ef349b-319b-4c1b-aa5a-32e9610542e1', '11/13/2019', '3/16/2019', '920.65', '092380161-8', 'DELIVERED', 'Voolith', 'Göran', 'Bergen', '5410 Express Hill', 'Jackson', '181486176-9', 'ttitcombex@google.nl', 'est risus auctor sed tristique in tempus sit amet sem fusce consequat nulla');
insert into ORDER3D (id, created_at, updated_at, total_amount, order_track_id, order_state, company_name, name, city, district, district2, mobile_number, email, notes) values ('e432168d-ce6f-4241-b28e-b220b8532d58', '12/2/2019', '8/18/2019', '534.16', '218946291-6', 'SHIPPED', 'Skidoo', 'Ophélie', 'Delson', '11090 Bluejay Lane', 'Elmside', '880335324-0', 'lhazelly@diigo.com', 'non lectus aliquam sit amet diam in magna bibendum imperdiet nullam orci pede venenatis');
insert into ORDER3D (id, created_at, updated_at, total_amount, order_track_id, order_state, company_name, name, city, district, district2, mobile_number, email, notes) values ('c3d8817d-c3c5-4089-9d7d-4753f7b26b14', '4/21/2019', '11/27/2019', '206.42', '613863789-5', 'DELIVERED', 'Dynabox', 'Laïla', 'Donomulyo', '18 Dahle Drive', 'Bunker Hill', '120486565-5', 'ashipmanz@buzzfeed.com', 'vestibulum eget vulputate ut ultrices vel augue vestibulum ante ipsum primis in faucibus orci luctus et ultrices posuere');
insert into ORDER3D (id, created_at, updated_at, total_amount, order_track_id, order_state, company_name, name, city, district, district2, mobile_number, email, notes) values ('e27d909b-b9e1-40dc-a40a-48d243602f65', '3/8/2019', '8/18/2019', '286.43', '411710727-5', 'SHIPPED', 'Meembee', 'Kévina', 'Mattawa', '366 Chinook Alley', 'Sunnyside', '728349142-2', 'fthake10@newyorker.com', 'cubilia curae mauris viverra diam vitae quam suspendisse potenti nullam porttitor lacus at turpis donec posuere metus vitae');
insert into ORDER3D (id, created_at, updated_at, total_amount, order_track_id, order_state, company_name, name, city, district, district2, mobile_number, email, notes) values ('3800bc7e-29a6-484e-831f-11d15413e8a1', '4/18/2019', '6/18/2019', '647.86', '951505150-9', 'RECEIVED', 'Yozio', 'Marie-françoise', 'Cergy-Pontoise', '3711 Moose Pass', 'Kropf', '064877389-2', 'mwolvey11@google.ru', 'vehicula condimentum curabitur in libero ut massa volutpat convallis morbi odio odio elementum eu interdum eu tincidunt');
insert into ORDER3D (id, created_at, updated_at, total_amount, order_track_id, order_state, company_name, name, city, district, district2, mobile_number, email, notes) values ('820fb696-7204-4364-837e-2d9d837265cc', '8/14/2019', null, '668.56', '991788865-9', 'SHIPPED', 'Innojam', 'Bécassine', 'Santa Clara', '9462 Summit Circle', 'Moland', '901238415-X', 'ckendrew12@prlog.org', 'quis libero nullam sit amet turpis elementum ligula vehicula consequat morbi');
insert into ORDER3D (id, created_at, updated_at, total_amount, order_track_id, order_state, company_name, name, city, district, district2, mobile_number, email, notes) values ('c7db5498-a80a-498e-8cdf-17d460201311', '9/28/2019', '12/15/2019', '387.14', '418877906-3', 'COMPLETED', 'Tavu', 'Marie-noël', 'Vila Nova da Baronia', '1684 Gina Court', 'Nevada', '019706122-2', 'cshane13@ifeng.com', 'elit sodales scelerisque mauris sit amet eros suspendisse accumsan tortor quis turpis sed ante vivamus tortor');
insert into ORDER3D (id, created_at, updated_at, total_amount, order_track_id, order_state, company_name, name, city, district, district2, mobile_number, email, notes) values ('8e08111e-ae95-4b4b-b985-44c3fdcc047e', '10/29/2019', '11/12/2019', '427.00', '217742404-6', 'RECEIVED', 'Mybuzz', 'Anaëlle', 'Yam', '497 Basil Junction', 'Menomonie', '739192219-6', 'vlinkleter14@sciencedaily.com', 'vestibulum quam sapien varius ut blandit non interdum in ante vestibulum ante ipsum primis in faucibus');
insert into ORDER3D (id, created_at, updated_at, total_amount, order_track_id, order_state, company_name, name, city, district, district2, mobile_number, email, notes) values ('4aec797e-4eba-43e0-b6ed-9e5ed09ffe9c', '2/13/2019', '10/30/2019', '673.57', '771932461-7', 'DELIVERED', 'Voonder', 'Stéphanie', 'Santa María de Ipire', '302 Sauthoff Pass', 'Jenifer', '128427571-X', 'ajiri15@omniture.com', 'varius nulla facilisi cras non velit nec nisi vulputate nonummy maecenas tincidunt lacus at velit vivamus vel nulla eget eros');
insert into ORDER3D (id, created_at, updated_at, total_amount, order_track_id, order_state, company_name, name, city, district, district2, mobile_number, email, notes) values ('1495a4b8-fbdb-4fe8-a4fe-9bafb07ec962', '6/20/2019', null, '754.96', '103786615-0', 'IN_PROGRESS', 'Realcube', 'Marie-ève', 'Eláteia', '055 Brown Trail', 'Maryland', '219851904-6', 'nstirman16@biglobe.ne.jp', 'gravida sem praesent id massa id nisl venenatis lacinia aenean sit amet justo morbi');
insert into ORDER3D (id, created_at, updated_at, total_amount, order_track_id, order_state, company_name, name, city, district, district2, mobile_number, email, notes) values ('b7c5a4a2-5ded-4fb1-85fd-6ebcfa0c5527', '3/15/2019', null, '970.65', '033236298-1', 'IN_PROGRESS', 'Dabshots', 'Yénora', 'Güines', '21 Portage Road', 'Glacier Hill', '521076930-5', 'blehrian17@nhs.uk', 'sem duis aliquam convallis nunc proin at turpis a pede posuere nonummy integer non velit');
insert into ORDER3D (id, created_at, updated_at, total_amount, order_track_id, order_state, company_name, name, city, district, district2, mobile_number, email, notes) values ('26d6f458-bc2c-489f-b64e-c1a61ddbf2ee', '6/17/2019', null, '430.77', '995128421-3', 'COMPLETED', 'Kwideo', 'Félicie', 'Miyakonojō', '2355 Katie Lane', 'Elgar', '160159641-3', 'ttolmie18@cpanel.net', 'sollicitudin mi sit amet lobortis sapien sapien non mi integer ac neque duis');
insert into ORDER3D (id, created_at, updated_at, total_amount, order_track_id, order_state, company_name, name, city, district, district2, mobile_number, email, notes) values ('16cd415a-3fc0-4203-9bb5-c43af47a6fc0', '6/12/2019', null, '791.07', '749838035-8', 'RECEIVED', 'Edgeblab', 'Adèle', 'Ungus-Ungus', '54 Burning Wood Terrace', 'Hayes', '353810256-2', 'hvoaden19@abc.net.au', 'id sapien in sapien iaculis congue vivamus metus arcu adipiscing molestie hendrerit at');
insert into ORDER3D (id, created_at, updated_at, total_amount, order_track_id, order_state, company_name, name, city, district, district2, mobile_number, email, notes) values ('021784b4-e36b-405e-b6f3-d66285f21514', '9/11/2019', null, '486.93', '217960980-9', 'DELIVERED', 'Twitterlist', 'Léone', 'Atyrau', '18136 Ryan Lane', 'Hintze', '203410066-2', 'dbenmore1a@ebay.com', 'vestibulum sed magna at nunc commodo placerat praesent blandit nam nulla integer pede justo lacinia eget tincidunt eget tempus');
insert into ORDER3D (id, created_at, updated_at, total_amount, order_track_id, order_state, company_name, name, city, district, district2, mobile_number, email, notes) values ('4f2c82f6-b947-4a7f-a6f6-7d8c4eb04ce8', '2/21/2019', null, '477.23', '196909884-8', 'COMPLETED', 'Flipopia', 'Eliès', 'Mashan', '29216 Homewood Terrace', 'Hoffman', '670175964-5', 'mhankin1b@unblog.fr', 'eu mi nulla ac enim in tempor turpis nec euismod scelerisque quam');
insert into ORDER3D (id, created_at, updated_at, total_amount, order_track_id, order_state, company_name, name, city, district, district2, mobile_number, email, notes) values ('2aa5ca47-12be-4316-b8c2-681215fc54ad', '11/28/2019', '11/28/2019', '980.02', '060017102-7', 'DELIVERED', 'Fivebridge', 'Håkan', 'Soko', '31123 Logan Circle', 'Garrison', '210555996-4', 'gsallery1c@spiegel.de', 'ullamcorper purus sit amet nulla quisque arcu libero rutrum ac lobortis');
insert into ORDER3D (id, created_at, updated_at, total_amount, order_track_id, order_state, company_name, name, city, district, district2, mobile_number, email, notes) values ('87c3451c-8289-469d-9cf5-9ee4793a9c52', '11/3/2019', null, '293.85', '278283077-5', 'DELIVERED', 'Flipopia', 'Lucrèce', 'Palmira', '701 Bayside Avenue', 'Mendota', '493848515-X', 'abentz1d@w3.org', 'fermentum justo nec condimentum neque sapien placerat ante nulla justo aliquam quis turpis eget elit sodales scelerisque');
insert into ORDER3D (id, created_at, updated_at, total_amount, order_track_id, order_state, company_name, name, city, district, district2, mobile_number, email, notes) values ('2b8c6edb-5ad8-415d-9427-9f976fb9cc40', '4/3/2019', null, '341.17', '083297534-6', 'DELIVERED', 'Yakidoo', 'Ophélie', 'Šumperk', '107 Banding Crossing', 'Stang', '058908130-6', 'rmedlicott1e@ow.ly', 'condimentum neque sapien placerat ante nulla justo aliquam quis turpis eget');
insert into ORDER3D (id, created_at, updated_at, total_amount, order_track_id, order_state, company_name, name, city, district, district2, mobile_number, email, notes) values ('9c4fb898-47db-4185-8af3-a03793f5c8f5', '10/25/2019', '3/11/2019', '539.59', '975929330-7', 'RECEIVED', 'Viva', 'Nadège', 'Chaiyaphum', '073 Clove Street', 'American Ash', '819568874-8', 'rbougourd1f@noaa.gov', 'id lobortis convallis tortor risus dapibus augue vel accumsan tellus nisi eu orci mauris lacinia sapien quis libero nullam sit');
insert into ORDER3D (id, created_at, updated_at, total_amount, order_track_id, order_state, company_name, name, city, district, district2, mobile_number, email, notes) values ('93889c9e-ed3b-47f9-b480-be9b962c60d0', '3/2/2019', null, '525.15', '485561625-7', 'COMPLETED', 'Skyble', 'Zhì', 'Tongyangdao', '7939 West Center', 'Lunder', '517431038-7', 'adreng1g@hud.gov', 'elit ac nulla sed vel enim sit amet nunc viverra dapibus nulla suscipit ligula in');
insert into ORDER3D (id, created_at, updated_at, total_amount, order_track_id, order_state, company_name, name, city, district, district2, mobile_number, email, notes) values ('b07fab6f-89c8-42ac-b8f9-cb031f0c0011', '1/29/2020', null, '628.48', '693142815-2', 'SHIPPED', 'Tazz', 'Maëlyss', 'El Cacao', '00441 Myrtle Trail', 'Northport', '145947736-7', 'gsayers1h@independent.co.uk', 'convallis tortor risus dapibus augue vel accumsan tellus nisi eu orci mauris lacinia');
insert into ORDER3D (id, created_at, updated_at, total_amount, order_track_id, order_state, company_name, name, city, district, district2, mobile_number, email, notes) values ('4f9e44a7-7612-4cc0-b7ee-fed9282155fa', '11/4/2019', null, '642.40', '003385337-1', 'RECEIVED', 'Pixope', 'Maëlys', 'Klášter', '36 Cody Pass', 'Grover', '973759967-5', 'omockes1i@joomla.org', 'eu tincidunt in leo maecenas pulvinar lobortis est phasellus sit amet erat nulla tempus vivamus in');
insert into ORDER3D (id, created_at, updated_at, total_amount, order_track_id, order_state, company_name, name, city, district, district2, mobile_number, email, notes) values ('6c45b45c-eea3-427e-b5cd-636b19667182', '2/24/2019', null, '262.31', '761683491-4', 'DELIVERED', 'Voonder', 'Mylène', 'Omu Aran', '1 Heath Place', 'Meadow Valley', '487518926-5', 'cplinck1j@blogger.com', 'sed augue aliquam erat volutpat in congue etiam justo etiam pretium iaculis justo in hac habitasse');
insert into ORDER3D (id, created_at, updated_at, total_amount, order_track_id, order_state, company_name, name, city, district, district2, mobile_number, email, notes) values ('9ac7c9fc-349f-4cb2-8945-e79a63ee11d7', '1/1/2020', null, '260.55', '755375279-7', 'RECEIVED', 'Voonix', 'Judicaël', 'Chicago', '54 Tennessee Terrace', 'Bluejay', '370703994-3', 'msodory1k@irs.gov', 'odio elementum eu interdum eu tincidunt in leo maecenas pulvinar lobortis est phasellus');
insert into ORDER3D (id, created_at, updated_at, total_amount, order_track_id, order_state, company_name, name, city, district, district2, mobile_number, email, notes) values ('09c624e4-be2f-4037-849d-857e2b2b4ef2', '9/30/2019', null, '386.16', '459801966-2', 'COMPLETED', 'Wikibox', 'Réjane', 'Camargo', '77740 Arizona Court', 'Hoard', '175600208-8', 'mandri1l@tinypic.com', 'risus auctor sed tristique in tempus sit amet sem fusce consequat nulla nisl nunc nisl duis bibendum felis sed');
insert into ORDER3D (id, created_at, updated_at, total_amount, order_track_id, order_state, company_name, name, city, district, district2, mobile_number, email, notes) values ('bb8b252e-31d5-4e54-8860-fbb73fc23e91', '5/30/2019', null, '238.52', '196659676-6', 'COMPLETED', 'Skipfire', 'Måns', 'Novoderevyankovskaya', '0704 Armistice Plaza', 'Calypso', '459440119-8', 'gruffle1m@cloudflare.com', 'luctus rutrum nulla tellus in sagittis dui vel nisl duis ac nibh fusce lacus purus aliquet at feugiat');
insert into ORDER3D (id, created_at, updated_at, total_amount, order_track_id, order_state, company_name, name, city, district, district2, mobile_number, email, notes) values ('565dd346-2842-4dbe-9d68-104292f7b6bc', '2/22/2019', '2/6/2020', '897.24', '516738097-9', 'COMPLETED', 'Twinder', 'Clélia', 'Yancheng', '200 Anderson Trail', 'Basil', '375806064-8', 'csketcher1n@diigo.com', 'congue vivamus metus arcu adipiscing molestie hendrerit at vulputate vitae nisl aenean lectus pellentesque eget nunc donec quis orci eget');
insert into ORDER3D (id, created_at, updated_at, total_amount, order_track_id, order_state, company_name, name, city, district, district2, mobile_number, email, notes) values ('15c92c2f-74a9-4a7e-b148-8ef0b81d3a60', '7/24/2019', null, '123.19', '351261969-X', 'SHIPPED', 'Zoombeat', 'Simplifiés', 'Miranda', '0 Randy Junction', 'Corben', '097480268-9', 'scousans1o@gravatar.com', 'nunc commodo placerat praesent blandit nam nulla integer pede justo lacinia eget tincidunt eget tempus vel pede');
insert into ORDER3D (id, created_at, updated_at, total_amount, order_track_id, order_state, company_name, name, city, district, district2, mobile_number, email, notes) values ('456b7eff-b89b-4be9-94f2-7c9de0b9120b', '8/15/2019', '5/4/2019', '960.67', '889094925-2', 'COMPLETED', 'Oba', 'Frédérique', 'Jieshou', '2 Glendale Terrace', 'Lien', '492169091-X', 'jride1p@eventbrite.com', 'erat eros viverra eget congue eget semper rutrum nulla nunc purus phasellus in felis donec semper');
insert into ORDER3D (id, created_at, updated_at, total_amount, order_track_id, order_state, company_name, name, city, district, district2, mobile_number, email, notes) values ('d5c635df-5157-433a-8c1e-aa5fb30254fd', '12/19/2019', null, '325.16', '118518199-7', 'IN_PROGRESS', 'Divape', 'Méng', 'Severoural’sk', '20 Longview Junction', 'Acker', '103360514-X', 'jbudleigh1q@twitpic.com', 'at velit eu est congue elementum in hac habitasse platea dictumst morbi vestibulum velit id pretium iaculis diam');
insert into ORDER3D (id, created_at, updated_at, total_amount, order_track_id, order_state, company_name, name, city, district, district2, mobile_number, email, notes) values ('cabfc540-0135-44dc-a442-56789f039b9b', '10/4/2019', null, '223.75', '922892944-8', 'IN_PROGRESS', 'Bubblemix', 'Séréna', 'Nai Harn', '685 Service Terrace', 'Vera', '180987139-5', 'rclatworthy1r@vistaprint.com', 'varius integer ac leo pellentesque ultrices mattis odio donec vitae nisi nam ultrices libero');
insert into ORDER3D (id, created_at, updated_at, total_amount, order_track_id, order_state, company_name, name, city, district, district2, mobile_number, email, notes) values ('718e54d8-fbea-4deb-8eb1-065b43148404', '6/25/2019', null, '785.99', '780926381-1', 'IN_PROGRESS', 'Realpoint', 'Régine', 'Biao', '4 Eagan Avenue', 'Crownhardt', '963420336-1', 'rbulch1s@msu.edu', 'ut volutpat sapien arcu sed augue aliquam erat volutpat in congue etiam justo etiam pretium');
insert into ORDER3D (id, created_at, updated_at, total_amount, order_track_id, order_state, company_name, name, city, district, district2, mobile_number, email, notes) values ('0d492601-f691-4b39-9701-ed32379eb6c9', '1/7/2020', '4/17/2019', '709.19', '137828131-4', 'DELIVERED', 'Kwimbee', 'Östen', 'Iktābah', '5866 Veith Plaza', '2nd', '809027833-7', 'bbaudin1t@flickr.com', 'odio curabitur convallis duis consequat dui nec nisi volutpat eleifend donec ut dolor morbi vel lectus in quam');
insert into ORDER3D (id, created_at, updated_at, total_amount, order_track_id, order_state, company_name, name, city, district, district2, mobile_number, email, notes) values ('fb222b06-0ef3-4b38-a19b-435d61e85947', '6/20/2019', null, '906.47', '293330739-1', 'RECEIVED', 'Kanoodle', 'Lorène', 'Jetis', '4 Fair Oaks Circle', 'Pawling', '491381539-3', 'ebenini1u@yellowbook.com', 'gravida nisi at nibh in hac habitasse platea dictumst aliquam augue quam sollicitudin vitae consectetuer eget');
insert into ORDER3D (id, created_at, updated_at, total_amount, order_track_id, order_state, company_name, name, city, district, district2, mobile_number, email, notes) values ('907cc052-ea66-48da-a298-03a2aa4af723', '11/18/2019', '8/28/2019', '155.96', '468611514-0', 'COMPLETED', 'Vitz', 'Méthode', 'Waegwan', '39 Nelson Point', 'Charing Cross', '834930294-1', 'chame1v@dion.ne.jp', 'nunc commodo placerat praesent blandit nam nulla integer pede justo lacinia eget');
insert into ORDER3D (id, created_at, updated_at, total_amount, order_track_id, order_state, company_name, name, city, district, district2, mobile_number, email, notes) values ('a7b4e3f2-b2a5-48ff-9dc1-efde0bf212c9', '7/27/2019', '4/18/2019', '181.84', '754384342-0', 'COMPLETED', 'Twitterworks', 'Adélaïde', 'Mosteiros', '56 Hoffman Road', 'Lake View', '899873866-X', 'hivins1w@archive.org', 'in eleifend quam a odio in hac habitasse platea dictumst maecenas ut massa quis augue luctus tincidunt');
insert into ORDER3D (id, created_at, updated_at, total_amount, order_track_id, order_state, company_name, name, city, district, district2, mobile_number, email, notes) values ('c3f51b32-812a-42dc-8d64-c204e2da4086', '12/9/2019', '6/9/2019', '973.50', '108012265-6', 'DELIVERED', 'Kayveo', 'Yénora', 'Lidečko', '03355 Alpine Court', 'Acker', '642921397-8', 'cranklin1x@canalblog.com', 'orci eget orci vehicula condimentum curabitur in libero ut massa volutpat convallis morbi odio odio elementum');
insert into ORDER3D (id, created_at, updated_at, total_amount, order_track_id, order_state, company_name, name, city, district, district2, mobile_number, email, notes) values ('8dbd9300-bfc7-42de-86a5-5da99b1c6f1f', '4/7/2019', '11/23/2019', '455.71', '385967912-0', 'SHIPPED', 'Pixope', 'Méghane', 'Armação', '907 Eliot Park', 'Dexter', '047776546-7', 'amichieli1y@ibm.com', 'fermentum donec ut mauris eget massa tempor convallis nulla neque libero convallis eget eleifend luctus ultricies eu nibh');
insert into ORDER3D (id, created_at, updated_at, total_amount, order_track_id, order_state, company_name, name, city, district, district2, mobile_number, email, notes) values ('31e037d3-2267-4643-a39e-49d4cf058ae6', '11/22/2019', null, '439.59', '179280517-9', 'IN_PROGRESS', 'Tagfeed', 'Cléopatre', 'Bakung', '1342 Elka Junction', 'Rockefeller', '529130876-1', 'ccruces1z@hud.gov', 'bibendum felis sed interdum venenatis turpis enim blandit mi in porttitor pede');
insert into ORDER3D (id, created_at, updated_at, total_amount, order_track_id, order_state, company_name, name, city, district, district2, mobile_number, email, notes) values ('66bfa2ce-551a-436f-8322-a988b1791059', '9/16/2019', null, '771.55', '714948740-8', 'COMPLETED', 'Skimia', 'Marie-françoise', 'Chincha Baja', '6 Derek Court', 'Manitowish', '526316613-3', 'gtaplow20@tinyurl.com', 'cursus urna ut tellus nulla ut erat id mauris vulputate elementum nullam varius nulla facilisi cras non velit');
insert into ORDER3D (id, created_at, updated_at, total_amount, order_track_id, order_state, company_name, name, city, district, district2, mobile_number, email, notes) values ('b91ecba5-b822-4552-8bc0-ceef87125a34', '10/28/2019', null, '212.70', '645697699-5', 'IN_PROGRESS', 'Mycat', 'Miléna', 'Qiganjidie', '12 Hansons Pass', 'Corry', '623481249-X', 'njacobi21@ow.ly', 'consectetuer adipiscing elit proin interdum mauris non ligula pellentesque ultrices phasellus id sapien in sapien iaculis');
insert into ORDER3D (id, created_at, updated_at, total_amount, order_track_id, order_state, company_name, name, city, district, district2, mobile_number, email, notes) values ('31d60b17-1daa-4d90-8d8e-bf3f3cd9becb', '5/13/2019', null, '729.99', '646777659-3', 'IN_PROGRESS', 'Oyope', 'Daphnée', 'Macha', '1072 Shasta Crossing', 'Oak', '470141629-0', 'dgedge22@nhs.uk', 'ut tellus nulla ut erat id mauris vulputate elementum nullam varius nulla facilisi cras non velit nec nisi vulputate');
insert into ORDER3D (id, created_at, updated_at, total_amount, order_track_id, order_state, company_name, name, city, district, district2, mobile_number, email, notes) values ('28b987da-50d5-4935-805f-5a0a7acb7fec', '9/29/2019', '1/20/2020', '163.21', '025055392-9', 'SHIPPED', 'Jaxworks', 'Personnalisée', 'Māmūnīyeh', '2 Corben Hill', 'Dahle', '931521553-2', 'cfullard23@theglobeandmail.com', 'et eros vestibulum ac est lacinia nisi venenatis tristique fusce congue diam id ornare imperdiet sapien urna pretium nisl');
insert into ORDER3D (id, created_at, updated_at, total_amount, order_track_id, order_state, company_name, name, city, district, district2, mobile_number, email, notes) values ('ff4bb2c5-1ec9-4a8f-ae84-ca29cb34599d', '11/18/2019', '11/11/2019', '980.30', '712096315-5', 'DELIVERED', 'Realblab', 'Marie-hélène', 'Portarlington', '9 Golf Crossing', 'Dakota', '018528133-8', 'ccaress24@indiatimes.com', 'vulputate nonummy maecenas tincidunt lacus at velit vivamus vel nulla eget eros elementum pellentesque quisque porta volutpat');
insert into ORDER3D (id, created_at, updated_at, total_amount, order_track_id, order_state, company_name, name, city, district, district2, mobile_number, email, notes) values ('cd01a1e3-d29a-4cd9-be2f-bb6307a2bc06', '1/1/2020', '11/21/2019', '712.09', '625024895-1', 'IN_PROGRESS', 'Tekfly', 'Jú', 'El Paso', '4219 Main Circle', 'Jenifer', '189151857-7', 'driglesford25@netscape.com', 'in felis eu sapien cursus vestibulum proin eu mi nulla ac enim in tempor turpis');
insert into ORDER3D (id, created_at, updated_at, total_amount, order_track_id, order_state, company_name, name, city, district, district2, mobile_number, email, notes) values ('978a28a7-295e-4f42-836a-476468edbd3f', '5/26/2019', '9/11/2019', '450.64', '452278973-4', 'COMPLETED', 'Npath', 'Angèle', 'Bairro', '85364 Colorado Avenue', 'Utah', '691869931-8', 'veberz26@home.pl', 'porttitor lorem id ligula suspendisse ornare consequat lectus in est risus');
insert into ORDER3D (id, created_at, updated_at, total_amount, order_track_id, order_state, company_name, name, city, district, district2, mobile_number, email, notes) values ('4b24ccd3-39fe-44a7-8bf8-f4e82e85119e', '4/17/2019', null, '623.67', '116974226-2', 'RECEIVED', 'Gigaclub', 'Cécile', 'Zhoukou', '96781 Hudson Parkway', 'Spohn', '553672436-3', 'hfrodsam27@geocities.jp', 'convallis tortor risus dapibus augue vel accumsan tellus nisi eu orci mauris lacinia sapien quis libero');
insert into ORDER3D (id, created_at, updated_at, total_amount, order_track_id, order_state, company_name, name, city, district, district2, mobile_number, email, notes) values ('ae28dcaa-2aa6-4cb3-91a0-19575b3010bb', '10/4/2019', '1/13/2020', '203.72', '961124276-X', 'IN_PROGRESS', 'Oodoo', 'Loïs', 'Facatativá', '97331 8th Alley', 'Pennsylvania', '493158418-7', 'milliston28@guardian.co.uk', 'libero non mattis pulvinar nulla pede ullamcorper augue a suscipit');
insert into ORDER3D (id, created_at, updated_at, total_amount, order_track_id, order_state, company_name, name, city, district, district2, mobile_number, email, notes) values ('ad9f1684-19de-4ce2-9f07-feb362f95e91', '1/27/2020', '4/29/2019', '501.13', '733935669-X', 'DELIVERED', 'Wikivu', 'Bécassine', 'Gapan', '12 Rutledge Place', 'Mcguire', '459442323-X', 'falgar29@thetimes.co.uk', 'molestie hendrerit at vulputate vitae nisl aenean lectus pellentesque eget nunc donec quis orci');
insert into ORDER3D (id, created_at, updated_at, total_amount, order_track_id, order_state, company_name, name, city, district, district2, mobile_number, email, notes) values ('19db2afb-236b-4527-b1b6-c53ab7f5c85e', '6/12/2019', '6/24/2019', '643.73', '905992815-6', 'IN_PROGRESS', 'Brainbox', 'Angélique', 'La Palma', '7543 Russell Plaza', 'Lawn', '608828068-9', 'nguyton2a@yolasite.com', 'morbi vel lectus in quam fringilla rhoncus mauris enim leo rhoncus sed vestibulum sit amet cursus id turpis integer aliquet');
insert into ORDER3D (id, created_at, updated_at, total_amount, order_track_id, order_state, company_name, name, city, district, district2, mobile_number, email, notes) values ('17936c9f-eb27-41d8-b9a8-67f8aa3ca6af', '2/10/2020', '6/24/2019', '584.63', '722630502-X', 'RECEIVED', 'Abatz', 'Méng', 'Jiebu', '291 Fairview Road', 'Farwell', '798125793-X', 'aacomb2b@usa.gov', 'eros suspendisse accumsan tortor quis turpis sed ante vivamus tortor duis mattis egestas metus aenean');
insert into ORDER3D (id, created_at, updated_at, total_amount, order_track_id, order_state, company_name, name, city, district, district2, mobile_number, email, notes) values ('b3ab5139-80c5-4833-b6eb-78cb0c6e3db9', '3/4/2019', '4/12/2019', '200.38', '000724278-6', 'SHIPPED', 'Yoveo', 'Gwenaëlle', 'Lahishyn', '1932 Loeprich Circle', 'Granby', '270007767-9', 'inoke2c@xinhuanet.com', 'in est risus auctor sed tristique in tempus sit amet sem fusce consequat nulla');
insert into ORDER3D (id, created_at, updated_at, total_amount, order_track_id, order_state, company_name, name, city, district, district2, mobile_number, email, notes) values ('e60960c4-ae6c-4487-98c3-5a1c94df7053', '5/18/2019', null, '537.87', '412729867-7', 'SHIPPED', 'Gigabox', 'Renée', 'Estoi', '69 Garrison Park', 'Melody', '663805594-1', 'mdrinan2d@sakura.ne.jp', 'sed interdum venenatis turpis enim blandit mi in porttitor pede justo eu');
insert into ORDER3D (id, created_at, updated_at, total_amount, order_track_id, order_state, company_name, name, city, district, district2, mobile_number, email, notes) values ('463f37f0-70a8-4a63-a073-294911f5a0e3', '8/23/2019', '5/2/2019', '684.49', '717809766-3', 'RECEIVED', 'Wordpedia', 'Lyséa', 'Banyubang', '02576 Katie Trail', 'Harbort', '116990664-8', 'mreburn2e@google.com', 'lacinia aenean sit amet justo morbi ut odio cras mi pede malesuada in imperdiet et commodo');
insert into ORDER3D (id, created_at, updated_at, total_amount, order_track_id, order_state, company_name, name, city, district, district2, mobile_number, email, notes) values ('3622751b-a848-43c4-898e-26bc4a5106e9', '7/30/2019', null, '721.72', '240663145-1', 'IN_PROGRESS', 'Linklinks', 'Marlène', 'Chigorodó', '781 Pleasure Lane', 'Morningstar', '900542732-9', 'cjenk2f@seattletimes.com', 'quis lectus suspendisse potenti in eleifend quam a odio in hac habitasse platea dictumst maecenas ut massa quis');
insert into ORDER3D (id, created_at, updated_at, total_amount, order_track_id, order_state, company_name, name, city, district, district2, mobile_number, email, notes) values ('a590240a-672e-4ed3-b7d9-b1f95c05ff5a', '12/16/2019', '1/22/2020', '124.70', '567282974-0', 'DELIVERED', 'Pixoboo', 'Lucrèce', 'Paris 06', '1626 Mitchell Crossing', 'Delladonna', '140331744-5', 'lscholtz2g@wired.com', 'et eros vestibulum ac est lacinia nisi venenatis tristique fusce congue diam id ornare');
insert into ORDER3D (id, created_at, updated_at, total_amount, order_track_id, order_state, company_name, name, city, district, district2, mobile_number, email, notes) values ('270b1144-4f18-48e2-aab9-b83888395f1f', '5/27/2019', null, '186.73', '671179806-6', 'DELIVERED', 'Twimm', 'Annotée', 'A dos Negros', '7953 Northland Avenue', 'Linden', '151023173-0', 'mmellody2h@slashdot.org', 'dapibus nulla suscipit ligula in lacus curabitur at ipsum ac tellus semper interdum mauris ullamcorper purus sit amet');
insert into ORDER3D (id, created_at, updated_at, total_amount, order_track_id, order_state, company_name, name, city, district, district2, mobile_number, email, notes) values ('b23363c4-ff3e-4bc3-80af-0d74fd9cf927', '10/14/2019', null, '975.26', '956201637-4', 'SHIPPED', 'Bubblemix', 'Daphnée', 'Cikananga', '106 Hazelcrest Parkway', 'Hoard', '619975598-7', 'eturn2i@istockphoto.com', 'suspendisse accumsan tortor quis turpis sed ante vivamus tortor duis mattis');
insert into ORDER3D (id, created_at, updated_at, total_amount, order_track_id, order_state, company_name, name, city, district, district2, mobile_number, email, notes) values ('e5c189eb-3858-4d88-b1ac-c68e2304a183', '6/7/2019', null, '349.02', '557372862-8', 'RECEIVED', 'Rhybox', 'Mélinda', 'Jungkat Selatan', '5 Becker Plaza', 'Petterle', '920564292-4', 'cpellitt2j@youku.com', 'faucibus orci luctus et ultrices posuere cubilia curae duis faucibus accumsan odio curabitur convallis duis consequat dui nec');
insert into ORDER3D (id, created_at, updated_at, total_amount, order_track_id, order_state, company_name, name, city, district, district2, mobile_number, email, notes) values ('3405d9b9-2a62-41b8-8c3c-19bda839dcd8', '10/3/2019', '10/7/2019', '549.02', '248852400-X', 'RECEIVED', 'Dynazzy', 'Marylène', 'Qiagai', '4182 Columbus Avenue', 'Bultman', '968869645-5', 'ahotton2k@unicef.org', 'turpis elementum ligula vehicula consequat morbi a ipsum integer a');
insert into ORDER3D (id, created_at, updated_at, total_amount, order_track_id, order_state, company_name, name, city, district, district2, mobile_number, email, notes) values ('bc2d0979-cf3e-4656-a62a-4d8cded54dbe', '9/24/2019', '7/5/2019', '820.18', '996399165-3', 'SHIPPED', 'Latz', 'Maëlys', 'Log', '2 Morningstar Hill', 'Bellgrove', '233401419-2', 'hlibbie2l@census.gov', 'volutpat erat quisque erat eros viverra eget congue eget semper rutrum nulla nunc');
insert into ORDER3D (id, created_at, updated_at, total_amount, order_track_id, order_state, company_name, name, city, district, district2, mobile_number, email, notes) values ('5714147b-bc09-4986-a80c-35fc38014a6b', '5/20/2019', null, '529.51', '789349187-6', 'COMPLETED', 'Aimbu', 'Eloïse', '‘Afula ‘Illit', '6311 Briar Crest Trail', 'Kedzie', '045166432-9', 'cgrahame2m@ustream.tv', 'erat fermentum justo nec condimentum neque sapien placerat ante nulla justo aliquam quis turpis eget elit sodales scelerisque');
insert into ORDER3D (id, created_at, updated_at, total_amount, order_track_id, order_state, company_name, name, city, district, district2, mobile_number, email, notes) values ('d1f65af9-db5a-4389-a650-c1a63dd68f68', '9/30/2019', null, '928.43', '244542595-6', 'SHIPPED', 'Oozz', 'Laurélie', 'Buenavista', '7028 Mosinee Plaza', 'Banding', '054331894-X', 'yhubbold2n@bbc.co.uk', 'vulputate ut ultrices vel augue vestibulum ante ipsum primis in faucibus');
insert into ORDER3D (id, created_at, updated_at, total_amount, order_track_id, order_state, company_name, name, city, district, district2, mobile_number, email, notes) values ('860f6ffe-ffd8-4345-b9a6-e010ffe7ac1e', '2/20/2019', null, '764.89', '899348829-0', 'COMPLETED', 'Flipstorm', 'Zhì', 'Havana', '951 Sugar Crossing', 'Commercial', '159194753-7', 'gmager2o@cnbc.com', 'nulla neque libero convallis eget eleifend luctus ultricies eu nibh quisque id justo');
insert into ORDER3D (id, created_at, updated_at, total_amount, order_track_id, order_state, company_name, name, city, district, district2, mobile_number, email, notes) values ('cebd8062-0e82-4239-afe9-763512893f2f', '11/10/2019', null, '613.12', '502801445-0', 'IN_PROGRESS', 'Jetwire', 'Tán', 'Várzeas', '10613 Lunder Center', '7th', '645790401-7', 'jjollie2p@alibaba.com', 'ipsum primis in faucibus orci luctus et ultrices posuere cubilia curae mauris viverra diam vitae quam suspendisse');
insert into ORDER3D (id, created_at, updated_at, total_amount, order_track_id, order_state, company_name, name, city, district, district2, mobile_number, email, notes) values ('d30c6d1a-416f-47f5-9c9f-b6b85f76fe68', '2/8/2020', null, '251.28', '688170056-3', 'SHIPPED', 'Chatterpoint', 'Marie-ève', 'Owando', '9 Parkside Park', 'Linden', '859532354-2', 'tboays2q@hc360.com', 'ipsum primis in faucibus orci luctus et ultrices posuere cubilia curae mauris viverra diam vitae');
insert into ORDER3D (id, created_at, updated_at, total_amount, order_track_id, order_state, company_name, name, city, district, district2, mobile_number, email, notes) values ('0ed641f9-ed94-45df-a461-5b5818a95e33', '6/20/2019', null, '662.72', '670593998-2', 'IN_PROGRESS', 'Skiba', 'Régine', 'Senador Canedo', '80213 Lillian Center', 'Schurz', '730466129-1', 'eslaughter2r@latimes.com', 'odio porttitor id consequat in consequat ut nulla sed accumsan');
insert into ORDER3D (id, created_at, updated_at, total_amount, order_track_id, order_state, company_name, name, city, district, district2, mobile_number, email, notes) values ('f1d9ee1a-9563-4108-97a8-7f5c70ceda6e', '11/27/2019', '1/6/2020', '702.52', '246907319-7', 'IN_PROGRESS', 'Thoughtsphere', 'Séverine', 'Ko Pha Ngan', '617 Bellgrove Terrace', 'Sommers', '449182683-8', 'dheindl2s@nyu.edu', 'in sagittis dui vel nisl duis ac nibh fusce lacus purus aliquet at feugiat non pretium quis lectus suspendisse potenti');
insert into ORDER3D (id, created_at, updated_at, total_amount, order_track_id, order_state, company_name, name, city, district, district2, mobile_number, email, notes) values ('fe83c0d4-cd95-49e4-8dcb-154d73623200', '4/16/2019', '6/30/2019', '962.51', '241690310-1', 'COMPLETED', 'Zooveo', 'Mégane', 'Limbalod', '9 Center Lane', 'Bultman', '043385476-6', 'molivello2t@reuters.com', 'donec ut mauris eget massa tempor convallis nulla neque libero convallis eget eleifend luctus ultricies eu nibh quisque id justo');
insert into ORDER3D (id, created_at, updated_at, total_amount, order_track_id, order_state, company_name, name, city, district, district2, mobile_number, email, notes) values ('597336c4-14ca-4197-9b78-a23dec2a4873', '7/23/2019', null, '585.49', '922533010-3', 'COMPLETED', 'Dazzlesphere', 'Méghane', 'Tawangsari', '756 Bobwhite Place', 'Jenna', '023667374-2', 'ksteven2u@aboutads.info', 'orci luctus et ultrices posuere cubilia curae nulla dapibus dolor vel est');
insert into ORDER3D (id, created_at, updated_at, total_amount, order_track_id, order_state, company_name, name, city, district, district2, mobile_number, email, notes) values ('2549dfd2-aeff-4c31-b0cf-e42603b76f6c', '5/1/2019', '6/24/2019', '351.41', '498149708-3', 'RECEIVED', 'Innojam', 'Alizée', 'Dacudao', '8690 Weeping Birch Terrace', 'Crescent Oaks', '468935210-0', 'dlyffe2v@hao123.com', 'libero convallis eget eleifend luctus ultricies eu nibh quisque id');
insert into ORDER3D (id, created_at, updated_at, total_amount, order_track_id, order_state, company_name, name, city, district, district2, mobile_number, email, notes) values ('defb3ecc-1d84-4721-95ca-7f561e57143e', '12/29/2019', '9/20/2019', '803.66', '931980332-3', 'RECEIVED', 'Topicblab', 'Thérèse', 'Ise', '57 School Junction', 'Daystar', '072020031-8', 'sdeeves2w@homestead.com', 'cursus urna ut tellus nulla ut erat id mauris vulputate elementum nullam varius nulla facilisi cras non');
insert into ORDER3D (id, created_at, updated_at, total_amount, order_track_id, order_state, company_name, name, city, district, district2, mobile_number, email, notes) values ('f97a6fd4-d073-4637-ad75-7cede835e689', '6/14/2019', '7/1/2019', '616.05', '630140723-7', 'SHIPPED', 'Dynabox', 'Uò', 'Concepción', '209 Namekagon Drive', 'Valley Edge', '958334141-X', 'tsholem2x@independent.co.uk', 'vitae ipsum aliquam non mauris morbi non lectus aliquam sit amet diam in magna bibendum imperdiet nullam orci');
insert into ORDER3D (id, created_at, updated_at, total_amount, order_track_id, order_state, company_name, name, city, district, district2, mobile_number, email, notes) values ('c7d275db-feb8-4658-a430-e8a6ed90ea3f', '1/15/2020', '8/15/2019', '782.81', '197595113-1', 'SHIPPED', 'Camido', 'Ophélie', 'Masākin', '55 Waywood Way', 'Vernon', '926735953-3', 'randersen2y@sciencedirect.com', 'libero nullam sit amet turpis elementum ligula vehicula consequat morbi a ipsum integer a nibh in quis justo');
insert into ORDER3D (id, created_at, updated_at, total_amount, order_track_id, order_state, company_name, name, city, district, district2, mobile_number, email, notes) values ('f93aac35-1392-445c-b72d-914666734f13', '10/16/2019', '11/7/2019', '528.17', '278613932-5', 'DELIVERED', 'Skiba', 'Rébecca', 'Fuxing', '545 Meadow Vale Street', 'Magdeline', '141713147-0', 'cnussii2z@com.com', 'augue a suscipit nulla elit ac nulla sed vel enim sit amet nunc viverra dapibus nulla');
insert into ORDER3D (id, created_at, updated_at, total_amount, order_track_id, order_state, company_name, name, city, district, district2, mobile_number, email, notes) values ('d1ffddf8-5299-4050-bd0a-ef6dd5c02dc4', '4/7/2019', '12/12/2019', '774.55', '013632493-2', 'IN_PROGRESS', 'Wordtune', 'Aloïs', 'Jeponkrajan', '2 Dawn Avenue', 'Bay', '302808908-4', 'viorns30@jimdo.com', 'in hac habitasse platea dictumst maecenas ut massa quis augue luctus tincidunt nulla');
insert into ORDER3D (id, created_at, updated_at, total_amount, order_track_id, order_state, company_name, name, city, district, district2, mobile_number, email, notes) values ('7e6c1ad2-0a9a-4ef0-8024-8c0740e796b3', '11/1/2019', '1/24/2020', '818.58', '645777959-X', 'RECEIVED', 'Jaloo', 'Gaétane', 'Thuận Nam', '721 Roth Pass', 'Fisk', '016122574-8', 'cevamy31@irs.gov', 'cras pellentesque volutpat dui maecenas tristique est et tempus semper est quam pharetra magna ac consequat metus sapien ut nunc');
insert into ORDER3D (id, created_at, updated_at, total_amount, order_track_id, order_state, company_name, name, city, district, district2, mobile_number, email, notes) values ('c715a808-d739-4976-8a89-c6fc36cd5c2e', '9/27/2019', '5/28/2019', '230.43', '455042822-8', 'DELIVERED', 'Photofeed', 'Maéna', 'Conel', '53 Schiller Center', 'Jana', '389420788-4', 'rhalifax32@t-online.de', 'neque vestibulum eget vulputate ut ultrices vel augue vestibulum ante ipsum primis in faucibus orci luctus et ultrices posuere cubilia');
insert into ORDER3D (id, created_at, updated_at, total_amount, order_track_id, order_state, company_name, name, city, district, district2, mobile_number, email, notes) values ('b150acde-0dc8-4c01-8ca0-27a72c705073', '12/27/2019', '8/27/2019', '300.17', '868833429-3', 'COMPLETED', 'Tagchat', 'Styrbjörn', 'Oakland', '48 Tennyson Junction', 'Nevada', '039103068-X', 'cklaussen33@lulu.com', 'egestas metus aenean fermentum donec ut mauris eget massa tempor convallis nulla neque libero convallis eget eleifend luctus');
insert into ORDER3D (id, created_at, updated_at, total_amount, order_track_id, order_state, company_name, name, city, district, district2, mobile_number, email, notes) values ('3403ec2c-2889-4207-b240-b869b31bf538', '9/28/2019', null, '650.23', '748014487-3', 'DELIVERED', 'Skinte', 'Frédérique', 'Hřebeč', '291 Kropf Place', 'Derek', '490346753-8', 'idavenhill34@wisc.edu', 'cubilia curae nulla dapibus dolor vel est donec odio justo sollicitudin ut suscipit a feugiat et eros vestibulum ac');
insert into ORDER3D (id, created_at, updated_at, total_amount, order_track_id, order_state, company_name, name, city, district, district2, mobile_number, email, notes) values ('2fe5b214-232e-4069-9b29-fac85e725278', '2/5/2020', '12/30/2019', '722.27', '460278452-6', 'COMPLETED', 'Brainsphere', 'Ruì', 'Xiaopu', '840 Stang Point', 'Pond', '637719065-4', 'dtheakston35@parallels.com', 'malesuada in imperdiet et commodo vulputate justo in blandit ultrices enim lorem ipsum dolor sit');
insert into ORDER3D (id, created_at, updated_at, total_amount, order_track_id, order_state, company_name, name, city, district, district2, mobile_number, email, notes) values ('2d64df0f-bf9e-4e69-bd3a-dc7cd4041233', '3/27/2019', null, '370.27', '147857213-2', 'COMPLETED', 'Realcube', 'Anaël', 'Mendez-Nuñez', '87006 Declaration Terrace', 'Fairview', '818337186-8', 'oellicott36@hostgator.com', 'eu interdum eu tincidunt in leo maecenas pulvinar lobortis est phasellus sit amet erat nulla tempus vivamus in');
insert into ORDER3D (id, created_at, updated_at, total_amount, order_track_id, order_state, company_name, name, city, district, district2, mobile_number, email, notes) values ('2cb9afb2-cc9f-435a-9cda-86be369310fd', '12/12/2019', '12/26/2019', '447.65', '336943338-9', 'SHIPPED', 'Oyoyo', 'Léandre', 'Ponta Grossa', '62 Grover Pass', 'Gina', '514486312-4', 'gsuddell37@wufoo.com', 'ac neque duis bibendum morbi non quam nec dui luctus rutrum nulla tellus in sagittis dui vel nisl duis ac');
insert into ORDER3D (id, created_at, updated_at, total_amount, order_track_id, order_state, company_name, name, city, district, district2, mobile_number, email, notes) values ('5fdbace9-8cfa-43d8-b41f-c602312fc331', '11/26/2019', '11/19/2019', '276.17', '188516396-7', 'IN_PROGRESS', 'Dablist', 'Séréna', 'Västanfjärd', '4 Westend Terrace', 'Merchant', '224664502-6', 'vegerton38@cnbc.com', 'donec diam neque vestibulum eget vulputate ut ultrices vel augue');
insert into ORDER3D (id, created_at, updated_at, total_amount, order_track_id, order_state, company_name, name, city, district, district2, mobile_number, email, notes) values ('833a9cb1-c51a-4461-8356-23925606870e', '3/4/2019', null, '219.57', '776573960-3', 'COMPLETED', 'Wikibox', 'Yóu', 'Tonoas Municipal Building', '44 Glacier Hill Crossing', 'New Castle', '252295316-8', 'abonnett39@ehow.com', 'nulla pede ullamcorper augue a suscipit nulla elit ac nulla sed vel enim sit amet nunc viverra dapibus');
insert into ORDER3D (id, created_at, updated_at, total_amount, order_track_id, order_state, company_name, name, city, district, district2, mobile_number, email, notes) values ('f1793b11-06b3-4a11-b28a-595abc4ffda6', '12/7/2019', '5/15/2019', '574.67', '939121498-3', 'SHIPPED', 'Jabbersphere', 'Mårten', 'Masons Bay', '5445 Gulseth Parkway', 'Acker', '047310435-0', 'bskotcher3a@slashdot.org', 'enim sit amet nunc viverra dapibus nulla suscipit ligula in lacus curabitur at');
insert into ORDER3D (id, created_at, updated_at, total_amount, order_track_id, order_state, company_name, name, city, district, district2, mobile_number, email, notes) values ('da8e3ef3-8b5a-4c90-b293-aa42ef56a6ce', '2/26/2019', null, '110.33', '230323744-0', 'COMPLETED', 'Linktype', 'Maëlla', 'Cadagmayan Norte', '12 Myrtle Point', 'Basil', '483548168-2', 'sbool3b@altervista.org', 'habitasse platea dictumst aliquam augue quam sollicitudin vitae consectetuer eget rutrum at');
insert into ORDER3D (id, created_at, updated_at, total_amount, order_track_id, order_state, company_name, name, city, district, district2, mobile_number, email, notes) values ('caa2ac24-96a3-44d1-aba4-773976afb2a4', '7/29/2019', '3/19/2019', '701.80', '697179749-3', 'IN_PROGRESS', 'Yakidoo', 'Hélène', 'Nikolayevskaya', '95594 Mayer Crossing', 'Shoshone', '364908984-X', 'ntevelov3c@live.com', 'suscipit a feugiat et eros vestibulum ac est lacinia nisi venenatis');
insert into ORDER3D (id, created_at, updated_at, total_amount, order_track_id, order_state, company_name, name, city, district, district2, mobile_number, email, notes) values ('b66a9ea2-626a-4100-a777-fd328927b530', '6/23/2019', '12/11/2019', '258.78', '685797294-X', 'DELIVERED', 'Kare', 'Sòng', 'Huaqiao', '73 Grayhawk Parkway', 'Trailsway', '380555529-6', 'vcraddock3d@sitemeter.com', 'sed augue aliquam erat volutpat in congue etiam justo etiam pretium iaculis justo in hac habitasse');
insert into ORDER3D (id, created_at, updated_at, total_amount, order_track_id, order_state, company_name, name, city, district, district2, mobile_number, email, notes) values ('fbe908ab-1dd3-4c90-b9a9-740aafa070a3', '11/14/2019', '5/11/2019', '137.84', '614200905-4', 'RECEIVED', 'Yombu', 'Noëlla', 'Karsin', '06 Crowley Terrace', 'Mcguire', '248288806-9', 'medkins3e@deliciousdays.com', 'at nibh in hac habitasse platea dictumst aliquam augue quam sollicitudin vitae consectetuer eget rutrum at lorem integer tincidunt');
insert into ORDER3D (id, created_at, updated_at, total_amount, order_track_id, order_state, company_name, name, city, district, district2, mobile_number, email, notes) values ('f20bbd9c-5817-4d79-bf45-937833e58b3a', '4/20/2019', null, '916.37', '743586062-X', 'SHIPPED', 'Eidel', 'Maï', 'Smålandsstenar', '99 Del Sol Street', 'Bluestem', '891722497-0', 'ttithacott3f@ted.com', 'proin at turpis a pede posuere nonummy integer non velit donec diam neque vestibulum eget vulputate ut ultrices vel augue');
insert into ORDER3D (id, created_at, updated_at, total_amount, order_track_id, order_state, company_name, name, city, district, district2, mobile_number, email, notes) values ('16a18e29-10a1-4eaf-a84d-a9d10ad54e7a', '8/26/2019', null, '570.56', '457164078-1', 'IN_PROGRESS', 'Twinte', 'Laïla', 'Kcynia', '4 Heffernan Trail', 'Melvin', '316407047-0', 'lmariotte3g@nifty.com', 'in quam fringilla rhoncus mauris enim leo rhoncus sed vestibulum sit amet cursus id');
insert into ORDER3D (id, created_at, updated_at, total_amount, order_track_id, order_state, company_name, name, city, district, district2, mobile_number, email, notes) values ('c32f0b56-ea23-456a-89da-8884f52999fb', '4/13/2019', '3/5/2019', '888.28', '194894475-8', 'RECEIVED', 'Leexo', 'Pò', 'Kristianstad', '303 Monterey Hill', 'Anzinger', '754641109-2', 'sdray3h@unicef.org', 'facilisi cras non velit nec nisi vulputate nonummy maecenas tincidunt lacus at velit vivamus');
insert into ORDER3D (id, created_at, updated_at, total_amount, order_track_id, order_state, company_name, name, city, district, district2, mobile_number, email, notes) values ('90eb4be9-7913-4ae6-b6ed-5e2e6177cffa', '11/23/2019', '1/8/2020', '362.49', '318848468-2', 'IN_PROGRESS', 'Skipstorm', 'Maëly', 'Mabilog', '8963 Thierer Drive', 'Elka', '148114884-2', 'cgallgher3i@360.cn', 'hac habitasse platea dictumst maecenas ut massa quis augue luctus tincidunt nulla mollis molestie lorem quisque');
insert into ORDER3D (id, created_at, updated_at, total_amount, order_track_id, order_state, company_name, name, city, district, district2, mobile_number, email, notes) values ('91bd5914-5f58-4112-85b1-4bb7feee0768', '6/21/2019', null, '978.39', '317417975-0', 'RECEIVED', 'Twiyo', 'Loïca', 'Dūrā al Qar‘', '7944 Novick Plaza', 'Manley', '326184912-6', 'chuey3j@webeden.co.uk', 'ut erat id mauris vulputate elementum nullam varius nulla facilisi cras non velit nec nisi vulputate nonummy');
insert into ORDER3D (id, created_at, updated_at, total_amount, order_track_id, order_state, company_name, name, city, district, district2, mobile_number, email, notes) values ('596a5214-7b65-487c-beac-e42ce86153d7', '4/29/2019', '6/7/2019', '260.53', '854307907-1', 'COMPLETED', 'Centizu', 'Cécile', 'Anyuan', '39395 Cambridge Terrace', 'Park Meadow', '187496542-0', 'clovering3k@dropbox.com', 'ipsum ac tellus semper interdum mauris ullamcorper purus sit amet nulla quisque arcu libero rutrum ac lobortis vel');
insert into ORDER3D (id, created_at, updated_at, total_amount, order_track_id, order_state, company_name, name, city, district, district2, mobile_number, email, notes) values ('5f145a84-3a5d-411b-b2f4-4a1547dc676a', '7/24/2019', null, '492.66', '572654694-6', 'IN_PROGRESS', 'Meevee', 'Maï', 'Belūsovka', '1 Dawn Park', 'Di Loreto', '421038277-9', 'kdurdle3l@linkedin.com', 'convallis eget eleifend luctus ultricies eu nibh quisque id justo sit');
insert into ORDER3D (id, created_at, updated_at, total_amount, order_track_id, order_state, company_name, name, city, district, district2, mobile_number, email, notes) values ('dace0f5a-d5b9-4578-af65-da8c8d310b59', '11/7/2019', null, '253.78', '578951764-1', 'DELIVERED', 'Dynabox', 'Intéressant', 'Ziroudani', '17340 Linden Street', 'Annamark', '262092917-2', 'dscown3m@woothemes.com', 'sollicitudin ut suscipit a feugiat et eros vestibulum ac est lacinia nisi venenatis tristique fusce');
insert into ORDER3D (id, created_at, updated_at, total_amount, order_track_id, order_state, company_name, name, city, district, district2, mobile_number, email, notes) values ('40bc2784-0766-495e-bb79-ca1058312f92', '11/20/2019', '10/18/2019', '894.43', '370404145-9', 'IN_PROGRESS', 'Tagtune', 'Lài', 'Bettendorf', '48 Trailsway Hill', 'Dapin', '141674687-0', 'kmcgeoch3n@bloomberg.com', 'nisl venenatis lacinia aenean sit amet justo morbi ut odio cras mi pede malesuada');
insert into ORDER3D (id, created_at, updated_at, total_amount, order_track_id, order_state, company_name, name, city, district, district2, mobile_number, email, notes) values ('0624c192-5402-40bf-bad0-2e61be5ad424', '12/27/2019', '11/11/2019', '160.05', '585143736-7', 'RECEIVED', 'Wordware', 'Mahélie', 'Kujang', '71116 Fuller Drive', 'Darwin', '706615932-2', 'gmutch3o@house.gov', 'vestibulum ac est lacinia nisi venenatis tristique fusce congue diam id ornare imperdiet sapien');
insert into ORDER3D (id, created_at, updated_at, total_amount, order_track_id, order_state, company_name, name, city, district, district2, mobile_number, email, notes) values ('9b47fff0-bda8-4d93-a8d3-4af380803dba', '11/29/2019', null, '343.90', '309091409-3', 'COMPLETED', 'Viva', 'Vérane', 'Bangad', '0 Merrick Trail', 'Division', '538929069-0', 'afeast3p@salon.com', 'non quam nec dui luctus rutrum nulla tellus in sagittis dui vel nisl duis ac nibh fusce');
insert into ORDER3D (id, created_at, updated_at, total_amount, order_track_id, order_state, company_name, name, city, district, district2, mobile_number, email, notes) values ('08107ce6-3e2e-4236-88c9-df85dc8c4a0a', '1/17/2020', null, '538.64', '897120008-1', 'COMPLETED', 'Mita', 'Magdalène', 'Jeżów', '61 Tennessee Terrace', 'Bobwhite', '637734912-2', 'hsurgison3q@usatoday.com', 'eros viverra eget congue eget semper rutrum nulla nunc purus');
insert into ORDER3D (id, created_at, updated_at, total_amount, order_track_id, order_state, company_name, name, city, district, district2, mobile_number, email, notes) values ('e4075cac-fb7d-447e-a2f5-412b8f6f2d76', '9/10/2019', '11/19/2019', '225.31', '532406122-0', 'COMPLETED', 'Gevee', 'Méthode', 'Bečmen', '9 Green Ridge Center', 'Kings', '470113786-3', 'amcness3r@cyberchimps.com', 'praesent blandit lacinia erat vestibulum sed magna at nunc commodo placerat praesent blandit nam nulla integer pede justo lacinia');
insert into ORDER3D (id, created_at, updated_at, total_amount, order_track_id, order_state, company_name, name, city, district, district2, mobile_number, email, notes) values ('27d9c695-7b14-4778-8c7b-0f7160e577f4', '2/6/2020', null, '214.79', '992694970-3', 'DELIVERED', 'Realbridge', 'Faîtes', 'Anren Chengguanzhen', '60 Northfield Drive', 'Chinook', '933048189-2', 'mtrussler3s@rediff.com', 'cras pellentesque volutpat dui maecenas tristique est et tempus semper est quam pharetra magna ac consequat metus sapien');
insert into ORDER3D (id, created_at, updated_at, total_amount, order_track_id, order_state, company_name, name, city, district, district2, mobile_number, email, notes) values ('95bb28d5-3430-4f80-9201-b480dda9c3cf', '1/3/2020', null, '122.01', '566352072-4', 'DELIVERED', 'Gabvine', 'Léa', 'Pasarkayu', '44 Erie Point', 'Hanson', '894214678-3', 'dmurrigans3t@google.de', 'neque duis bibendum morbi non quam nec dui luctus rutrum nulla tellus in sagittis dui');
insert into ORDER3D (id, created_at, updated_at, total_amount, order_track_id, order_state, company_name, name, city, district, district2, mobile_number, email, notes) values ('4bc2fb42-0fb9-42b0-a231-3880cd14d166', '5/6/2019', null, '734.94', '390601867-9', 'SHIPPED', 'Jetpulse', 'Lauréna', 'Washington', '1 Corry Circle', 'Huxley', '484021196-5', 'iandrosik3u@google.es', 'interdum mauris non ligula pellentesque ultrices phasellus id sapien in sapien iaculis congue vivamus metus arcu adipiscing');
insert into ORDER3D (id, created_at, updated_at, total_amount, order_track_id, order_state, company_name, name, city, district, district2, mobile_number, email, notes) values ('72215a0a-ced0-490e-b358-13ab966391ec', '4/26/2019', null, '838.14', '332548749-1', 'IN_PROGRESS', 'Zoomzone', 'Magdalène', 'Intendente Alvear', '99 Hauk Pass', 'Leroy', '941646991-2', 'mgoadbie3v@wix.com', 'odio curabitur convallis duis consequat dui nec nisi volutpat eleifend donec ut dolor morbi vel lectus in quam');
insert into ORDER3D (id, created_at, updated_at, total_amount, order_track_id, order_state, company_name, name, city, district, district2, mobile_number, email, notes) values ('fad5cb38-3000-451a-844d-22260ba4a129', '6/15/2019', '10/5/2019', '645.68', '013843228-7', 'IN_PROGRESS', 'Nlounge', 'Maïlis', 'Hawassa', '294 Forest Point', 'Summerview', '247842167-4', 'ktremayne3w@myspace.com', 'donec dapibus duis at velit eu est congue elementum in hac habitasse platea dictumst morbi vestibulum');
insert into ORDER3D (id, created_at, updated_at, total_amount, order_track_id, order_state, company_name, name, city, district, district2, mobile_number, email, notes) values ('a5a84912-1650-48ce-8501-814e5848e7ff', '11/4/2019', null, '450.99', '239555922-9', 'DELIVERED', 'Buzzdog', 'Gwenaëlle', 'Tân Trụ', '532 Dapin Way', 'Westport', '848427234-6', 'ududill3x@google.it', 'praesent id massa id nisl venenatis lacinia aenean sit amet');
insert into ORDER3D (id, created_at, updated_at, total_amount, order_track_id, order_state, company_name, name, city, district, district2, mobile_number, email, notes) values ('3a839412-f6ce-4d68-85a1-95af4c7cb3e4', '11/24/2019', '12/12/2019', '825.33', '698790490-1', 'RECEIVED', 'Avamm', 'Alizée', 'Tonggu', '22752 Lotheville Alley', 'Spaight', '029985209-1', 'tpostlewhite3y@youku.com', 'in sapien iaculis congue vivamus metus arcu adipiscing molestie hendrerit at vulputate vitae nisl aenean lectus pellentesque eget nunc donec');
insert into ORDER3D (id, created_at, updated_at, total_amount, order_track_id, order_state, company_name, name, city, district, district2, mobile_number, email, notes) values ('4f24d14d-4ed8-4a89-9e92-b478d8970fc8', '10/9/2019', null, '604.68', '379829811-4', 'DELIVERED', 'Quatz', 'Måns', 'Wuhao', '27 Golden Leaf Trail', 'Fieldstone', '356360533-5', 'gsneesbie3z@photobucket.com', 'integer ac neque duis bibendum morbi non quam nec dui luctus rutrum nulla');
insert into ORDER3D (id, created_at, updated_at, total_amount, order_track_id, order_state, company_name, name, city, district, district2, mobile_number, email, notes) values ('715e6914-80f9-4f35-8c5a-e059dca75dce', '10/14/2019', '1/24/2020', '479.74', '776975023-7', 'IN_PROGRESS', 'Tekfly', 'Aí', 'Liukou', '993 Gerald Street', 'Barby', '545006272-9', 'apettingill40@cbc.ca', 'lobortis convallis tortor risus dapibus augue vel accumsan tellus nisi eu');
insert into ORDER3D (id, created_at, updated_at, total_amount, order_track_id, order_state, company_name, name, city, district, district2, mobile_number, email, notes) values ('2ee528ce-c1b1-4e43-8199-7ea1d875d00b', '7/1/2019', '12/10/2019', '696.98', '452573587-2', 'DELIVERED', 'Centidel', 'Mélinda', 'Matagalpa', '3 Swallow Terrace', 'Washington', '435907119-1', 'dburnand41@posterous.com', 'ac leo pellentesque ultrices mattis odio donec vitae nisi nam ultrices libero non mattis pulvinar nulla pede ullamcorper augue a');
insert into ORDER3D (id, created_at, updated_at, total_amount, order_track_id, order_state, company_name, name, city, district, district2, mobile_number, email, notes) values ('00cdeed8-07b2-4ca8-9639-502d82fe69b5', '12/4/2019', null, '778.05', '149553305-0', 'SHIPPED', 'Abatz', 'Océane', 'Karabas', '3281 Northfield Park', 'Eliot', '006735409-2', 'rbooth42@lycos.com', 'neque sapien placerat ante nulla justo aliquam quis turpis eget elit');
insert into ORDER3D (id, created_at, updated_at, total_amount, order_track_id, order_state, company_name, name, city, district, district2, mobile_number, email, notes) values ('05b7f665-f9f5-4280-b60a-d66f81830238', '2/10/2020', '10/30/2019', '854.58', '088379083-1', 'IN_PROGRESS', 'Voonder', 'Andréa', 'Palcza', '3446 Sunfield Hill', 'Darwin', '719495421-4', 'lhargroves43@dell.com', 'vulputate elementum nullam varius nulla facilisi cras non velit nec nisi vulputate nonummy maecenas tincidunt lacus at velit vivamus');
insert into ORDER3D (id, created_at, updated_at, total_amount, order_track_id, order_state, company_name, name, city, district, district2, mobile_number, email, notes) values ('7d35a1fb-ed56-4f13-8bda-849c1219d339', '2/4/2020', '7/23/2019', '702.56', '078484946-3', 'DELIVERED', 'Agimba', 'Torbjörn', 'Resapombo', '0 School Trail', 'Kim', '594803633-2', 'mgiraudy44@github.com', 'sit amet consectetuer adipiscing elit proin risus praesent lectus vestibulum quam sapien varius ut blandit non');
insert into ORDER3D (id, created_at, updated_at, total_amount, order_track_id, order_state, company_name, name, city, district, district2, mobile_number, email, notes) values ('23875e77-5088-49ff-bf27-e6021f62b4cc', '8/18/2019', '3/13/2019', '861.62', '939630622-3', 'RECEIVED', 'Skinder', 'Eléa', 'Rangxi', '3 Scofield Alley', 'Buhler', '426168505-1', 'edabner45@mapy.cz', 'posuere cubilia curae duis faucibus accumsan odio curabitur convallis duis consequat dui nec nisi volutpat eleifend donec ut');
